<?xml version="1.0" encoding="UTF-8"?>
<kml xmlns="http://www.opengis.net/kml/2.2">
<Document>
<name>Piracicaba — Renda por bairro — 2000, 2010 e 2022</name>

<Placemark>
<name>Jardim Monumento</name>
<ExtendedData>
<Data name="CD_BAIRRO"><value>3538709046</value></Data>
<Data name="NM_BAIRRO"><value>Jardim Monumento</value></Data>
<Data name="2000"><value>1543.5513902681232</value></Data><Data name="2010"><value>3765.4246004169563</value></Data><Data name="2022"><value>4094.09</value></Data><Data name="delta 00 - 10"><value>1.4394552874348303</value></Data><Data name="delta 10 - 22"><value>0.08728508321389565</value></Data>
</ExtendedData>
<Style>
<LineStyle><color>ff666666</color><width>1</width></LineStyle>
<PolyStyle><color>4dcccccc</color></PolyStyle>
</Style>
<MultiGeometry><Polygon><outerBoundaryIs><LinearRing><coordinates>-47.662791099999936,-22.708954499999948,0 -47.66310579999998,-22.709400699999946,0 -47.663391399999966,-22.709906,0 -47.66368269999998,-22.710443599999962,0 -47.663945,-22.71095429999997,0 -47.66419559999997,-22.711475699999937,0 -47.66446949999994,-22.711991799999964,0 -47.66473169999995,-22.712524,0 -47.66506389999995,-22.713088399999947,0 -47.665314499999965,-22.713615199999936,0 -47.66540189999995,-22.71378729999998,0 -47.6656,-22.714147399999945,0 -47.66585639999994,-22.71470379999994,0 -47.66609649999998,-22.715184699999952,0 -47.66612489999994,-22.71521709999996,0 -47.66617809999997,-22.715277699999945,0 -47.666229499999986,-22.715217699999982,0 -47.66624809999996,-22.715206,0 -47.66629969999997,-22.715173599999957,0 -47.66648559999993,-22.71511449999997,0 -47.66762219999998,-22.714612399999965,0 -47.66841479999994,-22.71425229999994,0 -47.66868139999997,-22.71413819999998,0 -47.669510299999956,-22.71379,0 -47.669976599999984,-22.71359639999997,0 -47.67043109999997,-22.71339219999993,0 -47.67011059999993,-22.712838499999975,0 -47.66983669999996,-22.712322399999948,0 -47.669557,-22.711779499999977,0 -47.66927139999996,-22.711236499999927,0 -47.66898589999994,-22.710688199999936,0 -47.66956279999994,-22.710419399999978,0 -47.67126449999995,-22.708645399999966,0 -47.671724799999936,-22.708175,0 -47.67170149999998,-22.707833599999958,0 -47.671555799999965,-22.707204599999955,0 -47.67145679999993,-22.70664549999998,0 -47.67137989999998,-22.70617479999993,0 -47.671332,-22.706085599999938,0 -47.67128189999994,-22.706024599999978,0 -47.67095559999996,-22.705712799999958,0 -47.67048939999995,-22.705344599999933,0 -47.66963939999994,-22.705981399999928,0 -47.66955389999998,-22.70598689999997,0 -47.669277199999954,-22.705825699999934,0 -47.669038299999954,-22.705616,0 -47.668408899999974,-22.705003199999965,0 -47.667983499999934,-22.7046,0 -47.667546399999935,-22.704196799999977,0 -47.66634009999996,-22.70533649999993,0 -47.665553399999965,-22.706062299999928,0 -47.66510269999998,-22.70649609999998,0 -47.665024399999936,-22.70653889999994,0 -47.66493249999996,-22.706526199999928,0 -47.664475299999935,-22.706245,0 -47.66397409999996,-22.706702,0 -47.66319319999997,-22.707433099999946,0 -47.66231329999994,-22.70822869999995,0 -47.662791099999936,-22.708954499999948,0</coordinates></LinearRing></outerBoundaryIs></Polygon></MultiGeometry>
</Placemark>
<Placemark>
<name>Capim Fino</name>
<ExtendedData>
<Data name="CD_BAIRRO"><value>3538709063</value></Data>
<Data name="NM_BAIRRO"><value>Capim Fino</value></Data>
<Data name="2000"><value></value></Data><Data name="2010"><value></value></Data><Data name="2022"><value></value></Data><Data name="delta 00 - 10"><value></value></Data><Data name="delta 10 - 22"><value></value></Data>
</ExtendedData>
<Style>
<LineStyle><color>ff666666</color><width>1</width></LineStyle>
<PolyStyle><color>4dcccccc</color></PolyStyle>
</Style>
<MultiGeometry><Polygon><outerBoundaryIs><LinearRing><coordinates>-47.619664899999975,-22.665237899999966,0 -47.61774609999998,-22.66379479999995,0 -47.617714099999944,-22.66377069999993,0 -47.617682799999955,-22.66374559999997,0 -47.616783199999986,-22.66302369999994,0 -47.61646179999997,-22.66266879999995,0 -47.616108699999984,-22.66223229999997,0 -47.61391519999995,-22.65859409999996,0 -47.611155,-22.65397109999998,0 -47.61112749999995,-22.653979799999945,0 -47.61108829999995,-22.653992199999948,0 -47.61085439999994,-22.653601299999934,0 -47.609904,-22.652011399999935,0 -47.60768649999994,-22.656451699999934,0 -47.606384299999945,-22.655361599999935,0 -47.605369,-22.65458949999993,0 -47.604691799999955,-22.65449069999994,0 -47.603602,-22.656370599999946,0 -47.603559099999984,-22.656384199999934,0 -47.60354879999994,-22.656430499999942,0 -47.603493,-22.656681099999957,0 -47.60346709999993,-22.657130199999983,0 -47.60325789999996,-22.657794899999942,0 -47.60297339999994,-22.658286499999974,0 -47.60249369999997,-22.658945399999936,0 -47.601777099999936,-22.65964359999998,0 -47.60124159999998,-22.66012969999997,0 -47.60061459999997,-22.660776099999964,0 -47.60027189999994,-22.661224499999946,0 -47.60006959999998,-22.661667699999953,0 -47.59997359999994,-22.662270399999954,0 -47.59984389999994,-22.662811199999965,0 -47.599706599999934,-22.663316,0 -47.59965809999994,-22.66369659999998,0 -47.59963279999994,-22.664409099999943,0 -47.59962509999997,-22.66492429999994,0 -47.599573,-22.665294,0 -47.599492399999974,-22.665657299999964,0 -47.599334399999975,-22.665967199999955,0 -47.599081199999944,-22.66640039999993,0 -47.598942499999964,-22.666705,0 -47.59863919999998,-22.667240299999946,0 -47.59830389999996,-22.667655599999932,0 -47.59798639999997,-22.66797719999994,0 -47.597735099999966,-22.668369499999983,0 -47.59750649999995,-22.66878849999995,0 -47.597338899999954,-22.669063799999947,0 -47.597278899999935,-22.66944959999995,0 -47.597167499999955,-22.669853299999943,0 -47.59713149999993,-22.670244799999978,0 -47.59703659999997,-22.67066749999998,0 -47.59712429999996,-22.670987899999943,0 -47.597171499999945,-22.671289599999966,0 -47.59723859999997,-22.67169659999996,0 -47.59735249999994,-22.671993199999974,0 -47.59750079999998,-22.672228299999972,0 -47.59770919999994,-22.672522,0 -47.597807099999955,-22.672689599999956,0 -47.597891699999934,-22.672973799999966,0 -47.597991899999954,-22.67329019999994,0 -47.59808739999994,-22.673517699999934,0 -47.59820939999997,-22.673766799999953,0 -47.598337699999945,-22.67408039999998,0 -47.59852189999998,-22.674481299999968,0 -47.598695099999986,-22.674842799999965,0 -47.598804,-22.675018199999954,0 -47.59889289999995,-22.675163699999928,0 -47.598915199999965,-22.6752,0 -47.59893569999997,-22.675238499999978,0 -47.599012699999946,-22.675383,0 -47.59920129999995,-22.67573679999998,0 -47.59944749999994,-22.67610149999996,0 -47.59965189999997,-22.676489699999934,0 -47.599955,-22.676770699999963,0 -47.600337699999955,-22.67705209999997,0 -47.60074069999996,-22.67723069999994,0 -47.601096,-22.67736569999994,0 -47.60153669999994,-22.677464199999974,0 -47.602054399999986,-22.677745199999947,0 -47.60252689999993,-22.678022399999975,0 -47.603416,-22.678671,0 -47.603667,-22.678768,0 -47.603794,-22.678869,0 -47.603983,-22.67898,0 -47.60427139999996,-22.679113899999948,0 -47.604620799999964,-22.67928489999997,0 -47.60501089999997,-22.679369,0 -47.60535989999994,-22.67946349999994,0 -47.60563289999993,-22.679566,0 -47.605921199999955,-22.679684299999963,0 -47.60631879999994,-22.67968849999994,0 -47.60679349999998,-22.679786,0 -47.60724509999994,-22.679847199999983,0 -47.607625,-22.679985199999976,0 -47.608041199999946,-22.68017509999993,0 -47.608322,-22.680288,0 -47.60855479999998,-22.680409399999974,0 -47.608772,-22.68045,0 -47.609197,-22.680554,0 -47.609434,-22.680606,0 -47.60983,-22.680595,0 -47.610249,-22.680538,0 -47.61058419999995,-22.68041649999998,0 -47.61098489999995,-22.680236599999944,0 -47.611269499999935,-22.68012559999994,0 -47.61165669999997,-22.679950799999972,0 -47.612009099999966,-22.679790899999944,0 -47.612258699999984,-22.67972539999994,0 -47.61253339999996,-22.679659,0 -47.61287119999997,-22.679543099999933,0 -47.61330829999997,-22.679551799999956,0 -47.61366269999996,-22.67959419999994,0 -47.613958099999934,-22.679672299999936,0 -47.614190399999984,-22.679734699999983,0 -47.61464309999997,-22.67988689999993,0 -47.615502,-22.680087,0 -47.61575869999996,-22.679739499999982,0 -47.616836099999944,-22.67877679999998,0 -47.617633499999954,-22.67817969999993,0 -47.618363099999954,-22.677692,0 -47.619376699999975,-22.67714639999997,0 -47.62268489999997,-22.67547929999995,0 -47.62382429999997,-22.674840399999937,0 -47.62583929999994,-22.673829299999966,0 -47.625271699999985,-22.67313619999993,0 -47.62761439999997,-22.671632399999964,0 -47.62768159999996,-22.67158479999995,0 -47.627702399999976,-22.67157009999994,0 -47.62587109999998,-22.669958099999974,0 -47.62503309999994,-22.669265699999983,0 -47.623064399999976,-22.66777389999993,0 -47.619664899999975,-22.665237899999966,0</coordinates></LinearRing></outerBoundaryIs></Polygon></MultiGeometry>
</Placemark>
<Placemark>
<name>Morato</name>
<ExtendedData>
<Data name="CD_BAIRRO"><value>3538709042</value></Data>
<Data name="NM_BAIRRO"><value>Morato</value></Data>
<Data name="2000"><value>912.9852362204724</value></Data><Data name="2010"><value>9358.11098901099</value></Data><Data name="2022"><value>14384.62</value></Data><Data name="delta 00 - 10"><value>9.250013491730925</value></Data><Data name="delta 10 - 22"><value>0.5371285953854922</value></Data>
</ExtendedData>
<Style>
<LineStyle><color>ff666666</color><width>1</width></LineStyle>
<PolyStyle><color>4dcccccc</color></PolyStyle>
</Style>
<MultiGeometry><Polygon><outerBoundaryIs><LinearRing><coordinates>-47.672228,-22.731655199999977,0 -47.672229699999946,-22.73169539999998,0 -47.67223469999993,-22.73181139999997,0 -47.672265799999934,-22.731900199999927,0 -47.672254399999986,-22.731991599999958,0 -47.67218669999994,-22.732095899999933,0 -47.672110499999974,-22.73218079999998,0 -47.672007399999984,-22.73227879999996,0 -47.67179509999994,-22.732467399999962,0 -47.671583,-22.73264519999998,0 -47.67135449999995,-22.732844,0 -47.67107989999994,-22.733123199999966,0 -47.670842499999935,-22.733337699999936,0 -47.67055789999995,-22.733588399999974,0 -47.670248699999945,-22.733854399999927,0 -47.66996089999998,-22.734118399999943,0 -47.66977919999994,-22.734274599999935,0 -47.66941389999994,-22.734535199999982,0 -47.66926269999993,-22.734701799999982,0 -47.66917059999997,-22.734838899999943,0 -47.66910269999994,-22.734927599999935,0 -47.66928849999994,-22.734985199999983,0 -47.66937489999998,-22.735012,0 -47.67331709999996,-22.736234499999966,0 -47.671952199999964,-22.73727589999993,0 -47.67191359999998,-22.73730539999997,0 -47.671876699999984,-22.73733539999995,0 -47.67182939999998,-22.737374,0 -47.67118829999998,-22.738409699999977,0 -47.67098429999993,-22.738816799999938,0 -47.67096619999995,-22.73885279999996,0 -47.670947799999965,-22.738889399999948,0 -47.670694,-22.739394499999946,0 -47.670652,-22.739378599999952,0 -47.67010319999997,-22.73917419999998,0 -47.67006049999998,-22.739030399999933,0 -47.669408,-22.73921969999998,0 -47.66939629999996,-22.74018659999996,0 -47.66975219999995,-22.740287299999977,0 -47.670031499999936,-22.740467399999943,0 -47.670506699999976,-22.740852299999972,0 -47.67107149999998,-22.741156199999978,0 -47.671595399999944,-22.741429,0 -47.672888,-22.742128799999932,0 -47.67351559999997,-22.742308599999944,0 -47.67410649999994,-22.74231549999996,0 -47.67496219999998,-22.742295699999943,0 -47.67531589999993,-22.742182399999933,0 -47.675806799999975,-22.74200289999993,0 -47.675964299999976,-22.741967,0 -47.67608279999996,-22.741970099999946,0 -47.67623679999997,-22.742020099999934,0 -47.67639019999996,-22.74214809999995,0 -47.67652119999997,-22.74225739999997,0 -47.676805599999966,-22.742564899999934,0 -47.67715259999994,-22.74299419999994,0 -47.677435299999956,-22.743417299999976,0 -47.67756119999996,-22.743685099999936,0 -47.67774849999995,-22.744358699999964,0 -47.677873699999964,-22.744674,0 -47.678022699999985,-22.744931599999973,0 -47.678130399999986,-22.745091799999955,0 -47.67824249999995,-22.745215599999938,0 -47.678337,-22.74529179999996,0 -47.67844,-22.745380099999977,0 -47.678512799999964,-22.745429099999967,0 -47.678544399999964,-22.745446,0 -47.678717699999936,-22.745524699999976,0 -47.678845799999976,-22.745563299999958,0 -47.679038,-22.745596499999976,0 -47.679301,-22.74558289999993,0 -47.679469,-22.74554939999996,0 -47.67961,-22.745521199999928,0 -47.68005279999994,-22.74533789999998,0 -47.68361239999996,-22.743786299999954,0 -47.684033,-22.743584599999963,0 -47.68486,-22.74324859999996,0 -47.685115,-22.743238599999927,0 -47.68533629999996,-22.743265099999974,0 -47.685560899999984,-22.743355299999962,0 -47.685718,-22.743467099999975,0 -47.68586079999994,-22.743613799999935,0 -47.68618969999994,-22.744102099999964,0 -47.68635419999998,-22.74425039999994,0 -47.68654389999995,-22.744362099999933,0 -47.686824,-22.744438799999955,0 -47.687031899999965,-22.74444879999993,0 -47.687254199999984,-22.744402099999945,0 -47.689782099999945,-22.743580899999927,0 -47.69028969999994,-22.743416399999944,0 -47.690584,-22.74333759999996,0 -47.690855,-22.743286099999978,0 -47.69106019999998,-22.743273599999952,0 -47.69305929999996,-22.74339559999993,0 -47.69307589999994,-22.743356399999982,0 -47.69311239999996,-22.743270699999982,0 -47.69317819999998,-22.743192,0 -47.693241299999954,-22.743005299999936,0 -47.69334479999998,-22.74272149999996,0 -47.69344549999994,-22.742466699999966,0 -47.69357009999993,-22.74222039999995,0 -47.693657,-22.741985099999965,0 -47.69358619999997,-22.741926399999954,0 -47.69348709999997,-22.741805899999974,0 -47.69341829999996,-22.741775899999936,0 -47.693299,-22.741780799999958,0 -47.69304059999996,-22.741844699999945,0 -47.692916099999934,-22.741798099999983,0 -47.69284029999994,-22.741723299999933,0 -47.69279489999997,-22.741573,0 -47.69276469999994,-22.741382399999964,0 -47.692726,-22.741172399999982,0 -47.692613499999936,-22.74106809999995,0 -47.69234529999994,-22.740948599999967,0 -47.69211439999998,-22.740856399999927,0 -47.69183379999998,-22.740651199999945,0 -47.69159969999998,-22.740514899999937,0 -47.69139259999997,-22.740351799999928,0 -47.691206,-22.740237599999944,0 -47.691039699999976,-22.74017029999993,0 -47.69087559999997,-22.74013279999997,0 -47.69071359999998,-22.74001,0 -47.690636,-22.73986569999994,0 -47.69057269999996,-22.73975269999994,0 -47.69052549999998,-22.73963219999996,0 -47.69049919999998,-22.739381899999955,0 -47.690545,-22.739188,0 -47.690746,-22.738723599999958,0 -47.69090939999995,-22.738531,0 -47.69099579999994,-22.738403199999937,0 -47.69105429999996,-22.73821309999994,0 -47.691157199999964,-22.737959099999955,0 -47.691323599999976,-22.737729,0 -47.69153259999996,-22.737468199999967,0 -47.69171819999997,-22.73726819999996,0 -47.69175259999997,-22.73715409999994,0 -47.691746,-22.737022899999943,0 -47.69171849999998,-22.736847299999965,0 -47.691725099999985,-22.736610799999937,0 -47.69181119999996,-22.736338099999955,0 -47.69191269999993,-22.736122399999942,0 -47.692030099999954,-22.735922199999948,0 -47.69213849999994,-22.73575889999995,0 -47.69218779999994,-22.735527599999955,0 -47.69222869999993,-22.735238399999957,0 -47.692259699999966,-22.73501269999997,0 -47.69231229999997,-22.734898,0 -47.69238259999997,-22.734820299999967,0 -47.69246149999998,-22.734759399999973,0 -47.69251639999993,-22.73467969999996,0 -47.69257459999994,-22.734515699999974,0 -47.69262509999993,-22.734360399999957,0 -47.692661699999974,-22.73419359999997,0 -47.69263109999997,-22.73408519999998,0 -47.69254379999995,-22.733978399999955,0 -47.69247859999996,-22.733906499999932,0 -47.69246909999998,-22.73375729999998,0 -47.69251219999995,-22.73350069999998,0 -47.692562399999986,-22.733271699999932,0 -47.69261839999996,-22.733159099999966,0 -47.69270119999993,-22.733063899999934,0 -47.69279769999997,-22.732960599999956,0 -47.69287879999996,-22.732813499999963,0 -47.69297609999995,-22.732740199999967,0 -47.69312929999995,-22.73270649999995,0 -47.693245299999944,-22.73263309999993,0 -47.693304599999976,-22.73254449999996,0 -47.693341,-22.73244959999994,0 -47.69335559999996,-22.732412299999964,0 -47.68588129999995,-22.72996539999997,0 -47.685198199999945,-22.729742199999976,0 -47.68497189999994,-22.729692399999976,0 -47.68462309999995,-22.729684599999928,0 -47.684071899999935,-22.72969919999997,0 -47.683734,-22.729705799999977,0 -47.683514199999934,-22.729726899999946,0 -47.68327449999998,-22.729787,0 -47.68311309999996,-22.729846899999927,0 -47.68342869999998,-22.729524,0 -47.68348129999998,-22.729445899999973,0 -47.683496299999945,-22.729349199999945,0 -47.68347469999998,-22.729275,0 -47.68340219999993,-22.729206199999965,0 -47.68289519999996,-22.729029899999944,0 -47.682330099999945,-22.728834199999937,0 -47.681436599999984,-22.728532799999982,0 -47.68135549999994,-22.72850049999994,0 -47.68132129999998,-22.72845949999993,0 -47.68131479999994,-22.72841349999993,0 -47.681316599999946,-22.72831259999998,0 -47.68139309999998,-22.72737369999993,0 -47.68160249999994,-22.724804499999948,0 -47.68161879999997,-22.72460179999996,0 -47.68171339999998,-22.723443499999973,0 -47.68186719999994,-22.720991099999935,0 -47.68169379999995,-22.720997299999965,0 -47.681623799999954,-22.721006099999954,0 -47.681361599999946,-22.721080299999983,0 -47.68120469999997,-22.721134199999938,0 -47.681101299999966,-22.721157699999935,0 -47.68106229999995,-22.72116649999998,0 -47.68102019999998,-22.72117579999997,0 -47.68077639999996,-22.72122909999996,0 -47.680735899999945,-22.721238,0 -47.68069639999993,-22.721246899999983,0 -47.68065629999995,-22.72125589999996,0 -47.680401899999936,-22.721302099999946,0 -47.680314099999975,-22.721320799999944,0 -47.680185,-22.72136169999993,0 -47.680053499999985,-22.721419099999935,0 -47.67982619999998,-22.721534299999973,0 -47.67967349999998,-22.72162609999998,0 -47.67961859999997,-22.721663699999965,0 -47.67957749999994,-22.721696899999927,0 -47.67937559999996,-22.721873199999948,0 -47.67895919999995,-22.722220299999947,0 -47.678751499999976,-22.722424599999954,0 -47.67835889999998,-22.72286,0 -47.677841599999965,-22.723446,0 -47.677733399999966,-22.723546399999975,0 -47.677611,-22.723624099999938,0 -47.677515,-22.72367449999996,0 -47.67746059999996,-22.723698299999967,0 -47.677312,-22.723748,0 -47.677230099999974,-22.723769799999957,0 -47.67694979999993,-22.723823,0 -47.676768,-22.723851799999977,0 -47.676082399999984,-22.723956899999962,0 -47.67554349999995,-22.724039199999936,0 -47.67541239999997,-22.72405279999998,0 -47.67513139999994,-22.72407149999998,0 -47.67480139999998,-22.72408649999994,0 -47.674461,-22.724099499999966,0 -47.673947399999975,-22.72410179999997,0 -47.67377159999995,-22.72409319999997,0 -47.67360489999993,-22.724077399999942,0 -47.67344989999998,-22.724057,0 -47.67317079999998,-22.724018799999953,0 -47.672849499999984,-22.723950299999956,0 -47.67255529999994,-22.723875199999952,0 -47.67236079999998,-22.72380709999993,0 -47.67219929999993,-22.72375,0 -47.671817,-22.723597799999936,0 -47.67169809999996,-22.72355829999998,0 -47.67162509999997,-22.72353879999997,0 -47.671529299999975,-22.723534899999947,0 -47.671483199999955,-22.723531099999946,0 -47.671446799999956,-22.723525499999937,0 -47.67140079999996,-22.723516099999927,0 -47.67126109999998,-22.723471599999982,0 -47.67072059999998,-22.72329959999996,0 -47.67033859999998,-22.723600499999975,0 -47.669656,-22.72401,0 -47.670065299999976,-22.724355499999945,0 -47.670086699999956,-22.724389299999928,0 -47.67025389999998,-22.72436579999993,0 -47.670366899999976,-22.724383399999965,0 -47.67042739999994,-22.724429,0 -47.670460899999966,-22.724495,0 -47.67047519999994,-22.724568499999975,0 -47.670445,-22.724683,0 -47.670472,-22.724712099999977,0 -47.670871499999976,-22.725028599999973,0 -47.67110249999996,-22.725271299999974,0 -47.671203899999966,-22.725442,0 -47.67124549999994,-22.725605299999927,0 -47.67135829999995,-22.725769799999966,0 -47.671537299999954,-22.72594639999994,0 -47.67181069999998,-22.726219799999967,0 -47.672028599999976,-22.726510299999973,0 -47.672141599999975,-22.72677939999994,0 -47.672172899999964,-22.72697679999993,0 -47.672187,-22.72744979999993,0 -47.672191,-22.72764609999996,0 -47.67219179999995,-22.727686,0 -47.672191699999985,-22.727724399999943,0 -47.672192,-22.72776349999998,0 -47.67219739999996,-22.728394599999945,0 -47.67220239999995,-22.730689,0 -47.67222709999993,-22.73162169999995,0 -47.672228,-22.731655199999977,0</coordinates></LinearRing></outerBoundaryIs></Polygon></MultiGeometry>
</Placemark>
<Placemark>
<name>Pompéia</name>
<ExtendedData>
<Data name="CD_BAIRRO"><value>3538709026</value></Data>
<Data name="NM_BAIRRO"><value>Pompéia</value></Data>
<Data name="2000"><value>674.0569221967963</value></Data><Data name="2010"><value>2474.0740584003383</value></Data><Data name="2022"><value>3429.61</value></Data><Data name="delta 00 - 10"><value>2.670423041331831</value></Data><Data name="delta 10 - 22"><value>0.3862196195604114</value></Data>
</ExtendedData>
<Style>
<LineStyle><color>ff666666</color><width>1</width></LineStyle>
<PolyStyle><color>4dcccccc</color></PolyStyle>
</Style>
<MultiGeometry><Polygon><outerBoundaryIs><LinearRing><coordinates>-47.61192769999997,-22.76140769999995,0 -47.61196739999997,-22.761338799999976,0 -47.611987399999975,-22.761303899999973,0 -47.61200749999995,-22.76126949999997,0 -47.61211829999996,-22.76107989999997,0 -47.61215219999997,-22.761007199999938,0 -47.612238599999955,-22.760807599999964,0 -47.612272,-22.760730399999943,0 -47.612418599999955,-22.760415799999976,0 -47.61246969999996,-22.76031779999994,0 -47.612507499999936,-22.76024529999995,0 -47.612778,-22.75966089999997,0 -47.612867,-22.75947969999993,0 -47.61288379999996,-22.759445599999935,0 -47.61290649999995,-22.759409499999947,0 -47.613025,-22.759221199999956,0 -47.61323629999998,-22.75894429999994,0 -47.613307,-22.758862499999964,0 -47.61345209999996,-22.758708199999944,0 -47.614067699999964,-22.758015099999966,0 -47.61472759999998,-22.757299399999965,0 -47.61477679999996,-22.757243,0 -47.61496439999996,-22.757019699999944,0 -47.61503259999995,-22.756945,0 -47.615218,-22.756738,0 -47.61539069999998,-22.756552099999965,0 -47.61561729999994,-22.756343799999968,0 -47.61582569999996,-22.756152199999974,0 -47.61588759999995,-22.756085799999937,0 -47.61597779999994,-22.755989099999965,0 -47.616029,-22.755928799999936,0 -47.616058,-22.755896399999983,0 -47.616488,-22.75541549999997,0 -47.616704,-22.755155799999955,0 -47.616785499999935,-22.755058,0 -47.61701329999994,-22.75478449999997,0 -47.61737759999994,-22.75434409999997,0 -47.617403199999956,-22.754313099999933,0 -47.617424,-22.754278299999953,0 -47.617538,-22.754087599999934,0 -47.617559599999936,-22.75405139999998,0 -47.61758359999993,-22.754018,0 -47.617638099999965,-22.753942199999983,0 -47.61771509999994,-22.75383469999997,0 -47.61781649999995,-22.753705699999955,0 -47.61787579999998,-22.753637899999944,0 -47.617992,-22.753510699999936,0 -47.61811669999997,-22.753390399999944,0 -47.61817659999997,-22.75333459999996,0 -47.618294299999945,-22.753224899999964,0 -47.61833539999998,-22.75318939999994,0 -47.618417,-22.753124399999933,0 -47.61868889999994,-22.75292909999996,0 -47.618944099999965,-22.75269529999997,0 -47.61897319999997,-22.752668599999936,0 -47.619001899999944,-22.75264,0 -47.61950459999997,-22.752138199999933,0 -47.61974249999997,-22.751896099999954,0 -47.62033379999997,-22.751281699999936,0 -47.620565699999986,-22.751043799999934,0 -47.62068939999995,-22.750922,0 -47.62078789999998,-22.75083989999996,0 -47.62089809999998,-22.750770299999942,0 -47.621182,-22.750635599999953,0 -47.621218699999986,-22.750618199999963,0 -47.62125269999996,-22.750598199999956,0 -47.621363299999985,-22.750533399999938,0 -47.62146459999997,-22.750420299999973,0 -47.62153949999998,-22.750298699999973,0 -47.62157789999998,-22.750183,0 -47.62159049999997,-22.75014509999994,0 -47.62159209999993,-22.75010409999993,0 -47.62160249999994,-22.74983679999997,0 -47.621612,-22.749735,0 -47.62161249999997,-22.749706,0 -47.62162069999994,-22.749607399999945,0 -47.621654199999966,-22.749423499999978,0 -47.62173339999998,-22.749076599999967,0 -47.62180109999997,-22.748706,0 -47.62182649999994,-22.748488299999963,0 -47.62184979999995,-22.748301399999946,0 -47.62189109999997,-22.74805559999993,0 -47.621912099999975,-22.747959699999967,0 -47.62196719999997,-22.747757499999977,0 -47.62206349999997,-22.747425199999952,0 -47.62212479999994,-22.747217199999966,0 -47.622143499999936,-22.747146199999975,0 -47.62227729999995,-22.746742499999982,0 -47.622344199999986,-22.74657659999997,0 -47.62231989999998,-22.746555,0 -47.62137779999995,-22.745459299999936,0 -47.621024699999964,-22.745702299999948,0 -47.620847699999956,-22.74583439999998,0 -47.62078369999995,-22.745880599999964,0 -47.620297799999946,-22.746238199999937,0 -47.61985349999998,-22.746627199999978,0 -47.61965739999994,-22.746784699999978,0 -47.61844449999995,-22.747635199999934,0 -47.618066,-22.747892099999945,0 -47.61788889999997,-22.748028399999953,0 -47.61654359999994,-22.748929199999964,0 -47.615674199999944,-22.74918279999997,0 -47.61562349999997,-22.749197,0 -47.615458,-22.74926979999998,0 -47.61536559999996,-22.74933379999993,0 -47.615282399999955,-22.749392,0 -47.614973599999985,-22.74965149999997,0 -47.61274489999994,-22.751611399999945,0 -47.61275489999997,-22.75150009999993,0 -47.61273449999993,-22.75138929999997,0 -47.61265919999994,-22.751254399999937,0 -47.61257309999996,-22.75118889999993,0 -47.61247849999995,-22.75114149999996,0 -47.61226759999994,-22.751105799999948,0 -47.61201229999995,-22.75102329999993,0 -47.61166739999993,-22.750823099999934,0 -47.61120069999998,-22.75047859999995,0 -47.61087589999994,-22.750174199999947,0 -47.610544699999934,-22.749809,0 -47.61050289999997,-22.74982239999997,0 -47.605989499999964,-22.751269299999933,0 -47.60563539999998,-22.751396899999975,0 -47.60531739999993,-22.751519,0 -47.60496779999994,-22.751661199999944,0 -47.604594599999984,-22.751832899999954,0 -47.604189099999985,-22.752042399999937,0 -47.603705,-22.752427599999976,0 -47.603240599999936,-22.75289209999994,0 -47.59958429999995,-22.75067779999995,0 -47.59877209999996,-22.75016,0 -47.59870019999994,-22.750114199999928,0 -47.59867459999998,-22.750097899999957,0 -47.59838259999998,-22.751436599999977,0 -47.59824489999994,-22.752060399999948,0 -47.59821249999993,-22.75220889999997,0 -47.59818039999993,-22.752343399999972,0 -47.59787719999997,-22.753722,0 -47.59687489999993,-22.758374299999957,0 -47.596520699999985,-22.76002159999996,0 -47.596183199999984,-22.761527299999955,0 -47.59554289999994,-22.764375899999948,0 -47.59552019999995,-22.764444,0 -47.595445799999936,-22.76450189999997,0 -47.595094899999935,-22.765976,0 -47.595131099999946,-22.765994599999942,0 -47.59522769999995,-22.766044299999976,0 -47.59526389999996,-22.76606279999993,0 -47.59528859999995,-22.766075599999965,0 -47.59532379999996,-22.766094,0 -47.595443,-22.766156199999955,0 -47.59547889999993,-22.766175,0 -47.596578499999964,-22.766739799999982,0 -47.597439,-22.76727649999998,0 -47.597528599999976,-22.76733409999997,0 -47.59760419999998,-22.767382699999928,0 -47.59807569999998,-22.767664499999967,0 -47.59835479999998,-22.767831299999955,0 -47.59863909999996,-22.768001199999958,0 -47.59876589999993,-22.768077,0 -47.59920239999997,-22.768321799999967,0 -47.599762099999964,-22.768626299999937,0 -47.600242099999946,-22.768928099999982,0 -47.60072909999997,-22.769213,0 -47.600755799999945,-22.769256499999983,0 -47.60125389999996,-22.76951779999996,0 -47.60172979999993,-22.76980029999993,0 -47.60182969999994,-22.76982759999993,0 -47.601864399999954,-22.769861499999934,0 -47.602171699999985,-22.770164,0 -47.60219979999994,-22.77019139999993,0 -47.60230549999994,-22.77015849999998,0 -47.60249909999993,-22.77012419999994,0 -47.602692,-22.770118,0 -47.602903,-22.770144899999934,0 -47.60343919999997,-22.770269,0 -47.60358839999998,-22.770318199999963,0 -47.603706099999954,-22.77036339999995,0 -47.60404409999995,-22.770442599999967,0 -47.60489009999998,-22.77072709999993,0 -47.605709,-22.770961599999964,0 -47.607246299999986,-22.771311199999957,0 -47.608482299999935,-22.77158509999998,0 -47.60897649999998,-22.77154889999997,0 -47.60927309999994,-22.77143669999998,0 -47.60952619999995,-22.771292,0 -47.60968409999998,-22.771144099999958,0 -47.609813299999985,-22.770977399999936,0 -47.60992259999995,-22.77073359999997,0 -47.61008359999994,-22.770157,0 -47.61024089999995,-22.769624299999975,0 -47.61066469999997,-22.76840549999997,0 -47.61082789999995,-22.768165799999963,0 -47.61111089999997,-22.767835799999943,0 -47.611338599999954,-22.767568799999935,0 -47.61152339999995,-22.767387499999927,0 -47.61184079999998,-22.766695099999936,0 -47.61190279999994,-22.766288199999963,0 -47.61182919999993,-22.765503,0 -47.61144779999995,-22.764680399999975,0 -47.61120189999997,-22.764158299999963,0 -47.61165179999995,-22.762681099999952,0 -47.61171889999997,-22.762408499999935,0 -47.61176729999994,-22.762212199999965,0 -47.611818599999935,-22.761944399999948,0 -47.61185429999995,-22.761758199999974,0 -47.611862,-22.76171809999994,0 -47.611870599999975,-22.76167739999994,0 -47.61192769999997,-22.76140769999995,0</coordinates></LinearRing></outerBoundaryIs></Polygon></MultiGeometry>
</Placemark>
<Placemark>
<name>Glebas Califórnia</name>
<ExtendedData>
<Data name="CD_BAIRRO"><value>3538709043</value></Data>
<Data name="NM_BAIRRO"><value>Glebas Califórnia</value></Data>
<Data name="2000"><value>1162.2109621451104</value></Data><Data name="2010"><value>2802.515679442509</value></Data><Data name="2022"><value>4352.32</value></Data><Data name="delta 00 - 10"><value>1.4113657250916503</value></Data><Data name="delta 10 - 22"><value>0.553004692150656</value></Data>
</ExtendedData>
<Style>
<LineStyle><color>ff666666</color><width>1</width></LineStyle>
<PolyStyle><color>4dcccccc</color></PolyStyle>
</Style>
<MultiGeometry><Polygon><outerBoundaryIs><LinearRing><coordinates>-47.67140079999996,-22.723516099999927,0 -47.671446799999956,-22.723525499999937,0 -47.671483199999955,-22.723531099999946,0 -47.671529299999975,-22.723534899999947,0 -47.67162509999997,-22.72353879999997,0 -47.67169809999996,-22.72355829999998,0 -47.671817,-22.723597799999936,0 -47.67219929999993,-22.72375,0 -47.67236079999998,-22.72380709999993,0 -47.67255529999994,-22.723875199999952,0 -47.672849499999984,-22.723950299999956,0 -47.67317079999998,-22.724018799999953,0 -47.67344989999998,-22.724057,0 -47.67360489999993,-22.724077399999942,0 -47.67377159999995,-22.72409319999997,0 -47.673947399999975,-22.72410179999997,0 -47.674461,-22.724099499999966,0 -47.67480139999998,-22.72408649999994,0 -47.67513139999994,-22.72407149999998,0 -47.67541239999997,-22.72405279999998,0 -47.67554349999995,-22.724039199999936,0 -47.676082399999984,-22.723956899999962,0 -47.676768,-22.723851799999977,0 -47.67694979999993,-22.723823,0 -47.677230099999974,-22.723769799999957,0 -47.677312,-22.723748,0 -47.67746059999996,-22.723698299999967,0 -47.677515,-22.72367449999996,0 -47.677611,-22.723624099999938,0 -47.677733399999966,-22.723546399999975,0 -47.677841599999965,-22.723446,0 -47.67835889999998,-22.72286,0 -47.678751499999976,-22.722424599999954,0 -47.67895919999995,-22.722220299999947,0 -47.67937559999996,-22.721873199999948,0 -47.67957749999994,-22.721696899999927,0 -47.67961859999997,-22.721663699999965,0 -47.67967349999998,-22.72162609999998,0 -47.67982619999998,-22.721534299999973,0 -47.680053499999985,-22.721419099999935,0 -47.680185,-22.72136169999993,0 -47.680314099999975,-22.721320799999944,0 -47.680401899999936,-22.721302099999946,0 -47.68065629999995,-22.72125589999996,0 -47.68069639999993,-22.721246899999983,0 -47.680735899999945,-22.721238,0 -47.68077639999996,-22.72122909999996,0 -47.68102019999998,-22.72117579999997,0 -47.68106229999995,-22.72116649999998,0 -47.681101299999966,-22.721157699999935,0 -47.68120469999997,-22.721134199999938,0 -47.681361599999946,-22.721080299999983,0 -47.681623799999954,-22.721006099999954,0 -47.68169379999995,-22.720997299999965,0 -47.68186719999994,-22.720991099999935,0 -47.68171339999998,-22.723443499999973,0 -47.68161879999997,-22.72460179999996,0 -47.68160249999994,-22.724804499999948,0 -47.68139309999998,-22.72737369999993,0 -47.681316599999946,-22.72831259999998,0 -47.68131479999994,-22.72841349999993,0 -47.68132129999998,-22.72845949999993,0 -47.68135549999994,-22.72850049999994,0 -47.681436599999984,-22.728532799999982,0 -47.682330099999945,-22.728834199999937,0 -47.68289519999996,-22.729029899999944,0 -47.68340219999993,-22.729206199999965,0 -47.68347469999998,-22.729275,0 -47.683496299999945,-22.729349199999945,0 -47.68348129999998,-22.729445899999973,0 -47.68342869999998,-22.729524,0 -47.68311309999996,-22.729846899999927,0 -47.68327449999998,-22.729787,0 -47.683514199999934,-22.729726899999946,0 -47.683734,-22.729705799999977,0 -47.684071899999935,-22.72969919999997,0 -47.68462309999995,-22.729684599999928,0 -47.68497189999994,-22.729692399999976,0 -47.685198199999945,-22.729742199999976,0 -47.68588129999995,-22.72996539999997,0 -47.69335559999996,-22.732412299999964,0 -47.693363,-22.732372299999952,0 -47.693394599999976,-22.732212299999958,0 -47.693279,-22.731907699999965,0 -47.69308539999997,-22.731607699999927,0 -47.69301779999995,-22.731412599999942,0 -47.692990899999984,-22.731016,0 -47.692983099999935,-22.73079759999996,0 -47.69290629999995,-22.73057289999997,0 -47.69281149999995,-22.730346099999963,0 -47.692810399999985,-22.730136199999947,0 -47.692889899999955,-22.729949199999965,0 -47.692987,-22.729831399999966,0 -47.693054899999936,-22.729719699999976,0 -47.693048499999975,-22.72957759999997,0 -47.69293019999998,-22.72928059999998,0 -47.692819199999974,-22.729066299999943,0 -47.692767499999945,-22.728876399999933,0 -47.69270919999997,-22.728549,0 -47.69270789999996,-22.728371399999958,0 -47.692693099999985,-22.728256199999976,0 -47.69251989999998,-22.728058499999975,0 -47.69221419999997,-22.72788239999994,0 -47.692037,-22.72768579999996,0 -47.69191089999998,-22.72746559999996,0 -47.69173859999995,-22.727287299999944,0 -47.69149719999996,-22.72714149999996,0 -47.690991,-22.727182,0 -47.690694,-22.72719449999994,0 -47.690435599999944,-22.72712619999993,0 -47.69025069999998,-22.726890499999968,0 -47.690157899999974,-22.726693199999943,0 -47.68996669999996,-22.726463799999976,0 -47.68979729999995,-22.726353,0 -47.68958809999998,-22.72637069999996,0 -47.689441199999976,-22.726351,0 -47.68906629999998,-22.726103,0 -47.688864499999966,-22.72587059999995,0 -47.688867,-22.725588499999958,0 -47.68895,-22.72543429999996,0 -47.68893469999995,-22.72531,0 -47.688841,-22.725203799999974,0 -47.68872779999998,-22.725122399999975,0 -47.688638,-22.72499679999993,0 -47.68864849999994,-22.72486239999995,0 -47.688728699999956,-22.72469659999996,0 -47.68887969999997,-22.724609399999963,0 -47.68901529999994,-22.724609,0 -47.68911829999996,-22.724548099999936,0 -47.68916429999996,-22.72433479999995,0 -47.68914619999998,-22.724128,0 -47.68912439999997,-22.72396079999993,0 -47.689156099999934,-22.723844,0 -47.689295399999935,-22.723733799999934,0 -47.68948969999997,-22.723607199999947,0 -47.68973519999997,-22.723474599999975,0 -47.69012619999995,-22.723359099999982,0 -47.690378,-22.723379299999976,0 -47.69060319999994,-22.723465,0 -47.690755399999944,-22.723464199999967,0 -47.69095679999998,-22.723412399999972,0 -47.691210299999966,-22.723319699999934,0 -47.69143249999996,-22.72323279999995,0 -47.69159629999996,-22.723162,0 -47.69178359999995,-22.723147,0 -47.691884899999934,-22.72318809999996,0 -47.69196679999993,-22.72314579999994,0 -47.692,-22.723004,0 -47.691998,-22.72289109999997,0 -47.69198359999996,-22.722756699999934,0 -47.691884899999934,-22.722672899999964,0 -47.69171259999996,-22.722624499999938,0 -47.691606399999955,-22.72249819999996,0 -47.69161379999997,-22.72230479999996,0 -47.69171309999996,-22.72214109999993,0 -47.691782599999954,-22.72196169999995,0 -47.69179839999998,-22.721771099999955,0 -47.691718599999945,-22.72152589999996,0 -47.69155609999996,-22.72134129999995,0 -47.69149659999994,-22.721136099999967,0 -47.691589599999986,-22.72091389999997,0 -47.69176829999998,-22.72070679999996,0 -47.691796599999975,-22.72067409999994,0 -47.69092159999997,-22.720383699999957,0 -47.690705,-22.720277099999976,0 -47.690481499999976,-22.720138299999974,0 -47.69034349999998,-22.720025799999974,0 -47.69019119999996,-22.719927299999938,0 -47.69006619999993,-22.719869699999947,0 -47.68991579999994,-22.71980979999995,0 -47.68977279999996,-22.71979289999996,0 -47.68897219999997,-22.719282499999963,0 -47.68890159999995,-22.719250199999976,0 -47.688842499999964,-22.719254,0 -47.688801299999966,-22.719292699999983,0 -47.68871269999994,-22.719402099999968,0 -47.68866689999993,-22.719432299999937,0 -47.68862759999996,-22.71943049999993,0 -47.68857349999996,-22.719376099999977,0 -47.68851749999993,-22.719317699999976,0 -47.68846359999998,-22.71930329999998,0 -47.68840669999997,-22.719318399999963,0 -47.68810469999994,-22.719385399999965,0 -47.688011899999935,-22.71939009999994,0 -47.68776769999994,-22.719344499999977,0 -47.68703759999994,-22.719201,0 -47.68649489999996,-22.719144099999937,0 -47.68677719999994,-22.717703,0 -47.68573619999995,-22.71761189999995,0 -47.685602899999935,-22.717572899999936,0 -47.685241,-22.71739589999993,0 -47.685087099999976,-22.71736,0 -47.682797799999946,-22.71734779999997,0 -47.682004,-22.71748569999994,0 -47.681800099999975,-22.71752159999994,0 -47.680348,-22.717768499999977,0 -47.680142,-22.716478,0 -47.678954799999985,-22.716664,0 -47.67826689999998,-22.71697419999998,0 -47.67821769999995,-22.71689669999995,0 -47.67801509999998,-22.716991399999927,0 -47.677990299999976,-22.717093499999976,0 -47.677481899999975,-22.71732869999994,0 -47.67743849999994,-22.71734829999997,0 -47.677355199999965,-22.717385599999943,0 -47.67731229999998,-22.717404399999964,0 -47.67665859999994,-22.717690199999936,0 -47.676437299999975,-22.717948399999955,0 -47.675923799999964,-22.718431099999975,0 -47.675396199999966,-22.718889299999944,0 -47.67463669999995,-22.719515299999955,0 -47.673513699999944,-22.720434799999964,0 -47.67290389999994,-22.721032399999956,0 -47.67099579999996,-22.723063099999933,0 -47.67072059999998,-22.72329959999996,0 -47.67126109999998,-22.723471599999982,0 -47.67140079999996,-22.723516099999927,0</coordinates></LinearRing></outerBoundaryIs></Polygon></MultiGeometry>
</Placemark>
<Placemark>
<name>Vila Cristina</name>
<ExtendedData>
<Data name="CD_BAIRRO"><value>3538709034</value></Data>
<Data name="NM_BAIRRO"><value>Vila Cristina</value></Data>
<Data name="2000"><value>536.5244371615845</value></Data><Data name="2010"><value>1806.7221951219512</value></Data><Data name="2022"><value>2243.91</value></Data><Data name="delta 00 - 10"><value>2.3674555527800174</value></Data><Data name="delta 10 - 22"><value>0.24197843257720042</value></Data>
</ExtendedData>
<Style>
<LineStyle><color>ff666666</color><width>1</width></LineStyle>
<PolyStyle><color>4dcccccc</color></PolyStyle>
</Style>
<MultiGeometry><Polygon><outerBoundaryIs><LinearRing><coordinates>-47.66346809999993,-22.75096739999998,0 -47.66350669999997,-22.750953,0 -47.663591699999984,-22.750921199999937,0 -47.663703699999985,-22.750860299999943,0 -47.663878599999975,-22.75084929999997,0 -47.66403329999997,-22.750889599999937,0 -47.66419979999995,-22.750939699999947,0 -47.66432159999994,-22.750981199999956,0 -47.664404599999955,-22.750998799999934,0 -47.66449929999993,-22.750998799999934,0 -47.66458009999997,-22.75096209999998,0 -47.66471509999997,-22.75090979999993,0 -47.664911,-22.750831,0 -47.66511179999998,-22.75073279999998,0 -47.66527929999995,-22.750631899999973,0 -47.66536409999998,-22.75060739999998,0 -47.66548569999998,-22.75058489999998,0 -47.66568369999993,-22.75056459999996,0 -47.66589239999996,-22.75055549999996,0 -47.666004199999975,-22.750541299999952,0 -47.66605039999996,-22.750535399999933,0 -47.66609619999997,-22.75052969999996,0 -47.666205899999966,-22.75051609999997,0 -47.66632569999996,-22.750482099999942,0 -47.666455,-22.750451399999974,0 -47.66650649999997,-22.75039259999994,0 -47.66648879999997,-22.750222899999983,0 -47.666510399999936,-22.750120699999968,0 -47.666547299999934,-22.750020199999938,0 -47.66671009999993,-22.74982659999995,0 -47.666769099999954,-22.74975139999998,0 -47.66679389999996,-22.74971979999998,0 -47.66682389999994,-22.749692099999947,0 -47.66715789999995,-22.74938359999993,0 -47.66733,-22.74929179999998,0 -47.66753319999998,-22.74921569999998,0 -47.66776029999994,-22.749168399999974,0 -47.668000699999936,-22.749108399999955,0 -47.66820289999998,-22.74898049999996,0 -47.66833419999995,-22.748887399999944,0 -47.66839519999996,-22.74884049999997,0 -47.66849539999998,-22.74871459999997,0 -47.66863049999995,-22.748514299999954,0 -47.66873579999998,-22.748412,0 -47.668839,-22.748370699999953,0 -47.66903279999997,-22.748321199999964,0 -47.669186199999956,-22.748245699999927,0 -47.669326,-22.748166099999935,0 -47.66944,-22.748043,0 -47.66955159999998,-22.747947,0 -47.669681099999934,-22.74781319999994,0 -47.66979029999993,-22.747653,0 -47.669943,-22.747452,0 -47.67002639999998,-22.74730489999996,0 -47.67016109999997,-22.747142699999927,0 -47.67023309999996,-22.746927399999947,0 -47.670239899999956,-22.746730199999945,0 -47.67018269999994,-22.746591399999943,0 -47.67005379999995,-22.74640249999993,0 -47.66972479999998,-22.74604249999993,0 -47.669277199999954,-22.745559199999946,0 -47.66909629999998,-22.74534289999997,0 -47.669070799999986,-22.745312399999932,0 -47.66914619999994,-22.745272099999966,0 -47.66929349999998,-22.745321599999954,0 -47.669789099999946,-22.745091499999944,0 -47.669888199999946,-22.745019199999945,0 -47.670082,-22.74484639999997,0 -47.67010979999998,-22.744823199999928,0 -47.67011679999996,-22.74481739999993,0 -47.66998659999996,-22.74472069999996,0 -47.669893499999944,-22.744624399999964,0 -47.669821799999966,-22.74453449999993,0 -47.66976489999996,-22.74443569999994,0 -47.66972789999994,-22.744357099999945,0 -47.66973529999996,-22.744353599999954,0 -47.669773299999974,-22.74434109999993,0 -47.66908139999998,-22.742241399999955,0 -47.668977,-22.741895599999964,0 -47.66880039999995,-22.74137819999993,0 -47.66874809999996,-22.741227099999946,0 -47.66871709999998,-22.741136799999936,0 -47.66870789999996,-22.741063899999972,0 -47.66871179999998,-22.74098239999995,0 -47.66875529999993,-22.740857199999937,0 -47.66876959999996,-22.740660799999944,0 -47.668693099999984,-22.740857199999937,0 -47.66858879999995,-22.741023299999938,0 -47.66854809999995,-22.74108209999997,0 -47.66851379999997,-22.741155,0 -47.66849139999994,-22.74132149999997,0 -47.66844659999998,-22.741520799999932,0 -47.66838729999995,-22.741637499999968,0 -47.66829409999997,-22.74169219999993,0 -47.66826059999994,-22.741698,0 -47.66820179999996,-22.741746199999966,0 -47.66810909999998,-22.74182209999998,0 -47.66803459999994,-22.741879899999958,0 -47.667886,-22.74196829999994,0 -47.66782919999997,-22.741926,0 -47.66778179999994,-22.741890699999942,0 -47.66764649999993,-22.741791399999954,0 -47.667365,-22.741686699999946,0 -47.667219699999976,-22.741595699999948,0 -47.66708849999998,-22.741501,0 -47.666904399999964,-22.74137509999997,0 -47.66670849999997,-22.74125159999994,0 -47.66659039999996,-22.741201,0 -47.66655319999995,-22.74118509999994,0 -47.666583199999934,-22.74106649999993,0 -47.666478799999936,-22.740972,0 -47.666367,-22.740918699999952,0 -47.66577059999997,-22.74073139999996,0 -47.665645799999936,-22.74066609999994,0 -47.665553699999975,-22.740567599999963,0 -47.665412799999956,-22.74050449999993,0 -47.665116799999964,-22.740433199999927,0 -47.66396469999995,-22.74015559999998,0 -47.66292889999994,-22.740924399999983,0 -47.661924,-22.74164959999996,0 -47.661647699999946,-22.74184889999998,0 -47.66118249999994,-22.742177699999957,0 -47.66146909999998,-22.742709499999933,0 -47.661503,-22.74277239999998,0 -47.66157929999997,-22.742914,0 -47.66153589999993,-22.74291779999993,0 -47.66143379999994,-22.74292669999994,0 -47.661214,-22.74296549999997,0 -47.66101639999994,-22.74300809999994,0 -47.66086649999994,-22.743046,0 -47.660715299999936,-22.743118699999968,0 -47.660547099999974,-22.74319849999995,0 -47.660303899999974,-22.74327139999997,0 -47.660141299999964,-22.743326799999977,0 -47.660085899999956,-22.743340199999977,0 -47.66000219999995,-22.743360399999972,0 -47.65993169999996,-22.74337739999993,0 -47.659826099999975,-22.74337769999994,0 -47.659712499999955,-22.743381799999952,0 -47.65962609999997,-22.743398499999955,0 -47.65957569999995,-22.74346879999996,0 -47.65948959999997,-22.743540699999983,0 -47.659352799999965,-22.743625899999927,0 -47.65922139999998,-22.74374629999994,0 -47.659058899999934,-22.74390109999996,0 -47.65898519999996,-22.743974899999955,0 -47.658886,-22.744074099999978,0 -47.65878419999996,-22.744187599999975,0 -47.658545799999956,-22.74431009999995,0 -47.65833159999994,-22.74440459999994,0 -47.658146,-22.744453,0 -47.65791959999996,-22.74453939999995,0 -47.65771879999994,-22.744674199999963,0 -47.65752549999996,-22.744819199999938,0 -47.657370399999934,-22.745030199999974,0 -47.65704249999993,-22.745265599999982,0 -47.65679529999994,-22.745389099999954,0 -47.65646849999996,-22.745510899999942,0 -47.65643079999995,-22.745525,0 -47.656367899999964,-22.745574199999965,0 -47.65651969999993,-22.74583219999994,0 -47.65606379999997,-22.74611509999994,0 -47.65579319999995,-22.746385199999963,0 -47.65556979999997,-22.74655139999993,0 -47.65540189999996,-22.746692399999972,0 -47.65525149999996,-22.746769899999947,0 -47.65518089999995,-22.7468,0 -47.65511029999993,-22.746830099999954,0 -47.65443449999998,-22.74700359999997,0 -47.65373959999994,-22.747242,0 -47.65370109999998,-22.747255199999927,0 -47.653526399999976,-22.747351299999934,0 -47.65263009999995,-22.747844399999963,0 -47.652764599999955,-22.748104099999978,0 -47.65290129999994,-22.748366499999975,0 -47.65328859999994,-22.749101499999938,0 -47.653543499999955,-22.749617099999966,0 -47.65381279999997,-22.750136399999974,0 -47.65382109999996,-22.750152499999956,0 -47.65515889999995,-22.749388499999952,0 -47.65528439999997,-22.749316799999974,0 -47.65529429999998,-22.749328599999956,0 -47.65560069999998,-22.74975519999998,0 -47.65572489999994,-22.74975519999998,0 -47.65658229999997,-22.749265299999934,0 -47.65712019999995,-22.75006529999996,0 -47.65735849999993,-22.75041319999997,0 -47.65740709999994,-22.750458,0 -47.657448199999976,-22.750468299999966,0 -47.657523,-22.75044079999998,0 -47.657609,-22.75038559999996,0 -47.65767249999993,-22.75027179999995,0 -47.65768369999995,-22.75022359999997,0 -47.65766879999995,-22.750185699999975,0 -47.657470899999964,-22.74987909999993,0 -47.65772539999995,-22.749744,0 -47.657888699999944,-22.74969,0 -47.65807049999995,-22.74970419999994,0 -47.65820139999994,-22.749745299999972,0 -47.65881449999995,-22.75081739999996,0 -47.65892679999996,-22.751026399999944,0 -47.65899929999995,-22.75116129999998,0 -47.65904809999995,-22.75116769999994,0 -47.65920859999994,-22.751188599999978,0 -47.659515699999986,-22.751192599999968,0 -47.65989939999997,-22.75115909999994,0 -47.66025749999994,-22.75116559999998,0 -47.660495699999956,-22.751206699999955,0 -47.660724899999934,-22.751255,0 -47.66091729999994,-22.751305299999956,0 -47.66116729999993,-22.751332699999978,0 -47.66132739999995,-22.751365499999963,0 -47.66139789999994,-22.751411399999938,0 -47.661503799999934,-22.75144709999995,0 -47.661631399999976,-22.751440199999934,0 -47.66174689999997,-22.751407,0 -47.661845599999936,-22.75139059999998,0 -47.66197,-22.751378399999965,0 -47.66210929999994,-22.75135849999998,0 -47.662283499999944,-22.751320199999952,0 -47.66244819999997,-22.75125739999993,0 -47.6626,-22.75123579999996,0 -47.66274709999993,-22.75121489999998,0 -47.662899,-22.75116639999993,0 -47.66302729999995,-22.751109499999927,0 -47.66311639999998,-22.751109199999973,0 -47.66322239999994,-22.75107559999998,0 -47.663315599999976,-22.751040199999977,0 -47.66343159999997,-22.750984899999935,0 -47.66346809999993,-22.75096739999998,0</coordinates></LinearRing></outerBoundaryIs></Polygon></MultiGeometry>
</Placemark>
<Placemark>
<name>Higienópolis</name>
<ExtendedData>
<Data name="CD_BAIRRO"><value>3538709005</value></Data>
<Data name="NM_BAIRRO"><value>Higienópolis</value></Data>
<Data name="2000"><value>1239.0699588477366</value></Data><Data name="2010"><value>3100.1064356435645</value></Data><Data name="2022"><value>4364.37</value></Data><Data name="delta 00 - 10"><value>1.5019623900223391</value></Data><Data name="delta 10 - 22"><value>0.40781295436199483</value></Data>
</ExtendedData>
<Style>
<LineStyle><color>ff666666</color><width>1</width></LineStyle>
<PolyStyle><color>4dcccccc</color></PolyStyle>
</Style>
<MultiGeometry><Polygon><outerBoundaryIs><LinearRing><coordinates>-47.64687539999994,-22.739233599999977,0 -47.64684609999995,-22.739129,0 -47.64678859999998,-22.738924,0 -47.646768399999985,-22.738774599999942,0 -47.646772,-22.73862719999994,0 -47.646821699999975,-22.738486399999942,0 -47.646905199999935,-22.738335699999936,0 -47.647167699999954,-22.737983499999928,0 -47.64761539999995,-22.737220599999944,0 -47.64767279999995,-22.737060799999938,0 -47.647696,-22.73687689999997,0 -47.64767889999996,-22.73663279999994,0 -47.64766049999997,-22.736252099999945,0 -47.647794499999975,-22.735737399999948,0 -47.64782809999997,-22.735645199999965,0 -47.64783939999995,-22.735577399999954,0 -47.64779579999998,-22.735596699999974,0 -47.64716969999995,-22.735873,0 -47.64630049999994,-22.736272799999938,0 -47.645384699999966,-22.736730299999977,0 -47.644489799999974,-22.737179599999934,0 -47.64445329999995,-22.737198,0 -47.644416699999965,-22.73721649999993,0 -47.64275159999994,-22.73806109999998,0 -47.64257689999994,-22.738127,0 -47.642539899999974,-22.738129399999934,0 -47.64240549999994,-22.73812719999995,0 -47.642399,-22.73812689999994,0 -47.641003499999954,-22.737998699999935,0 -47.64094049999994,-22.737982199999976,0 -47.640867499999956,-22.737949399999934,0 -47.64082639999998,-22.737931,0 -47.64082769999993,-22.73796429999993,0 -47.640811,-22.73804869999998,0 -47.64073719999993,-22.73822709999996,0 -47.64070529999998,-22.738387299999943,0 -47.64072659999994,-22.73858189999993,0 -47.64073929999995,-22.738698099999965,0 -47.640885899999944,-22.739027499999963,0 -47.64117959999993,-22.73969,0 -47.64122729999997,-22.739810499999976,0 -47.64132449999994,-22.74010569999996,0 -47.64133009999995,-22.740146099999947,0 -47.641348499999935,-22.740279199999975,0 -47.641354,-22.740319299999953,0 -47.64135559999994,-22.740359599999977,0 -47.64135829999998,-22.74042479999997,0 -47.64135779999998,-22.740441,0 -47.64135569999996,-22.74058009999993,0 -47.641357,-22.740701599999966,0 -47.64134119999994,-22.74088,0 -47.641314299999976,-22.741059399999983,0 -47.64129339999994,-22.74118139999996,0 -47.64126569999996,-22.741303499999958,0 -47.64125459999997,-22.741343599999936,0 -47.64121689999996,-22.741457199999957,0 -47.641174199999966,-22.741557299999954,0 -47.64107329999996,-22.74177089999995,0 -47.64100819999993,-22.741905,0 -47.64091419999994,-22.742074299999956,0 -47.64086019999996,-22.742172,0 -47.64071139999993,-22.74243739999997,0 -47.640691799999956,-22.742472299999974,0 -47.64067279999995,-22.74250779999994,0 -47.64030559999998,-22.743193,0 -47.64017179999996,-22.743447799999956,0 -47.640057,-22.743665499999963,0 -47.64003309999998,-22.74371169999995,0 -47.640007699999956,-22.743759199999943,0 -47.63990809999996,-22.743941699999937,0 -47.639879399999984,-22.74399429999994,0 -47.63985679999996,-22.744037,0 -47.639838199999986,-22.744077699999934,0 -47.63980789999994,-22.744131599999946,0 -47.639229,-22.745164,0 -47.639197,-22.745317899999975,0 -47.639189199999976,-22.745402299999967,0 -47.63918549999994,-22.745442199999957,0 -47.63918229999996,-22.745482,0 -47.63917909999998,-22.745522199999982,0 -47.63916839999996,-22.745847099999935,0 -47.639166899999964,-22.745891399999948,0 -47.63930849999997,-22.745936399999948,0 -47.639450299999964,-22.745933099999945,0 -47.639591,-22.74592169999994,0 -47.63968059999996,-22.745914399999947,0 -47.63959689999996,-22.74589609999998,0 -47.639633199999935,-22.745358799999963,0 -47.63972639999997,-22.745054599999946,0 -47.640024799999935,-22.74460789999995,0 -47.640092899999956,-22.74448209999997,0 -47.64019489999998,-22.744362099999933,0 -47.64029409999995,-22.74426109999996,0 -47.64046419999994,-22.74414919999998,0 -47.640632799999935,-22.74407009999993,0 -47.64083109999996,-22.744021,0 -47.64099379999993,-22.744011399999977,0 -47.64130739999996,-22.744044199999962,0 -47.64138729999996,-22.744048299999974,0 -47.64204709999996,-22.744111,0 -47.64226309999998,-22.744093299999975,0 -47.64245109999996,-22.744041399999958,0 -47.6429,-22.743972799999938,0 -47.643569,-22.743759199999943,0 -47.64352409999998,-22.743699099999958,0 -47.64353289999997,-22.743635,0 -47.643748899999935,-22.743520399999966,0 -47.64410549999997,-22.743274799999938,0 -47.644515299999966,-22.742939099999944,0 -47.64470959999994,-22.742727499999944,0 -47.644827,-22.742538099999933,0 -47.64489489999994,-22.742349599999955,0 -47.64500949999996,-22.742006199999935,0 -47.645352799999955,-22.742113399999937,0 -47.645694299999946,-22.74221319999998,0 -47.64573369999994,-22.74222439999994,0 -47.64577779999996,-22.742237,0 -47.645833,-22.74222569999995,0 -47.64584919999993,-22.742222399999946,0 -47.64597659999998,-22.741943099999958,0 -47.646156,-22.74155,0 -47.646697,-22.74048,0 -47.646835599999974,-22.74024079999998,0 -47.646847899999955,-22.740134099999977,0 -47.646859699999936,-22.740032199999973,0 -47.64695939999996,-22.739825199999927,0 -47.646984,-22.739704,0 -47.64697479999995,-22.739587899999947,0 -47.64694819999994,-22.739493,0 -47.64687539999994,-22.739233599999977,0</coordinates></LinearRing></outerBoundaryIs></Polygon></MultiGeometry>
</Placemark>
<Placemark>
<name>Paulicéia</name>
<ExtendedData>
<Data name="CD_BAIRRO"><value>3538709031</value></Data>
<Data name="NM_BAIRRO"><value>Paulicéia</value></Data>
<Data name="2000"><value>747.6763656114215</value></Data><Data name="2010"><value>2324.898035050451</value></Data><Data name="2022"><value>3444.73</value></Data><Data name="delta 00 - 10"><value>2.1094978281802947</value></Data><Data name="delta 10 - 22"><value>0.4816692810036497</value></Data>
</ExtendedData>
<Style>
<LineStyle><color>ff666666</color><width>1</width></LineStyle>
<PolyStyle><color>4dcccccc</color></PolyStyle>
</Style>
<MultiGeometry><Polygon><outerBoundaryIs><LinearRing><coordinates>-47.64795779999997,-22.753483399999936,0 -47.64800059999993,-22.753487699999937,0 -47.648051,-22.753492799999947,0 -47.64809779999996,-22.75348139999994,0 -47.648163,-22.753451,0 -47.64923569999996,-22.752823899999953,0 -47.64927809999995,-22.752798199999972,0 -47.650175,-22.752268,0 -47.651207899999974,-22.751652399999955,0 -47.65180019999997,-22.751307899999972,0 -47.65223809999998,-22.75105309999998,0 -47.65275619999994,-22.750751699999967,0 -47.653372099999956,-22.750396099999932,0 -47.65382109999996,-22.750152499999956,0 -47.65381279999997,-22.750136399999974,0 -47.653543499999955,-22.749617099999966,0 -47.65328859999994,-22.749101499999938,0 -47.65290129999994,-22.748366499999975,0 -47.652764599999955,-22.748104099999978,0 -47.65263009999995,-22.747844399999963,0 -47.653526399999976,-22.747351299999934,0 -47.65370109999998,-22.747255199999927,0 -47.65373959999994,-22.747242,0 -47.65443449999998,-22.74700359999997,0 -47.65511029999993,-22.746830099999954,0 -47.65518089999995,-22.7468,0 -47.65525149999996,-22.746769899999947,0 -47.65540189999996,-22.746692399999972,0 -47.65556979999997,-22.74655139999993,0 -47.65579319999995,-22.746385199999963,0 -47.65606379999997,-22.74611509999994,0 -47.65651969999993,-22.74583219999994,0 -47.656367899999964,-22.745574199999965,0 -47.65643079999995,-22.745525,0 -47.656206199999986,-22.745092799999952,0 -47.65616879999993,-22.74498749999998,0 -47.65614409999995,-22.74491789999996,0 -47.65588159999993,-22.744285699999978,0 -47.655459,-22.74344209999998,0 -47.65503709999996,-22.74259989999996,0 -47.654611699999975,-22.74171789999997,0 -47.65419989999998,-22.74087839999993,0 -47.653776499999935,-22.74001889999994,0 -47.65336959999996,-22.739155299999936,0 -47.65297579999998,-22.73834279999994,0 -47.652566399999955,-22.737498199999948,0 -47.652478,-22.73731989999993,0 -47.65215929999994,-22.736677,0 -47.652141599999936,-22.73663319999997,0 -47.651197399999944,-22.737068799999975,0 -47.65050969999993,-22.73738789999993,0 -47.650307099999964,-22.737485899999967,0 -47.64961349999993,-22.737830799999983,0 -47.64938609999996,-22.73793429999995,0 -47.649384,-22.737935299999947,0 -47.64884409999996,-22.738192899999945,0 -47.64874039999995,-22.738247899999976,0 -47.64865869999994,-22.738296599999956,0 -47.64827959999997,-22.73853209999993,0 -47.648125799999946,-22.738619,0 -47.64783,-22.738785,0 -47.647478399999954,-22.738962,0 -47.64719439999993,-22.739089399999955,0 -47.64707669999996,-22.739125199999933,0 -47.646988299999975,-22.739169299999958,0 -47.646951899999976,-22.739187399999935,0 -47.64691629999993,-22.739208899999937,0 -47.646911,-22.73921219999994,0 -47.64687539999994,-22.739233599999977,0 -47.64694819999994,-22.739493,0 -47.64697479999995,-22.739587899999947,0 -47.646984,-22.739704,0 -47.64695939999996,-22.739825199999927,0 -47.646859699999936,-22.740032199999973,0 -47.646847899999955,-22.740134099999977,0 -47.646835599999974,-22.74024079999998,0 -47.646697,-22.74048,0 -47.646156,-22.74155,0 -47.64597659999998,-22.741943099999958,0 -47.64584919999993,-22.742222399999946,0 -47.645833,-22.74222569999995,0 -47.64577779999996,-22.742237,0 -47.64554819999995,-22.74267569999995,0 -47.64552979999996,-22.742710899999963,0 -47.645512,-22.742747099999974,0 -47.64519349999995,-22.743394,0 -47.64459339999996,-22.744537099999945,0 -47.64428869999995,-22.745123199999966,0 -47.64426449999996,-22.745169699999963,0 -47.644361499999945,-22.74514769999996,0 -47.644432,-22.74514279999994,0 -47.64441309999995,-22.74537859999998,0 -47.64431469999994,-22.746309699999983,0 -47.64430169999997,-22.746727799999974,0 -47.64430539999995,-22.74740309999993,0 -47.64427949999998,-22.748677699999973,0 -47.64424369999995,-22.74923739999997,0 -47.644227899999976,-22.749615699999936,0 -47.644213699999966,-22.749867,0 -47.644232399999964,-22.750555,0 -47.64405719999996,-22.751307399999973,0 -47.64400129999996,-22.751447799999937,0 -47.64371909999994,-22.752314199999944,0 -47.64345359999993,-22.753220399999975,0 -47.643259599999965,-22.753855199999975,0 -47.643199,-22.75403749999998,0 -47.64314059999998,-22.754285799999934,0 -47.643133499999976,-22.75456769999994,0 -47.643138599999986,-22.754849099999944,0 -47.64316809999997,-22.755117499999983,0 -47.64322709999993,-22.75538389999997,0 -47.64329249999997,-22.755617899999947,0 -47.64338379999998,-22.75583649999993,0 -47.64349559999994,-22.756043199999965,0 -47.64365069999997,-22.756294199999957,0 -47.643875299999934,-22.756594899999982,0 -47.644288,-22.756983599999955,0 -47.64432379999994,-22.757081,0 -47.64433429999997,-22.75715139999994,0 -47.644326399999954,-22.757226599999967,0 -47.64428689999994,-22.75729579999995,0 -47.64421719999996,-22.757350499999973,0 -47.644070699999986,-22.757410599999957,0 -47.644431399999974,-22.75747769999998,0 -47.64479759999995,-22.757576399999948,0 -47.645345599999985,-22.757736199999954,0 -47.64543169999996,-22.757795899999962,0 -47.64550589999993,-22.75787239999994,0 -47.64557149999996,-22.75796939999998,0 -47.645595499999956,-22.758145799999966,0 -47.645633499999974,-22.75821019999995,0 -47.64567989999995,-22.758249399999954,0 -47.64574619999996,-22.758273799999927,0 -47.64581389999995,-22.758281199999942,0 -47.645883399999946,-22.75826969999997,0 -47.64602159999998,-22.758063299999947,0 -47.646140799999955,-22.757847899999945,0 -47.64624619999995,-22.757559199999946,0 -47.64631449999996,-22.75739189999996,0 -47.646382899999935,-22.757224699999938,0 -47.646998199999985,-22.755764299999953,0 -47.647795,-22.753871799999956,0 -47.64787329999996,-22.753669199999933,0 -47.64795779999997,-22.753483399999936,0</coordinates></LinearRing></outerBoundaryIs></Polygon></MultiGeometry>
</Placemark>
<Placemark>
<name>Jardim Califórnia</name>
<ExtendedData>
<Data name="CD_BAIRRO"><value>3538709028</value></Data>
<Data name="NM_BAIRRO"><value>Jardim Califórnia</value></Data>
<Data name="2000"><value>844.2596774193548</value></Data><Data name="2010"><value>2358.1556420233464</value></Data><Data name="2022"><value>3777.87</value></Data><Data name="delta 00 - 10"><value>1.7931638867694255</value></Data><Data name="delta 10 - 22"><value>0.6020443827696246</value></Data>
</ExtendedData>
<Style>
<LineStyle><color>ff666666</color><width>1</width></LineStyle>
<PolyStyle><color>4dcccccc</color></PolyStyle>
</Style>
<MultiGeometry><Polygon><outerBoundaryIs><LinearRing><coordinates>-47.64483549999994,-22.76277659999994,0 -47.64485769999993,-22.762696,0 -47.64499519999998,-22.762269799999956,0 -47.645061699999985,-22.761855399999945,0 -47.645068099999946,-22.761815799999965,0 -47.645095599999934,-22.761357799999928,0 -47.645150599999965,-22.760757699999942,0 -47.64515409999996,-22.76072789999995,0 -47.645160299999986,-22.760682799999927,0 -47.645209499999964,-22.760351499999956,0 -47.64525119999996,-22.760139099999947,0 -47.64528939999997,-22.759948299999962,0 -47.64537429999996,-22.759557899999947,0 -47.645431299999984,-22.759339299999965,0 -47.645442199999934,-22.759301599999958,0 -47.645473599999946,-22.759193599999946,0 -47.64548739999998,-22.759147499999983,0 -47.64561469999995,-22.758730299999968,0 -47.64561839999993,-22.75855819999998,0 -47.645623,-22.758397799999955,0 -47.645595499999956,-22.758145799999966,0 -47.64557149999996,-22.75796939999998,0 -47.64550589999993,-22.75787239999994,0 -47.64543169999996,-22.757795899999962,0 -47.645345599999985,-22.757736199999954,0 -47.64479759999995,-22.757576399999948,0 -47.644431399999974,-22.75747769999998,0 -47.644070699999986,-22.757410599999957,0 -47.643801,-22.757401,0 -47.643666199999984,-22.757396099999937,0 -47.64339119999994,-22.75739429999993,0 -47.64319009999997,-22.757378899999935,0 -47.64300209999993,-22.757325699999967,0 -47.642818799999986,-22.757232099999953,0 -47.642177699999934,-22.756852099999946,0 -47.64200649999998,-22.756799899999976,0 -47.641054699999984,-22.756546199999946,0 -47.64005769999994,-22.756273299999975,0 -47.639094399999976,-22.75600959999997,0 -47.63823259999998,-22.75577059999995,0 -47.638142,-22.75573079999998,0 -47.63818759999998,-22.75567579999995,0 -47.63757959999998,-22.755345,0 -47.63752669999997,-22.755406799999946,0 -47.63744829999996,-22.755582499999946,0 -47.63739849999996,-22.75567579999995,0 -47.637361099999964,-22.755745899999965,0 -47.637343199999975,-22.755779299999972,0 -47.637324,-22.75581479999994,0 -47.63715519999994,-22.756125699999927,0 -47.63712449999997,-22.75619389999997,0 -47.63710609999998,-22.75623479999996,0 -47.637093499999935,-22.75627259999993,0 -47.63706939999997,-22.756345099999976,0 -47.637014799999974,-22.75652109999993,0 -47.636949899999934,-22.756778699999927,0 -47.63694009999995,-22.756817499999954,0 -47.636934,-22.756857599999933,0 -47.63677359999997,-22.75789839999993,0 -47.63670959999996,-22.75836879999997,0 -47.63662289999996,-22.759279599999957,0 -47.63657079999996,-22.75998549999997,0 -47.63656869999994,-22.760297099999946,0 -47.63656839999993,-22.760341599999947,0 -47.636574199999984,-22.760387599999945,0 -47.636594799999955,-22.760551199999952,0 -47.636600699999974,-22.760598699999946,0 -47.636609299999975,-22.76064189999994,0 -47.636654599999986,-22.760870299999965,0 -47.63681649999995,-22.76135949999997,0 -47.637167699999964,-22.762175499999955,0 -47.63718359999996,-22.76221229999993,0 -47.63720319999993,-22.762257399999953,0 -47.63721979999997,-22.762294,0 -47.63732349999998,-22.762522299999944,0 -47.63798339999994,-22.76414529999994,0 -47.63801859999995,-22.764262,0 -47.63804209999995,-22.764384199999938,0 -47.63805,-22.764424899999938,0 -47.638057499999945,-22.764464,0 -47.63807,-22.764529599999946,0 -47.63810239999998,-22.764607099999978,0 -47.63814,-22.764643499999977,0 -47.638208599999984,-22.76471,0 -47.638446399999964,-22.76535739999997,0 -47.63891789999997,-22.766390499999943,0 -47.639105,-22.766834699999947,0 -47.639180899999985,-22.766979299999946,0 -47.63940839999998,-22.767557799999963,0 -47.63953249999997,-22.767912699999954,0 -47.639592799999946,-22.768228299999976,0 -47.63966209999995,-22.76859109999998,0 -47.639769299999955,-22.769123299999933,0 -47.63981689999997,-22.769156599999974,0 -47.640036,-22.769269,0 -47.640246,-22.769338,0 -47.640499,-22.769511,0 -47.640772,-22.769735,0 -47.641062,-22.76996,0 -47.641381,-22.770212,0 -47.641819,-22.770502,0 -47.642287,-22.770793,0 -47.642392,-22.770866,0 -47.642678,-22.771017,0 -47.642826,-22.771102,0 -47.642986,-22.771198,0 -47.643162,-22.771415,0 -47.643191,-22.771431,0 -47.643263,-22.77155,0 -47.643282,-22.771572,0 -47.643298,-22.771669,0 -47.64382,-22.7717,0 -47.644516,-22.771736,0 -47.645329,-22.77187,0 -47.645426499999985,-22.77187319999996,0 -47.645468,-22.771875799999975,0 -47.64550929999996,-22.771877099999983,0 -47.648074,-22.771983,0 -47.64830779999994,-22.772018599999967,0 -47.648355299999935,-22.772028199999966,0 -47.64840229999993,-22.77203529999997,0 -47.64843019999995,-22.77204219999993,0 -47.646235299999944,-22.76698639999995,0 -47.645818,-22.766025199999945,0 -47.64569439999997,-22.765670799999953,0 -47.64558669999997,-22.76531689999996,0 -47.64548609999997,-22.76494729999996,0 -47.64541409999998,-22.76464249999998,0 -47.645353099999966,-22.764520699999935,0 -47.64524259999996,-22.764299799999947,0 -47.64508529999995,-22.763979699999936,0 -47.64489439999994,-22.763658299999975,0 -47.64484679999998,-22.763523799999973,0 -47.64482559999993,-22.763410799999974,0 -47.64479189999997,-22.762966199999937,0 -47.64482019999997,-22.76283239999998,0 -47.64483549999994,-22.76277659999994,0</coordinates></LinearRing></outerBoundaryIs></Polygon></MultiGeometry>
</Placemark>
<Placemark>
<name>Parque da Rua do Porto</name>
<ExtendedData>
<Data name="CD_BAIRRO"><value>3538709038</value></Data>
<Data name="NM_BAIRRO"><value>Parque da Rua do Porto</value></Data>
<Data name="2000"><value>1410.6771844660195</value></Data><Data name="2010"><value>2127.9224137931033</value></Data><Data name="2022"><value>2845.11</value></Data><Data name="delta 00 - 10"><value>0.5084403697920308</value></Data><Data name="delta 10 - 22"><value>0.3370365298838516</value></Data>
</ExtendedData>
<Style>
<LineStyle><color>ff666666</color><width>1</width></LineStyle>
<PolyStyle><color>4dcccccc</color></PolyStyle>
</Style>
<MultiGeometry><Polygon><outerBoundaryIs><LinearRing><coordinates>-47.65654029999996,-22.721885,0 -47.656243,-22.721288399999935,0 -47.65610769999995,-22.720912399999975,0 -47.65595579999996,-22.720421099999953,0 -47.655742299999986,-22.71991989999998,0 -47.65540009999995,-22.719370099999935,0 -47.65520259999994,-22.719162799999935,0 -47.654966799999954,-22.718863,0 -47.65477379999993,-22.718577599999946,0 -47.654620499999965,-22.718198599999937,0 -47.65456709999995,-22.717741599999954,0 -47.65450679999998,-22.717484499999955,0 -47.654412,-22.717279899999937,0 -47.65420919999997,-22.716977,0 -47.653972599999975,-22.71675659999994,0 -47.65360149999998,-22.716514599999982,0 -47.653196099999946,-22.71619839999994,0 -47.65289429999996,-22.715845899999977,0 -47.652569599999936,-22.71555449999994,0 -47.65226169999994,-22.715301799999963,0 -47.65190489999998,-22.71495219999997,0 -47.651743099999976,-22.71463019999993,0 -47.65168289999997,-22.714447199999938,0 -47.651670399999944,-22.714409,0 -47.65166169999998,-22.714382499999942,0 -47.650714499999935,-22.714791599999955,0 -47.65025149999997,-22.714988,0 -47.65014089999994,-22.715050799999972,0 -47.65007039999995,-22.715090799999928,0 -47.65004769999996,-22.71510379999995,0 -47.649915,-22.715153399999963,0 -47.649783699999944,-22.71519109999997,0 -47.64971379999997,-22.71520579999998,0 -47.64963869999997,-22.715214899999978,0 -47.649681199999975,-22.715285299999948,0 -47.64970669999997,-22.715327599999966,0 -47.64986709999994,-22.715592799999968,0 -47.650140799999974,-22.716047599999968,0 -47.650284699999986,-22.716294499999947,0 -47.65042479999994,-22.716546199999982,0 -47.650527,-22.716744699999936,0 -47.65076129999994,-22.71713449999993,0 -47.651261799999986,-22.717998499999965,0 -47.65174269999994,-22.71886159999997,0 -47.65217749999994,-22.719611699999973,0 -47.652670099999966,-22.720428199999958,0 -47.653388,-22.720063599999946,0 -47.65387029999994,-22.72093949999993,0 -47.65427729999993,-22.721779099999935,0 -47.654756599999985,-22.722674,0 -47.655178,-22.723488499999974,0 -47.65566639999997,-22.72441559999993,0 -47.65602739999997,-22.72502609999998,0 -47.656303399999956,-22.725437399999976,0 -47.656475099999966,-22.725647,0 -47.656798899999956,-22.726044599999966,0 -47.65721869999993,-22.726849,0 -47.65745009999995,-22.727125099999967,0 -47.657551499999954,-22.727217699999983,0 -47.65769339999997,-22.727345799999966,0 -47.657871399999976,-22.727452599999936,0 -47.65807929999994,-22.72752459999998,0 -47.65835929999997,-22.72751439999996,0 -47.660589,-22.727337399999954,0 -47.66078379999993,-22.727361799999983,0 -47.66092589999994,-22.727442,0 -47.66147269999993,-22.72766059999998,0 -47.66266409999997,-22.728009499999928,0 -47.663169,-22.72810519999996,0 -47.66465989999995,-22.728277499999933,0 -47.665160199999946,-22.728363899999977,0 -47.665450599999986,-22.728414,0 -47.66565629999997,-22.728449599999976,0 -47.665733099999954,-22.728466899999944,0 -47.66579839999997,-22.72846549999997,0 -47.66588319999994,-22.72845659999996,0 -47.66605969999995,-22.72841079999995,0 -47.666294,-22.728273099999967,0 -47.6665,-22.728168899999957,0 -47.66751679999993,-22.72742759999994,0 -47.667882,-22.72713269999997,0 -47.668478,-22.72655679999997,0 -47.66932749999995,-22.72574529999997,0 -47.669299699999954,-22.725716499999976,0 -47.66928989999997,-22.725703,0 -47.66949029999995,-22.725487,0 -47.66968609999998,-22.72517249999993,0 -47.66970709999998,-22.725130699999966,0 -47.669644,-22.72510159999996,0 -47.66958189999997,-22.72504289999995,0 -47.66955009999998,-22.724937099999977,0 -47.669578799999954,-22.72481819999996,0 -47.66964239999993,-22.724713899999983,0 -47.66975549999995,-22.72460959999995,0 -47.66992749999997,-22.72448769999994,0 -47.670086699999956,-22.724389299999928,0 -47.670065299999976,-22.724355499999945,0 -47.669656,-22.72401,0 -47.66901779999995,-22.724326099999928,0 -47.66849359999998,-22.724542799999938,0 -47.667911,-22.724750099999937,0 -47.66707059999993,-22.724986899999976,0 -47.666350199999954,-22.72515839999994,0 -47.66627219999998,-22.725177,0 -47.666179399999976,-22.72519909999994,0 -47.666078899999945,-22.725216399999965,0 -47.66600009999996,-22.72523,0 -47.66525749999994,-22.725358299999982,0 -47.66449329999995,-22.725364299999967,0 -47.663269199999945,-22.72529839999993,0 -47.66229219999997,-22.72523,0 -47.66138879999994,-22.725252,0 -47.66064949999998,-22.725170899999966,0 -47.659805,-22.724949699999968,0 -47.65903909999997,-22.724704299999928,0 -47.65850679999994,-22.724443,0 -47.658001,-22.72409689999995,0 -47.65764539999998,-22.72371329999993,0 -47.657216699999935,-22.723166899999967,0 -47.65689589999994,-22.72258519999997,0 -47.656710199999964,-22.722233099999983,0 -47.65654029999996,-22.721885,0</coordinates></LinearRing></outerBoundaryIs></Polygon></MultiGeometry>
</Placemark>
<Placemark>
<name>Jardim Elite</name>
<ExtendedData>
<Data name="CD_BAIRRO"><value>3538709006</value></Data>
<Data name="NM_BAIRRO"><value>Jardim Elite</value></Data>
<Data name="2000"><value>1972.1068059299191</value></Data><Data name="2010"><value>4427.481116584565</value></Data><Data name="2022"><value>7081.17</value></Data><Data name="delta 00 - 10"><value>1.2450513852858232</value></Data><Data name="delta 10 - 22"><value>0.5993676344491191</value></Data>
</ExtendedData>
<Style>
<LineStyle><color>ff666666</color><width>1</width></LineStyle>
<PolyStyle><color>4dcccccc</color></PolyStyle>
</Style>
<MultiGeometry><Polygon><outerBoundaryIs><LinearRing><coordinates>-47.64121689999996,-22.741457199999957,0 -47.64125459999997,-22.741343599999936,0 -47.64126569999996,-22.741303499999958,0 -47.64129339999994,-22.74118139999996,0 -47.641314299999976,-22.741059399999983,0 -47.64134119999994,-22.74088,0 -47.641357,-22.740701599999966,0 -47.64135569999996,-22.74058009999993,0 -47.64135779999998,-22.740441,0 -47.64135829999998,-22.74042479999997,0 -47.64135559999994,-22.740359599999977,0 -47.641354,-22.740319299999953,0 -47.641348499999935,-22.740279199999975,0 -47.64133009999995,-22.740146099999947,0 -47.64132449999994,-22.74010569999996,0 -47.64122729999997,-22.739810499999976,0 -47.64117959999993,-22.73969,0 -47.640885899999944,-22.739027499999963,0 -47.64073929999995,-22.738698099999965,0 -47.64072659999994,-22.73858189999993,0 -47.64070529999998,-22.738387299999943,0 -47.64073719999993,-22.73822709999996,0 -47.640811,-22.73804869999998,0 -47.64082769999993,-22.73796429999993,0 -47.64082639999998,-22.737931,0 -47.640826199999935,-22.73785639999994,0 -47.64080739999997,-22.73775409999996,0 -47.64077189999995,-22.73765,0 -47.64069219999993,-22.73753759999994,0 -47.640504,-22.737143,0 -47.64035519999993,-22.73682109999993,0 -47.639883399999974,-22.735999799999945,0 -47.63983849999994,-22.736016699999936,0 -47.639818599999955,-22.73598119999997,0 -47.639396499999975,-22.735231599999963,0 -47.63889429999995,-22.734323899999936,0 -47.63887489999996,-22.734288899999967,0 -47.63883539999995,-22.734308,0 -47.63856479999998,-22.734448099999952,0 -47.63770709999994,-22.73488089999995,0 -47.63739719999995,-22.73506889999993,0 -47.637024,-22.735937399999955,0 -47.637001199999986,-22.736224499999935,0 -47.63699369999995,-22.73648959999997,0 -47.63709749999998,-22.736847,0 -47.637173099999984,-22.737084799999934,0 -47.63744449999996,-22.737992299999974,0 -47.63745419999998,-22.738243799999964,0 -47.63738569999998,-22.738817,0 -47.63731519999993,-22.73923309999998,0 -47.637024,-22.73973079999996,0 -47.63690679999996,-22.73995259999998,0 -47.636475,-22.740853699999946,0 -47.63624269999997,-22.74140079999995,0 -47.63603379999995,-22.742012599999953,0 -47.635945299999946,-22.742279199999928,0 -47.635815,-22.74263979999995,0 -47.63568019999997,-22.743014699999947,0 -47.635256899999945,-22.74419469999998,0 -47.634682,-22.745291899999927,0 -47.63411139999994,-22.746397499999944,0 -47.63407889999996,-22.74648149999996,0 -47.633717599999954,-22.747197399999948,0 -47.63370629999997,-22.747306599999945,0 -47.633714,-22.747453699999937,0 -47.633753499999955,-22.747519099999977,0 -47.63381229999993,-22.74757989999995,0 -47.63387389999997,-22.747624,0 -47.63393649999995,-22.74764779999998,0 -47.63404859999997,-22.747662899999966,0 -47.63460729999997,-22.74755659999994,0 -47.635730499999966,-22.746960199999933,0 -47.636654,-22.746267,0 -47.63695659999996,-22.74607089999995,0 -47.63698139999997,-22.745962499999962,0 -47.63703869999995,-22.745892899999944,0 -47.63717539999993,-22.745789799999955,0 -47.63832519999994,-22.744936199999927,0 -47.638765699999965,-22.74455169999993,0 -47.63904249999996,-22.744362699999954,0 -47.639253,-22.74424629999993,0 -47.63955389999995,-22.744143299999962,0 -47.63985679999996,-22.744037,0 -47.639879399999984,-22.74399429999994,0 -47.63990809999996,-22.743941699999937,0 -47.640007699999956,-22.743759199999943,0 -47.64003309999998,-22.74371169999995,0 -47.640057,-22.743665499999963,0 -47.64017179999996,-22.743447799999956,0 -47.64030559999998,-22.743193,0 -47.64067279999995,-22.74250779999994,0 -47.640691799999956,-22.742472299999974,0 -47.64071139999993,-22.74243739999997,0 -47.64086019999996,-22.742172,0 -47.64091419999994,-22.742074299999956,0 -47.64100819999993,-22.741905,0 -47.64107329999996,-22.74177089999995,0 -47.641174199999966,-22.741557299999954,0 -47.64121689999996,-22.741457199999957,0</coordinates></LinearRing></outerBoundaryIs></Polygon></MultiGeometry>
</Placemark>
<Placemark>
<name>Areião</name>
<ExtendedData>
<Data name="CD_BAIRRO"><value>3538709051</value></Data>
<Data name="NM_BAIRRO"><value>Areião</value></Data>
<Data name="2000"><value>844.0802997858673</value></Data><Data name="2010"><value>2880.6378600823045</value></Data><Data name="2022"><value>3621.48</value></Data><Data name="delta 00 - 10"><value>2.4127533373460874</value></Data><Data name="delta 10 - 22"><value>0.257179894142101</value></Data>
</ExtendedData>
<Style>
<LineStyle><color>ff666666</color><width>1</width></LineStyle>
<PolyStyle><color>4dcccccc</color></PolyStyle>
</Style>
<MultiGeometry><Polygon><outerBoundaryIs><LinearRing><coordinates>-47.65387969999995,-22.703657499999963,0 -47.65401739999993,-22.703721,0 -47.65417889999998,-22.70381279999998,0 -47.654503799999986,-22.704078799999934,0 -47.65460639999998,-22.70420839999997,0 -47.654695,-22.704380799999967,0 -47.654735899999935,-22.70448349999998,0 -47.65482639999993,-22.70486089999997,0 -47.65489969999993,-22.705256,0 -47.65493059999994,-22.70542249999994,0 -47.654831299999955,-22.70565279999994,0 -47.65489349999996,-22.705610399999955,0 -47.655388899999934,-22.705272299999933,0 -47.655763,-22.70489249999997,0 -47.65725729999997,-22.70317639999996,0 -47.65733019999993,-22.703099399999928,0 -47.65729169999997,-22.703070899999943,0 -47.657259299999964,-22.70304679999998,0 -47.657429,-22.702875399999982,0 -47.65749089999997,-22.702669499999956,0 -47.65751069999993,-22.702235799999983,0 -47.65743719999995,-22.702153299999964,0 -47.65733749999998,-22.702020499999946,0 -47.656776,-22.701506,0 -47.65622469999994,-22.701003499999956,0 -47.65549439999995,-22.70025,0 -47.65474809999995,-22.699477199999933,0 -47.65418219999998,-22.69891439999998,0 -47.653882899999985,-22.698651299999938,0 -47.65364809999994,-22.698472699999968,0 -47.65354139999994,-22.698391499999957,0 -47.65321749999998,-22.698112099999946,0 -47.652897,-22.69766059999995,0 -47.65244279999996,-22.697173299999974,0 -47.65152729999994,-22.696325499999944,0 -47.65024569999997,-22.695299,0 -47.647270299999946,-22.692921099999978,0 -47.64664309999995,-22.69242319999995,0 -47.64581259999994,-22.691764599999942,0 -47.64577509999998,-22.691735499999936,0 -47.64481469999998,-22.690969499999937,0 -47.644752799999935,-22.69092,0 -47.64303449999994,-22.689558899999952,0 -47.64162249999998,-22.68844459999997,0 -47.640657799999985,-22.687655199999938,0 -47.64025049999998,-22.687224199999946,0 -47.64022369999998,-22.68725409999996,0 -47.635342399999956,-22.692701799999952,0 -47.63531539999997,-22.692731899999956,0 -47.635289099999966,-22.692761599999983,0 -47.635197199999936,-22.69286539999996,0 -47.635158,-22.692909699999973,0 -47.635121099999935,-22.69294919999993,0 -47.63509039999997,-22.692982099999938,0 -47.63506309999997,-22.693011299999966,0 -47.63503629999997,-22.69304109999996,0 -47.63460759999998,-22.693517399999962,0 -47.63471619999996,-22.69359979999996,0 -47.634860199999935,-22.69385189999997,0 -47.63487259999994,-22.694107199999962,0 -47.634838599999966,-22.694515699999954,0 -47.63480959999998,-22.694807699999956,0 -47.634781799999985,-22.695244199999934,0 -47.63473789999995,-22.69573809999997,0 -47.63472189999993,-22.69619229999995,0 -47.63473789999995,-22.696694399999956,0 -47.634839,-22.697259799999983,0 -47.635009099999934,-22.69781489999997,0 -47.635213299999975,-22.69827129999993,0 -47.635614799999985,-22.69876789999995,0 -47.63598849999994,-22.69904839999998,0 -47.63643719999993,-22.699306199999967,0 -47.637027899999964,-22.699560899999938,0 -47.63738069999994,-22.69977389999997,0 -47.63795509999994,-22.70025739999994,0 -47.63839959999996,-22.70060479999995,0 -47.63889259999996,-22.70090289999996,0 -47.63941079999995,-22.701190399999973,0 -47.64018669999996,-22.701628099999937,0 -47.64073629999996,-22.70192739999993,0 -47.64119839999995,-22.702164899999957,0 -47.64165329999997,-22.702372899999943,0 -47.642064,-22.70266,0 -47.642678599999954,-22.703183699999954,0 -47.64343329999997,-22.703861099999983,0 -47.64403349999998,-22.70438759999996,0 -47.64449079999997,-22.704810599999973,0 -47.64487419999995,-22.705090799999937,0 -47.645399,-22.705297599999938,0 -47.645990799999936,-22.705498699999964,0 -47.64657729999993,-22.70564449999995,0 -47.64691119999998,-22.705674599999952,0 -47.64695419999998,-22.705678499999976,0 -47.64699719999993,-22.705682399999944,0 -47.647135299999945,-22.70569489999997,0 -47.647576399999934,-22.704638099999954,0 -47.64798559999997,-22.70346909999995,0 -47.648150499999986,-22.703061599999955,0 -47.648194599999954,-22.70301,0 -47.64838739999993,-22.70285649999994,0 -47.64842919999995,-22.702823199999955,0 -47.64847159999994,-22.702789499999938,0 -47.64855219999998,-22.702725199999975,0 -47.649941799999965,-22.70295539999995,0 -47.65053,-22.70305419999994,0 -47.65130849999997,-22.703213799999958,0 -47.65154309999997,-22.703261899999973,0 -47.65232489999994,-22.703385399999945,0 -47.65254769999996,-22.70340649999997,0 -47.65275249999996,-22.703425899999957,0 -47.65305069999994,-22.70345409999993,0 -47.653484299999946,-22.70353629999994,0 -47.653710699999976,-22.703594,0 -47.65387969999995,-22.703657499999963,0</coordinates></LinearRing></outerBoundaryIs></Polygon></MultiGeometry>
</Placemark>
<Placemark>
<name>Vila Resende</name>
<ExtendedData>
<Data name="CD_BAIRRO"><value>3538709048</value></Data>
<Data name="NM_BAIRRO"><value>Vila Resende</value></Data>
<Data name="2000"><value></value></Data><Data name="2010"><value></value></Data><Data name="2022"><value></value></Data><Data name="delta 00 - 10"><value></value></Data><Data name="delta 10 - 22"><value></value></Data>
</ExtendedData>
<Style>
<LineStyle><color>ff666666</color><width>1</width></LineStyle>
<PolyStyle><color>4dcccccc</color></PolyStyle>
</Style>
<MultiGeometry><Polygon><outerBoundaryIs><LinearRing><coordinates>-47.65963259999995,-22.714604399999928,0 -47.65978409999997,-22.714701099999957,0 -47.66100789999996,-22.714142099999947,0 -47.66199279999995,-22.713733299999944,0 -47.66285519999997,-22.713362599999982,0 -47.66297759999998,-22.71326579999993,0 -47.66334469999998,-22.713131399999952,0 -47.66378759999998,-22.712932499999965,0 -47.66396249999997,-22.712851899999976,0 -47.66427719999996,-22.71272289999996,0 -47.66473169999995,-22.712524,0 -47.66446949999994,-22.711991799999964,0 -47.66419559999997,-22.711475699999937,0 -47.663945,-22.71095429999997,0 -47.66368269999998,-22.710443599999962,0 -47.663391399999966,-22.709906,0 -47.66310579999998,-22.709400699999946,0 -47.662791099999936,-22.708954499999948,0 -47.66231329999994,-22.70822869999995,0 -47.661748,-22.707422399999928,0 -47.661316699999986,-22.706766499999958,0 -47.66096709999994,-22.70625579999995,0 -47.660576599999956,-22.705664399999932,0 -47.65996469999993,-22.704772,0 -47.65925379999993,-22.70367529999993,0 -47.65840289999994,-22.70240119999994,0 -47.65832539999997,-22.702345299999934,0 -47.658351,-22.702315299999952,0 -47.65848269999998,-22.702160299999946,0 -47.658698399999935,-22.701959099999954,0 -47.658869599999946,-22.70186689999997,0 -47.65906279999996,-22.701808899999946,0 -47.659209299999986,-22.701799199999982,0 -47.65945829999998,-22.70180149999993,0 -47.65977549999997,-22.701819499999942,0 -47.66018349999996,-22.701834,0 -47.660401099999945,-22.701830599999937,0 -47.66059809999996,-22.701805599999943,0 -47.66078589999995,-22.701738899999953,0 -47.660922599999935,-22.701672499999972,0 -47.661014799999975,-22.701616199999933,0 -47.661049,-22.70159519999993,0 -47.66107929999998,-22.70156879999996,0 -47.66112769999995,-22.701526499999943,0 -47.66127229999995,-22.701336599999934,0 -47.66135559999998,-22.701170699999977,0 -47.66143869999996,-22.700907299999983,0 -47.661495499999944,-22.70075739999993,0 -47.661569199999974,-22.700614499999972,0 -47.661631099999965,-22.700416,0 -47.66195829999998,-22.69985369999995,0 -47.661911499999974,-22.69978889999993,0 -47.66188779999993,-22.699756099999945,0 -47.66147989999996,-22.69920769999993,0 -47.66137289999995,-22.699062399999946,0 -47.66164109999994,-22.698875899999962,0 -47.662195199999985,-22.698707499999955,0 -47.66290479999998,-22.69859649999995,0 -47.662896899999964,-22.69855769999998,0 -47.66288359999993,-22.698491599999954,0 -47.66287559999995,-22.69845239999995,0 -47.662762,-22.697874399999932,0 -47.66266,-22.697296499999936,0 -47.66203059999998,-22.697377099999983,0 -47.66152269999998,-22.697068,0 -47.66148409999994,-22.69675719999998,0 -47.66139289999995,-22.696609499999965,0 -47.66137319999996,-22.696590699999945,0 -47.661350599999935,-22.696624699999973,0 -47.660533699999974,-22.697854699999937,0 -47.66026359999995,-22.698189,0 -47.659719,-22.698909799999967,0 -47.65872179999997,-22.700314299999945,0 -47.65858979999996,-22.700524,0 -47.65832139999998,-22.700971099999947,0 -47.658285,-22.70095139999995,0 -47.658249299999966,-22.700933299999974,0 -47.658088299999974,-22.701197299999933,0 -47.657638099999986,-22.701782899999955,0 -47.657537899999966,-22.701965299999927,0 -47.65751069999993,-22.702235799999983,0 -47.65749089999997,-22.702669499999956,0 -47.657429,-22.702875399999982,0 -47.657259299999964,-22.70304679999998,0 -47.65729169999997,-22.703070899999943,0 -47.65733019999993,-22.703099399999928,0 -47.65725729999997,-22.70317639999996,0 -47.655763,-22.70489249999997,0 -47.655388899999934,-22.705272299999933,0 -47.65489349999996,-22.705610399999955,0 -47.654831299999955,-22.70565279999994,0 -47.65493059999994,-22.70542249999994,0 -47.65489969999993,-22.705256,0 -47.65482639999993,-22.70486089999997,0 -47.654735899999935,-22.70448349999998,0 -47.654695,-22.704380799999967,0 -47.65460639999998,-22.70420839999997,0 -47.654503799999986,-22.704078799999934,0 -47.65417889999998,-22.70381279999998,0 -47.65401739999993,-22.703721,0 -47.65387969999995,-22.703657499999963,0 -47.653710699999976,-22.703594,0 -47.653484299999946,-22.70353629999994,0 -47.65305069999994,-22.70345409999993,0 -47.65275249999996,-22.703425899999957,0 -47.65254769999996,-22.70340649999997,0 -47.65232489999994,-22.703385399999945,0 -47.65154309999997,-22.703261899999973,0 -47.65130849999997,-22.703213799999958,0 -47.65053,-22.70305419999994,0 -47.649941799999965,-22.70295539999995,0 -47.64855219999998,-22.702725199999975,0 -47.64847159999994,-22.702789499999938,0 -47.64842919999995,-22.702823199999955,0 -47.64838739999993,-22.70285649999994,0 -47.648194599999954,-22.70301,0 -47.648150499999986,-22.703061599999955,0 -47.64798559999997,-22.70346909999995,0 -47.647576399999934,-22.704638099999954,0 -47.647135299999945,-22.70569489999997,0 -47.647265699999934,-22.705699,0 -47.64730739999993,-22.705700299999933,0 -47.647349099999985,-22.70570159999994,0 -47.647811899999965,-22.705716199999927,0 -47.64855749999998,-22.705686899999932,0 -47.64946949999995,-22.705654099999947,0 -47.649959799999976,-22.70575919999993,0 -47.65047709999993,-22.706051199999933,0 -47.650856799999985,-22.70643139999993,0 -47.65110629999998,-22.706922,0 -47.651228499999945,-22.70748709999998,0 -47.651335,-22.708359599999937,0 -47.651381399999934,-22.709009799999933,0 -47.65136229999996,-22.70967559999997,0 -47.65116309999996,-22.710898,0 -47.65107139999998,-22.71162149999998,0 -47.65111689999998,-22.71222389999997,0 -47.65126769999995,-22.712939,0 -47.65151529999997,-22.71389729999993,0 -47.65164109999995,-22.714314299999955,0 -47.65165269999994,-22.71435269999995,0 -47.65166169999998,-22.714382499999942,0 -47.651670399999944,-22.714409,0 -47.65168289999997,-22.714447199999938,0 -47.651743099999976,-22.71463019999993,0 -47.65190489999998,-22.71495219999997,0 -47.65226169999994,-22.715301799999963,0 -47.652569599999936,-22.71555449999994,0 -47.65289429999996,-22.715845899999977,0 -47.653196099999946,-22.71619839999994,0 -47.65360149999998,-22.716514599999982,0 -47.653972599999975,-22.71675659999994,0 -47.65420919999997,-22.716977,0 -47.654412,-22.717279899999937,0 -47.655098599999974,-22.71694839999998,0 -47.65513559999994,-22.716930599999955,0 -47.65517339999997,-22.716912199999967,0 -47.65540489999995,-22.716799799999933,0 -47.655442499999936,-22.716781499999968,0 -47.655932,-22.716544899999974,0 -47.655751399999986,-22.716157899999928,0 -47.65675369999997,-22.71571169999993,0 -47.65779689999994,-22.715279,0 -47.65808839999994,-22.715498399999944,0 -47.658848699999965,-22.715881099999933,0 -47.65922459999996,-22.71523869999993,0 -47.65963259999995,-22.714604399999928,0</coordinates></LinearRing></outerBoundaryIs></Polygon></MultiGeometry>
</Placemark>
<Placemark>
<name>Nova Piracicaba</name>
<ExtendedData>
<Data name="CD_BAIRRO"><value>3538709045</value></Data>
<Data name="NM_BAIRRO"><value>Nova Piracicaba</value></Data>
<Data name="2000"><value>2022.2701231060605</value></Data><Data name="2010"><value>6602.290953545233</value></Data><Data name="2022"><value>8008.18</value></Data><Data name="delta 00 - 10"><value>2.2647918189112106</value></Data><Data name="delta 10 - 22"><value>0.2129395775416179</value></Data>
</ExtendedData>
<Style>
<LineStyle><color>ff666666</color><width>1</width></LineStyle>
<PolyStyle><color>4dcccccc</color></PolyStyle>
</Style>
<MultiGeometry><Polygon><outerBoundaryIs><LinearRing><coordinates>-47.666179399999976,-22.72519909999994,0 -47.66627219999998,-22.725177,0 -47.666350199999954,-22.72515839999994,0 -47.66707059999993,-22.724986899999976,0 -47.667911,-22.724750099999937,0 -47.66849359999998,-22.724542799999938,0 -47.66901779999995,-22.724326099999928,0 -47.669656,-22.72401,0 -47.67033859999998,-22.723600499999975,0 -47.67072059999998,-22.72329959999996,0 -47.67099579999996,-22.723063099999933,0 -47.67290389999994,-22.721032399999956,0 -47.673513699999944,-22.720434799999964,0 -47.67463669999995,-22.719515299999955,0 -47.675396199999966,-22.718889299999944,0 -47.675923799999964,-22.718431099999975,0 -47.676437299999975,-22.717948399999955,0 -47.67665859999994,-22.717690199999936,0 -47.676821899999936,-22.717254899999944,0 -47.67692819999996,-22.716813,0 -47.677079299999946,-22.716213099999948,0 -47.677162399999986,-22.715620399999978,0 -47.677203,-22.71515919999996,0 -47.677097799999956,-22.71455679999997,0 -47.676936599999976,-22.713898899999947,0 -47.67684639999993,-22.713474,0 -47.67675329999997,-22.71294089999998,0 -47.676679699999966,-22.71242289999998,0 -47.67663539999995,-22.711884699999928,0 -47.67662919999998,-22.711392099999955,0 -47.676606,-22.710707199999945,0 -47.67654539999995,-22.710084199999983,0 -47.676504,-22.709412,0 -47.676499099999944,-22.708589099999983,0 -47.67647269999998,-22.70793729999997,0 -47.676338199999975,-22.707167699999957,0 -47.676250299999936,-22.706852,0 -47.67617869999998,-22.70659489999997,0 -47.67612989999998,-22.706463199999973,0 -47.67595219999998,-22.70597369999996,0 -47.675704199999984,-22.705542699999967,0 -47.67533039999995,-22.705092099999945,0 -47.675032399999964,-22.704867099999944,0 -47.67466269999994,-22.704750099999956,0 -47.67415209999996,-22.70460719999994,0 -47.673766899999976,-22.704440399999953,0 -47.673283599999934,-22.704106299999978,0 -47.67269109999995,-22.70363279999998,0 -47.672118599999976,-22.704077499999983,0 -47.672086099999945,-22.704102699999964,0 -47.67122109999997,-22.704768399999978,0 -47.67048939999995,-22.705344599999933,0 -47.67095559999996,-22.705712799999958,0 -47.67128189999994,-22.706024599999978,0 -47.671332,-22.706085599999938,0 -47.67137989999998,-22.70617479999993,0 -47.67145679999993,-22.70664549999998,0 -47.671555799999965,-22.707204599999955,0 -47.67170149999998,-22.707833599999958,0 -47.671724799999936,-22.708175,0 -47.67126449999995,-22.708645399999966,0 -47.66956279999994,-22.710419399999978,0 -47.66898589999994,-22.710688199999936,0 -47.66927139999996,-22.711236499999927,0 -47.669557,-22.711779499999977,0 -47.66983669999996,-22.712322399999948,0 -47.67011059999993,-22.712838499999975,0 -47.67043109999997,-22.71339219999993,0 -47.669976599999984,-22.71359639999997,0 -47.669510299999956,-22.71379,0 -47.66868139999997,-22.71413819999998,0 -47.66841479999994,-22.71425229999994,0 -47.66762219999998,-22.714612399999965,0 -47.66648559999993,-22.71511449999997,0 -47.66629969999997,-22.715173599999957,0 -47.66624809999996,-22.715206,0 -47.666229499999986,-22.715217699999982,0 -47.66617809999997,-22.715277699999945,0 -47.66612489999994,-22.71521709999996,0 -47.66609649999998,-22.715184699999952,0 -47.66585639999994,-22.71470379999994,0 -47.6656,-22.714147399999945,0 -47.66540189999995,-22.71378729999998,0 -47.665314499999965,-22.713615199999936,0 -47.66506389999995,-22.713088399999947,0 -47.66473169999995,-22.712524,0 -47.66427719999996,-22.71272289999996,0 -47.66396249999997,-22.712851899999976,0 -47.66378759999998,-22.712932499999965,0 -47.66334469999998,-22.713131399999952,0 -47.66297759999998,-22.71326579999993,0 -47.66285519999997,-22.713362599999982,0 -47.66199279999995,-22.713733299999944,0 -47.66100789999996,-22.714142099999947,0 -47.65978409999997,-22.714701099999957,0 -47.65963259999995,-22.714604399999928,0 -47.65922459999996,-22.71523869999993,0 -47.658848699999965,-22.715881099999933,0 -47.65808839999994,-22.715498399999944,0 -47.65779689999994,-22.715279,0 -47.65675369999997,-22.71571169999993,0 -47.655751399999986,-22.716157899999928,0 -47.655932,-22.716544899999974,0 -47.655442499999936,-22.716781499999968,0 -47.65540489999995,-22.716799799999933,0 -47.65517339999997,-22.716912199999967,0 -47.65513559999994,-22.716930599999955,0 -47.655098599999974,-22.71694839999998,0 -47.654412,-22.717279899999937,0 -47.65450679999998,-22.717484499999955,0 -47.65456709999995,-22.717741599999954,0 -47.654620499999965,-22.718198599999937,0 -47.65477379999993,-22.718577599999946,0 -47.654966799999954,-22.718863,0 -47.65520259999994,-22.719162799999935,0 -47.65540009999995,-22.719370099999935,0 -47.655742299999986,-22.71991989999998,0 -47.65595579999996,-22.720421099999953,0 -47.65610769999995,-22.720912399999975,0 -47.656243,-22.721288399999935,0 -47.65654029999996,-22.721885,0 -47.656710199999964,-22.722233099999983,0 -47.65689589999994,-22.72258519999997,0 -47.657216699999935,-22.723166899999967,0 -47.65764539999998,-22.72371329999993,0 -47.658001,-22.72409689999995,0 -47.65850679999994,-22.724443,0 -47.65903909999997,-22.724704299999928,0 -47.659805,-22.724949699999968,0 -47.66064949999998,-22.725170899999966,0 -47.66138879999994,-22.725252,0 -47.66229219999997,-22.72523,0 -47.663269199999945,-22.72529839999993,0 -47.66449329999995,-22.725364299999967,0 -47.66525749999994,-22.725358299999982,0 -47.66600009999996,-22.72523,0 -47.666078899999945,-22.725216399999965,0 -47.666179399999976,-22.72519909999994,0</coordinates></LinearRing></outerBoundaryIs></Polygon></MultiGeometry>
</Placemark>
<Placemark>
<name>Bairro Verde</name>
<ExtendedData>
<Data name="CD_BAIRRO"><value>3538709030</value></Data>
<Data name="NM_BAIRRO"><value>Bairro Verde</value></Data>
<Data name="2000"><value>1301.485602094241</value></Data><Data name="2010"><value>3294.0529247910863</value></Data><Data name="2022"><value>3750.53</value></Data><Data name="delta 00 - 10"><value>1.5309945184876221</value></Data><Data name="delta 10 - 22"><value>0.1385761205515131</value></Data>
</ExtendedData>
<Style>
<LineStyle><color>ff666666</color><width>1</width></LineStyle>
<PolyStyle><color>4dcccccc</color></PolyStyle>
</Style>
<MultiGeometry><Polygon><outerBoundaryIs><LinearRing><coordinates>-47.64424369999995,-22.74923739999997,0 -47.64427949999998,-22.748677699999973,0 -47.64430539999995,-22.74740309999993,0 -47.64430169999997,-22.746727799999974,0 -47.64431469999994,-22.746309699999983,0 -47.64441309999995,-22.74537859999998,0 -47.644432,-22.74514279999994,0 -47.644361499999945,-22.74514769999996,0 -47.64426449999996,-22.745169699999963,0 -47.64428869999995,-22.745123199999966,0 -47.64459339999996,-22.744537099999945,0 -47.64519349999995,-22.743394,0 -47.645512,-22.742747099999974,0 -47.64552979999996,-22.742710899999963,0 -47.64554819999995,-22.74267569999995,0 -47.64577779999996,-22.742237,0 -47.64573369999994,-22.74222439999994,0 -47.645694299999946,-22.74221319999998,0 -47.645352799999955,-22.742113399999937,0 -47.64500949999996,-22.742006199999935,0 -47.64489489999994,-22.742349599999955,0 -47.644827,-22.742538099999933,0 -47.64470959999994,-22.742727499999944,0 -47.644515299999966,-22.742939099999944,0 -47.64410549999997,-22.743274799999938,0 -47.643748899999935,-22.743520399999966,0 -47.64353289999997,-22.743635,0 -47.64352409999998,-22.743699099999958,0 -47.643569,-22.743759199999943,0 -47.6429,-22.743972799999938,0 -47.64245109999996,-22.744041399999958,0 -47.64226309999998,-22.744093299999975,0 -47.64204709999996,-22.744111,0 -47.64138729999996,-22.744048299999974,0 -47.64130739999996,-22.744044199999962,0 -47.64099379999993,-22.744011399999977,0 -47.64083109999996,-22.744021,0 -47.640632799999935,-22.74407009999993,0 -47.64046419999994,-22.74414919999998,0 -47.64029409999995,-22.74426109999996,0 -47.64019489999998,-22.744362099999933,0 -47.640092899999956,-22.74448209999997,0 -47.640024799999935,-22.74460789999995,0 -47.63972639999997,-22.745054599999946,0 -47.639633199999935,-22.745358799999963,0 -47.63959689999996,-22.74589609999998,0 -47.63968059999996,-22.745914399999947,0 -47.639591,-22.74592169999994,0 -47.639450299999964,-22.745933099999945,0 -47.63930849999997,-22.745936399999948,0 -47.639166899999964,-22.745891399999948,0 -47.63899849999996,-22.74593059999995,0 -47.63885839999995,-22.74599269999993,0 -47.638763,-22.74611159999995,0 -47.638504799999964,-22.746771499999966,0 -47.63827629999997,-22.74729,0 -47.638067699999965,-22.74779979999994,0 -47.637822,-22.748345099999938,0 -47.637637,-22.748918699999933,0 -47.63729909999995,-22.749984799999936,0 -47.637297899999965,-22.74998839999995,0 -47.637215699999956,-22.75023649999997,0 -47.637120299999935,-22.750549499999977,0 -47.63697509999997,-22.75109969999994,0 -47.63697339999993,-22.751111299999934,0 -47.636895,-22.751595599999973,0 -47.63678489999995,-22.75247909999996,0 -47.63674019999996,-22.752744,0 -47.636683,-22.753082099999972,0 -47.63664929999993,-22.753404199999977,0 -47.63664759999995,-22.753664199999946,0 -47.63667589999994,-22.753929099999937,0 -47.63672559999998,-22.754177599999935,0 -47.63682129999995,-22.754413,0 -47.63696139999996,-22.754687699999977,0 -47.637136,-22.75493309999996,0 -47.63757959999998,-22.755345,0 -47.63818759999998,-22.75567579999995,0 -47.638142,-22.75573079999998,0 -47.63823259999998,-22.75577059999995,0 -47.639094399999976,-22.75600959999997,0 -47.64005769999994,-22.756273299999975,0 -47.641054699999984,-22.756546199999946,0 -47.64200649999998,-22.756799899999976,0 -47.642177699999934,-22.756852099999946,0 -47.642818799999986,-22.757232099999953,0 -47.64300209999993,-22.757325699999967,0 -47.64319009999997,-22.757378899999935,0 -47.64339119999994,-22.75739429999993,0 -47.643666199999984,-22.757396099999937,0 -47.643801,-22.757401,0 -47.644070699999986,-22.757410599999957,0 -47.64421719999996,-22.757350499999973,0 -47.64428689999994,-22.75729579999995,0 -47.644326399999954,-22.757226599999967,0 -47.64433429999997,-22.75715139999994,0 -47.64432379999994,-22.757081,0 -47.644288,-22.756983599999955,0 -47.643875299999934,-22.756594899999982,0 -47.64365069999997,-22.756294199999957,0 -47.64349559999994,-22.756043199999965,0 -47.64338379999998,-22.75583649999993,0 -47.64329249999997,-22.755617899999947,0 -47.64322709999993,-22.75538389999997,0 -47.64316809999997,-22.755117499999983,0 -47.643138599999986,-22.754849099999944,0 -47.643133499999976,-22.75456769999994,0 -47.64314059999998,-22.754285799999934,0 -47.643199,-22.75403749999998,0 -47.643259599999965,-22.753855199999975,0 -47.64345359999993,-22.753220399999975,0 -47.64371909999994,-22.752314199999944,0 -47.64400129999996,-22.751447799999937,0 -47.64405719999996,-22.751307399999973,0 -47.644232399999964,-22.750555,0 -47.644213699999966,-22.749867,0 -47.644227899999976,-22.749615699999936,0 -47.64424369999995,-22.74923739999997,0</coordinates></LinearRing></outerBoundaryIs></Polygon></MultiGeometry>
</Placemark>
<Placemark>
<name>Vila Fátima</name>
<ExtendedData>
<Data name="CD_BAIRRO"><value>3538709052</value></Data>
<Data name="NM_BAIRRO"><value>Vila Fátima</value></Data>
<Data name="2000"><value>781.3575778078484</value></Data><Data name="2010"><value>2411.492362982929</value></Data><Data name="2022"><value>3156.09</value></Data><Data name="delta 00 - 10"><value>2.086285244392886</value></Data><Data name="delta 10 - 22"><value>0.30877047277729325</value></Data>
</ExtendedData>
<Style>
<LineStyle><color>ff666666</color><width>1</width></LineStyle>
<PolyStyle><color>4dcccccc</color></PolyStyle>
</Style>
<MultiGeometry><Polygon><outerBoundaryIs><LinearRing><coordinates>-47.65673609999993,-22.684479099999976,0 -47.65668079999995,-22.684397299999944,0 -47.65654209999997,-22.684315699999956,0 -47.65634529999994,-22.684224099999938,0 -47.65614469999997,-22.68415079999994,0 -47.65594909999993,-22.684109299999932,0 -47.65578369999997,-22.684083699999974,0 -47.655715199999975,-22.68403,0 -47.65570269999995,-22.68394159999997,0 -47.655857699999956,-22.683856499999933,0 -47.65608,-22.68377049999998,0 -47.65627449999994,-22.68370219999997,0 -47.656439,-22.68356209999996,0 -47.65657379999993,-22.683363399999962,0 -47.656731699999966,-22.683159399999965,0 -47.656851,-22.683042899999975,0 -47.656939499999964,-22.682917,0 -47.65701219999994,-22.682773,0 -47.65714649999995,-22.682637099999965,0 -47.65729479999993,-22.68257479999994,0 -47.657538199999976,-22.682516299999975,0 -47.657677199999966,-22.68243309999997,0 -47.65778739999996,-22.682323,0 -47.65783179999994,-22.682204199999944,0 -47.657815599999935,-22.68207209999997,0 -47.657726399999945,-22.681959699999936,0 -47.657558499999936,-22.68187169999993,0 -47.657538099999954,-22.68185989999995,0 -47.65735959999995,-22.68187709999995,0 -47.657076899999936,-22.68197179999993,0 -47.65658819999993,-22.682105899999954,0 -47.65630089999996,-22.68213739999993,0 -47.656026699999984,-22.68215909999998,0 -47.65595379999996,-22.682159499999955,0 -47.655877799999985,-22.68215989999993,0 -47.65571939999995,-22.682147,0 -47.655597099999966,-22.682117699999935,0 -47.65553959999994,-22.682154799999978,0 -47.65544109999996,-22.682218899999953,0 -47.65534629999996,-22.68224209999994,0 -47.65522469999996,-22.682260199999973,0 -47.65509959999997,-22.682303299999944,0 -47.654926099999955,-22.68232489999997,0 -47.654710499999965,-22.68244809999993,0 -47.65457449999997,-22.682622899999956,0 -47.65441619999996,-22.682796699999983,0 -47.65429359999996,-22.68291329999994,0 -47.654142099999945,-22.68301269999995,0 -47.653997,-22.68306289999998,0 -47.65384119999993,-22.68309949999997,0 -47.65368529999995,-22.683108699999934,0 -47.653601099999946,-22.683091299999944,0 -47.65355559999995,-22.683081899999934,0 -47.65364619999997,-22.683348,0 -47.65372949999994,-22.684015899999963,0 -47.653795499999944,-22.685131799999965,0 -47.653832,-22.68574769999998,0 -47.65389609999994,-22.6861,0 -47.65415869999998,-22.687546899999973,0 -47.654242,-22.68800559999994,0 -47.65458789999997,-22.689953,0 -47.654704299999935,-22.690611,0 -47.65474779999994,-22.69085689999997,0 -47.654726299999936,-22.69092029999996,0 -47.654674,-22.691081699999927,0 -47.65476019999994,-22.691056699999933,0 -47.65484749999996,-22.691074899999933,0 -47.65491019999996,-22.691102199999932,0 -47.654943499999945,-22.691153199999974,0 -47.654954499999974,-22.69120769999995,0 -47.654936099999986,-22.691296299999976,0 -47.65508339999997,-22.691326199999935,0 -47.656099799999936,-22.692080699999963,0 -47.656625099999985,-22.692329,0 -47.65682689999994,-22.69221959999993,0 -47.65745469999996,-22.692299399999968,0 -47.658412399999975,-22.69238359999997,0 -47.65905619999995,-22.692462,0 -47.65914589999994,-22.69247669999993,0 -47.65936369999997,-22.692654,0 -47.65955509999998,-22.692719,0 -47.65978769999998,-22.69287849999995,0 -47.660132799999985,-22.693197899999973,0 -47.66065189999995,-22.693808,0 -47.66090929999996,-22.69413519999995,0 -47.660913,-22.694199899999944,0 -47.66097209999998,-22.69424749999996,0 -47.660961,-22.69450469999998,0 -47.660676699999954,-22.695049599999948,0 -47.66016539999998,-22.69580579999996,0 -47.66018939999998,-22.69588749999997,0 -47.66065459999993,-22.696136099999933,0 -47.661233299999935,-22.696460199999933,0 -47.66137319999996,-22.696590699999945,0 -47.661401,-22.696562299999982,0 -47.662273,-22.695670399999983,0 -47.66316869999997,-22.694546,0 -47.66486,-22.69242029999998,0 -47.665714,-22.69134749999995,0 -47.66654459999995,-22.690301399999953,0 -47.66691019999996,-22.68984889999996,0 -47.66723589999998,-22.68948419999998,0 -47.667763,-22.68893309999993,0 -47.66778819999996,-22.688906799999927,0 -47.66818239999998,-22.688547899999946,0 -47.668170499999974,-22.68854149999993,0 -47.66809519999998,-22.68850109999994,0 -47.66694019999994,-22.687881299999958,0 -47.66513209999994,-22.688418799999965,0 -47.66506019999997,-22.688440199999945,0 -47.66499539999995,-22.688443399999983,0 -47.664860199999964,-22.68845,0 -47.66472339999996,-22.688422599999967,0 -47.66457939999998,-22.68835329999996,0 -47.664458199999956,-22.688234199999954,0 -47.66427619999996,-22.688100799999972,0 -47.66415569999998,-22.687996299999952,0 -47.664093299999934,-22.687890599999946,0 -47.66405839999993,-22.687721099999976,0 -47.66402969999996,-22.68756819999993,0 -47.663967,-22.687418,0 -47.66393519999997,-22.68727169999994,0 -47.66386629999994,-22.687063699999953,0 -47.66380959999998,-22.686905199999956,0 -47.663747599999965,-22.68682649999994,0 -47.663661,-22.686736099999962,0 -47.663530599999945,-22.686697799999934,0 -47.66330629999993,-22.686639,0 -47.663250699999935,-22.686631199999965,0 -47.66316009999997,-22.68667709999994,0 -47.66306849999995,-22.686765799999932,0 -47.66303179999994,-22.686890799999958,0 -47.66296449999993,-22.68700359999997,0 -47.66280659999995,-22.68712039999997,0 -47.66264249999995,-22.68722219999995,0 -47.66245969999994,-22.687287399999946,0 -47.66227279999998,-22.687328599999944,0 -47.66208839999996,-22.68730489999996,0 -47.66190249999994,-22.687231899999972,0 -47.661693499999956,-22.68714179999995,0 -47.66151619999994,-22.687111699999946,0 -47.66134569999997,-22.687101499999983,0 -47.66111189999998,-22.687068099999976,0 -47.66098379999994,-22.687045499999954,0 -47.660798099999965,-22.68697039999995,0 -47.66068249999995,-22.686848699999928,0 -47.66059179999996,-22.686759699999982,0 -47.660501099999976,-22.68668889999998,0 -47.660368,-22.68668249999996,0 -47.660247099999935,-22.686734299999955,0 -47.66002169999996,-22.686820299999965,0 -47.659924599999954,-22.686898199999973,0 -47.659842,-22.68700649999994,0 -47.659757,-22.687083299999983,0 -47.659694499999944,-22.687086499999964,0 -47.65966569999995,-22.687088,0 -47.659477799999934,-22.687041,0 -47.65928919999993,-22.687000199999943,0 -47.659158,-22.686986399999967,0 -47.659001699999976,-22.687006199999928,0 -47.65889919999995,-22.687024899999983,0 -47.65876479999997,-22.68702479999996,0 -47.65858449999996,-22.68698409999996,0 -47.65843,-22.686921799999936,0 -47.658250899999985,-22.68685869999996,0 -47.65806459999993,-22.686842199999944,0 -47.65785439999996,-22.68684559999997,0 -47.65771189999998,-22.68687559999995,0 -47.657598,-22.68699689999994,0 -47.657464699999935,-22.68708419999996,0 -47.65734429999998,-22.68712869999996,0 -47.657236299999965,-22.687111199999947,0 -47.65712569999994,-22.687077899999963,0 -47.65689809999998,-22.687036099999943,0 -47.656633099999965,-22.68704809999997,0 -47.656488199999956,-22.686997599999927,0 -47.656343799999945,-22.686918799999944,0 -47.65625529999994,-22.686809599999947,0 -47.656231599999956,-22.68670709999998,0 -47.65624749999995,-22.686582199999975,0 -47.656296699999984,-22.686452,0 -47.65630779999998,-22.686350499999946,0 -47.65626439999994,-22.68627289999995,0 -47.65621259999995,-22.68614629999996,0 -47.656214199999965,-22.68598659999998,0 -47.65618789999996,-22.68579559999995,0 -47.65618519999998,-22.68567889999997,0 -47.656214699999964,-22.685575899999947,0 -47.65624079999998,-22.685484799999983,0 -47.65636329999995,-22.685361799999953,0 -47.656537699999944,-22.685240799999974,0 -47.656645399999945,-22.68520019999994,0 -47.65672829999994,-22.685148599999934,0 -47.65680219999996,-22.68505719999996,0 -47.656827799999974,-22.68491439999997,0 -47.656818699999974,-22.68472429999997,0 -47.65673609999993,-22.684479099999976,0</coordinates></LinearRing></outerBoundaryIs></Polygon></MultiGeometry>
</Placemark>
<Placemark>
<name>Novo Horizonte</name>
<ExtendedData>
<Data name="CD_BAIRRO"><value>3538709039</value></Data>
<Data name="NM_BAIRRO"><value>Novo Horizonte</value></Data>
<Data name="2000"><value>454.1004169562196</value></Data><Data name="2010"><value>1588.774124679761</value></Data><Data name="2022"><value>2035.35</value></Data><Data name="delta 00 - 10"><value>2.498728618945392</value></Data><Data name="delta 10 - 22"><value>0.28108204204940235</value></Data>
</ExtendedData>
<Style>
<LineStyle><color>ff666666</color><width>1</width></LineStyle>
<PolyStyle><color>4dcccccc</color></PolyStyle>
</Style>
<MultiGeometry><Polygon><outerBoundaryIs><LinearRing><coordinates>-47.67106519999993,-22.750837,0 -47.67040709999998,-22.751382599999943,0 -47.67010479999993,-22.751633199999958,0 -47.66983149999993,-22.751844,0 -47.66938249999998,-22.75219039999996,0 -47.66907289999995,-22.752453299999956,0 -47.66860079999998,-22.75281209999997,0 -47.668167299999936,-22.753141699999958,0 -47.66818939999996,-22.75317579999995,0 -47.66826119999996,-22.753286599999967,0 -47.66834189999997,-22.753485499999954,0 -47.66836809999995,-22.753666099999975,0 -47.668224899999984,-22.75377659999998,0 -47.668187099999955,-22.753805799999952,0 -47.668219499999964,-22.754569199999935,0 -47.66830139999996,-22.755066,0 -47.66874729999995,-22.75625489999993,0 -47.669386799999984,-22.756728899999928,0 -47.669844599999976,-22.757186399999966,0 -47.669897,-22.757284699999957,0 -47.67002019999995,-22.75769759999997,0 -47.67004659999998,-22.75776869999993,0 -47.670109,-22.757836699999928,0 -47.67092059999993,-22.758340499999974,0 -47.671200399999975,-22.758585799999935,0 -47.67138219999998,-22.75885549999998,0 -47.67147749999998,-22.759031599999958,0 -47.67153779999995,-22.759243399999946,0 -47.67151729999995,-22.759698899999933,0 -47.671463,-22.760051,0 -47.671468,-22.76023779999997,0 -47.67151249999995,-22.760370399999942,0 -47.67154549999998,-22.76044749999994,0 -47.67166789999993,-22.760584499999936,0 -47.67174909999994,-22.760677399999963,0 -47.67201959999994,-22.76062049999996,0 -47.67208089999997,-22.760648,0 -47.67216829999995,-22.760687099999927,0 -47.67230609999996,-22.760771099999943,0 -47.67247169999996,-22.76090789999995,0 -47.672644,-22.761126099999956,0 -47.672795399999984,-22.76130939999996,0 -47.67299189999994,-22.76151679999998,0 -47.67307329999994,-22.76162789999995,0 -47.67314649999997,-22.761765799999978,0 -47.67321909999998,-22.761901299999977,0 -47.673255,-22.762031599999943,0 -47.673341,-22.762102099999936,0 -47.673402399999986,-22.762116,0 -47.67347749999993,-22.76211,0 -47.673612299999945,-22.76213279999996,0 -47.67378809999997,-22.762179599999968,0 -47.67392509999996,-22.762235,0 -47.67398449999996,-22.762306099999932,0 -47.67401279999996,-22.76237329999998,0 -47.67401629999995,-22.762478099999953,0 -47.67399759999995,-22.762638699999968,0 -47.67394879999995,-22.762850699999944,0 -47.67398049999997,-22.762950399999966,0 -47.67410559999996,-22.76306,0 -47.67424509999995,-22.763183899999945,0 -47.67439209999998,-22.763292199999967,0 -47.67454219999996,-22.76343339999994,0 -47.67462009999997,-22.763533499999937,0 -47.67472989999993,-22.763594499999954,0 -47.674868,-22.763646199999982,0 -47.67495569999994,-22.763709499999948,0 -47.67504119999995,-22.763799199999937,0 -47.675126699999964,-22.763957,0 -47.67516379999995,-22.764101,0 -47.67523129999995,-22.764256899999964,0 -47.675252099999966,-22.764382499999954,0 -47.675316899999984,-22.764528,0 -47.67537239999996,-22.76465819999993,0 -47.675499799999955,-22.76482889999994,0 -47.67567409999998,-22.765007099999934,0 -47.675766299999964,-22.76513879999993,0 -47.67592959999996,-22.765277699999956,0 -47.67617749999994,-22.76548889999998,0 -47.67641189999995,-22.765713699999935,0 -47.67660349999994,-22.76588789999994,0 -47.67667819999997,-22.766006799999957,0 -47.67670689999994,-22.766111499999965,0 -47.67667819999997,-22.766209599999968,0 -47.67701459999995,-22.76591,0 -47.677043899999944,-22.765939,0 -47.67783659999998,-22.76675979999993,0 -47.67811429999995,-22.766538499999967,0 -47.678162499999985,-22.766502,0 -47.67833639999998,-22.766344299999957,0 -47.678400599999975,-22.766290699999956,0 -47.678927,-22.76691139999997,0 -47.67915679999993,-22.76718189999997,0 -47.679538599999944,-22.767546599999946,0 -47.68001669999995,-22.76800739999993,0 -47.68014009999996,-22.768128599999955,0 -47.680431899999974,-22.76840119999997,0 -47.68066019999998,-22.768618799999956,0 -47.68101309999997,-22.76896119999998,0 -47.68109759999993,-22.76903989999994,0 -47.68174559999994,-22.76942589999993,0 -47.68325079999994,-22.767551,0 -47.68349359999996,-22.767265899999927,0 -47.684051899999986,-22.766610199999946,0 -47.684642199999985,-22.766034799999943,0 -47.68519879999997,-22.76570819999995,0 -47.68653119999993,-22.76476729999996,0 -47.686851599999954,-22.76447959999996,0 -47.68743349999994,-22.76405969999996,0 -47.68799,-22.76371759999995,0 -47.68835259999997,-22.76363209999994,0 -47.68869619999998,-22.76339779999995,0 -47.688847399999986,-22.763265099999956,0 -47.68896819999998,-22.76309159999994,0 -47.68907779999995,-22.762807799999962,0 -47.68915369999996,-22.762384,0 -47.69023309999994,-22.760059,0 -47.69106539999996,-22.758645899999976,0 -47.69111639999994,-22.75852709999998,0 -47.691142,-22.758337499999982,0 -47.69110429999995,-22.758138299999928,0 -47.69096459999997,-22.757771,0 -47.69083459999996,-22.75737859999998,0 -47.69077169999997,-22.75713079999997,0 -47.69071379999997,-22.75662189999997,0 -47.69073059999994,-22.75608539999996,0 -47.69077719999996,-22.755787699999928,0 -47.69084869999995,-22.755486599999983,0 -47.69104519999996,-22.755053499999974,0 -47.69135559999995,-22.754547199999934,0 -47.69162989999995,-22.754167499999937,0 -47.69116909999997,-22.75387879999994,0 -47.690368,-22.75337529999996,0 -47.68946119999998,-22.752807599999983,0 -47.68874569999997,-22.75236209999997,0 -47.68844789999997,-22.752238199999965,0 -47.68722939999998,-22.751918399999965,0 -47.68675,-22.75178939999995,0 -47.686267,-22.75160859999994,0 -47.68468889999997,-22.750808099999972,0 -47.684429199999954,-22.75066069999997,0 -47.68424769999996,-22.750526799999932,0 -47.68339569999995,-22.749905099999978,0 -47.68214539999997,-22.74901159999996,0 -47.68151539999997,-22.748567299999934,0 -47.681095,-22.748314,0 -47.68066169999997,-22.748111299999948,0 -47.68006849999995,-22.747840699999983,0 -47.67971879999993,-22.74759759999995,0 -47.67917019999993,-22.747279899999967,0 -47.67896539999998,-22.747081299999934,0 -47.67855279999998,-22.74653319999993,0 -47.67850709999993,-22.746398,0 -47.678376,-22.74599519999998,0 -47.678261599999985,-22.74582659999993,0 -47.67822019999994,-22.745793499999934,0 -47.67807869999996,-22.74577929999998,0 -47.67791559999995,-22.745783899999935,0 -47.67776509999993,-22.745836399999973,0 -47.677634799999964,-22.74590989999996,0 -47.676831,-22.746332499999937,0 -47.676757,-22.746371799999963,0 -47.676610299999936,-22.746401,0 -47.676255599999934,-22.74662189999998,0 -47.67588319999993,-22.74690929999997,0 -47.67540759999997,-22.747294499999953,0 -47.67516329999995,-22.747491599999933,0 -47.67507619999998,-22.74756279999997,0 -47.67476409999995,-22.747815499999945,0 -47.67456679999998,-22.74798859999993,0 -47.674192,-22.748318499999982,0 -47.674062299999946,-22.74841719999995,0 -47.673362199999985,-22.748950699999966,0 -47.67289619999997,-22.74932039999993,0 -47.67243739999998,-22.749699499999963,0 -47.67106519999993,-22.750837,0</coordinates></LinearRing></outerBoundaryIs></Polygon></MultiGeometry>
</Placemark>
<Placemark>
<name>Água das Pedras</name>
<ExtendedData>
<Data name="CD_BAIRRO"><value>3538709065</value></Data>
<Data name="NM_BAIRRO"><value>Água das Pedras</value></Data>
<Data name="2000"><value></value></Data><Data name="2010"><value></value></Data><Data name="2022"><value>3918.3</value></Data><Data name="delta 00 - 10"><value></value></Data><Data name="delta 10 - 22"><value></value></Data>
</ExtendedData>
<Style>
<LineStyle><color>ff666666</color><width>1</width></LineStyle>
<PolyStyle><color>4dcccccc</color></PolyStyle>
</Style>
<MultiGeometry><Polygon><outerBoundaryIs><LinearRing><coordinates>-47.674656599999935,-22.779040599999973,0 -47.672567399999934,-22.781490099999928,0 -47.67331739999997,-22.78205909999997,0 -47.67337119999996,-22.78210239999993,0 -47.673870499999964,-22.781535599999927,0 -47.67389419999995,-22.78150469999997,0 -47.673936599999934,-22.781534499999964,0 -47.67408089999998,-22.781632899999977,0 -47.67295279999996,-22.782930199999953,0 -47.672615399999984,-22.782709799999964,0 -47.67204319999996,-22.78338229999997,0 -47.673377699999946,-22.783885099999964,0 -47.674111299999936,-22.784455299999934,0 -47.67492519999996,-22.784911499999964,0 -47.676214899999934,-22.78550409999997,0 -47.677246699999955,-22.78598949999997,0 -47.67854509999995,-22.78689049999997,0 -47.67987569999997,-22.78781379999998,0 -47.68137639999998,-22.788802799999928,0 -47.681898899999965,-22.789012899999932,0 -47.68198629999995,-22.78903029999998,0 -47.68265629999996,-22.78916369999996,0 -47.68316249999998,-22.788622499999974,0 -47.68354279999994,-22.788434199999983,0 -47.68393269999996,-22.78829819999993,0 -47.683910399999945,-22.788263,0 -47.683587699999975,-22.787752799999964,0 -47.683144599999935,-22.786797299999932,0 -47.682849,-22.785577099999955,0 -47.68274059999993,-22.784611,0 -47.68314769999995,-22.783916199999965,0 -47.683605899999975,-22.78334419999993,0 -47.68462219999998,-22.782362099999943,0 -47.68578709999997,-22.781729499999983,0 -47.686663899999985,-22.781265599999983,0 -47.68793119999998,-22.78051739999995,0 -47.68845659999994,-22.780035399999974,0 -47.68904489999994,-22.77920359999996,0 -47.69018229999995,-22.776786799999968,0 -47.691301,-22.77361049999996,0 -47.69215249999996,-22.770665099999974,0 -47.692588099999966,-22.769122799999934,0 -47.69320369999997,-22.76799049999994,0 -47.694599,-22.766680399999927,0 -47.69570349999998,-22.76543929999997,0 -47.696589,-22.763707599999975,0 -47.69741419999997,-22.762152,0 -47.69773079999993,-22.761675699999955,0 -47.697753199999966,-22.76164179999995,0 -47.69708229999998,-22.760941099999968,0 -47.69681019999996,-22.760626099999968,0 -47.69661039999994,-22.760264399999983,0 -47.696536,-22.760056799999973,0 -47.696443699999975,-22.75976609999998,0 -47.696339799999976,-22.759565099999975,0 -47.69613279999993,-22.759289799999976,0 -47.695784199999935,-22.75891139999993,0 -47.69475459999995,-22.75781619999998,0 -47.694487599999945,-22.757518199999936,0 -47.69436209999998,-22.757340899999974,0 -47.69420249999996,-22.757085699999948,0 -47.69358509999995,-22.755810099999962,0 -47.69335429999995,-22.755448,0 -47.69310789999997,-22.755169399999943,0 -47.69277159999996,-22.754887399999973,0 -47.692114499999946,-22.754471199999955,0 -47.69162989999995,-22.754167499999937,0 -47.69135559999995,-22.754547199999934,0 -47.69104519999996,-22.755053499999974,0 -47.69084869999995,-22.755486599999983,0 -47.69077719999996,-22.755787699999928,0 -47.69073059999994,-22.75608539999996,0 -47.69071379999997,-22.75662189999997,0 -47.69077169999997,-22.75713079999997,0 -47.69083459999996,-22.75737859999998,0 -47.69096459999997,-22.757771,0 -47.69110429999995,-22.758138299999928,0 -47.691142,-22.758337499999982,0 -47.69111639999994,-22.75852709999998,0 -47.69106539999996,-22.758645899999976,0 -47.69023309999994,-22.760059,0 -47.68915369999996,-22.762384,0 -47.68907779999995,-22.762807799999962,0 -47.68896819999998,-22.76309159999994,0 -47.688847399999986,-22.763265099999956,0 -47.68869619999998,-22.76339779999995,0 -47.68835259999997,-22.76363209999994,0 -47.68799,-22.76371759999995,0 -47.68743349999994,-22.76405969999996,0 -47.686851599999954,-22.76447959999996,0 -47.68653119999993,-22.76476729999996,0 -47.68519879999997,-22.76570819999995,0 -47.684642199999985,-22.766034799999943,0 -47.684051899999986,-22.766610199999946,0 -47.68349359999996,-22.767265899999927,0 -47.68325079999994,-22.767551,0 -47.68174559999994,-22.76942589999993,0 -47.681159899999955,-22.769934099999944,0 -47.680883,-22.77010809999996,0 -47.68062119999996,-22.770280699999944,0 -47.680443099999934,-22.770487,0 -47.68030779999998,-22.770824499999947,0 -47.679877799999986,-22.772029699999962,0 -47.67962479999994,-22.77245739999995,0 -47.67950779999995,-22.772581299999956,0 -47.67613749999998,-22.776151699999957,0 -47.67526509999993,-22.777075899999943,0 -47.67568989999995,-22.777386199999967,0 -47.67581629999995,-22.777527199999952,0 -47.67583129999997,-22.777654,0 -47.67578489999994,-22.77782069999995,0 -47.675697499999956,-22.778020599999934,0 -47.675414399999966,-22.77837779999993,0 -47.67490029999993,-22.77876809999998,0 -47.674656599999935,-22.779040599999973,0</coordinates></LinearRing></outerBoundaryIs></Polygon></MultiGeometry>
</Placemark>
<Placemark>
<name>Cidade Jardim</name>
<ExtendedData>
<Data name="CD_BAIRRO"><value>3538709003</value></Data>
<Data name="NM_BAIRRO"><value>Cidade Jardim</value></Data>
<Data name="2000"><value>2442.1479357798166</value></Data><Data name="2010"><value>7965.036496350365</value></Data><Data name="2022"><value>8248.31</value></Data><Data name="delta 00 - 10"><value>2.261488126765344</value></Data><Data name="delta 10 - 22"><value>0.03556462092539464</value></Data>
</ExtendedData>
<Style>
<LineStyle><color>ff666666</color><width>1</width></LineStyle>
<PolyStyle><color>4dcccccc</color></PolyStyle>
</Style>
<MultiGeometry><Polygon><outerBoundaryIs><LinearRing><coordinates>-47.64520219999997,-22.719923499999936,0 -47.64602809999997,-22.719501099999945,0 -47.646255,-22.71930169999996,0 -47.64639529999994,-22.719059899999934,0 -47.64641,-22.718760199999963,0 -47.646325099999956,-22.71849459999993,0 -47.64612509999995,-22.718004599999972,0 -47.64589689999997,-22.71755129999997,0 -47.64575709999997,-22.717103,0 -47.64575659999997,-22.717020099999957,0 -47.645863599999984,-22.716717,0 -47.646240199999966,-22.71586229999997,0 -47.646428499999956,-22.71564429999995,0 -47.64664579999993,-22.715429,0 -47.64669939999993,-22.71554119999996,0 -47.646739399999944,-22.71560569999997,0 -47.646770199999935,-22.715579899999966,0 -47.64748339999994,-22.714984,0 -47.64751419999993,-22.714958299999978,0 -47.647467699999936,-22.714895699999943,0 -47.64748759999998,-22.714844899999946,0 -47.647493699999984,-22.714829299999963,0 -47.64752189999996,-22.71475719999995,0 -47.64754319999997,-22.71363279999997,0 -47.647018799999955,-22.71404739999997,0 -47.64624619999995,-22.71472,0 -47.64618479999996,-22.714807899999983,0 -47.64589089999998,-22.715207499999963,0 -47.645300599999985,-22.716248899999982,0 -47.644397099999935,-22.716654699999935,0 -47.644267,-22.716814899999974,0 -47.643858499999965,-22.71740589999996,0 -47.64354339999994,-22.71754029999994,0 -47.64270979999998,-22.71752369999996,0 -47.64247039999998,-22.717189,0 -47.64221149999997,-22.716700499999945,0 -47.64172959999996,-22.71589659999995,0 -47.64126969999995,-22.71507829999996,0 -47.640775,-22.714283699999953,0 -47.640323799999976,-22.713453899999934,0 -47.63943469999998,-22.71388829999995,0 -47.638919199999975,-22.714380799999958,0 -47.63864719999998,-22.714468499999953,0 -47.63830169999994,-22.71446969999994,0 -47.63762719999994,-22.714766699999927,0 -47.63758149999995,-22.714781099999982,0 -47.63805449999995,-22.715597499999944,0 -47.63849869999996,-22.716397299999983,0 -47.638977899999986,-22.71722929999993,0 -47.63942939999998,-22.71801769999996,0 -47.639935399999956,-22.718875399999945,0 -47.640333199999986,-22.719588699999974,0 -47.64040069999993,-22.719692099999975,0 -47.64042869999997,-22.719691499999954,0 -47.64051959999995,-22.719689699999947,0 -47.64087829999994,-22.719681799999933,0 -47.641471499999966,-22.719694699999934,0 -47.64171369999997,-22.720076399999982,0 -47.64230619999995,-22.721069899999975,0 -47.64276469999993,-22.721910199999968,0 -47.64323419999994,-22.722721399999955,0 -47.64415429999997,-22.722301899999934,0 -47.64447149999995,-22.72215769999997,0 -47.64459849999997,-22.721072799999945,0 -47.64491119999997,-22.72025169999995,0 -47.64520219999997,-22.719923499999936,0</coordinates></LinearRing></outerBoundaryIs></Polygon></MultiGeometry>
</Placemark>
<Placemark>
<name>Chicó</name>
<ExtendedData>
<Data name="CD_BAIRRO"><value>3538709066</value></Data>
<Data name="NM_BAIRRO"><value>Chicó</value></Data>
<Data name="2000"><value></value></Data><Data name="2010"><value></value></Data><Data name="2022"><value>2695.74</value></Data><Data name="delta 00 - 10"><value></value></Data><Data name="delta 10 - 22"><value></value></Data>
</ExtendedData>
<Style>
<LineStyle><color>ff666666</color><width>1</width></LineStyle>
<PolyStyle><color>4dcccccc</color></PolyStyle>
</Style>
<MultiGeometry><Polygon><outerBoundaryIs><LinearRing><coordinates>-47.620291099999974,-22.76474939999997,0 -47.62038,-22.764924,0 -47.620521,-22.765031,0 -47.620598,-22.765087,0 -47.620713,-22.765149,0 -47.620861599999955,-22.765256699999952,0 -47.620996,-22.765316,0 -47.621113299999934,-22.765352099999973,0 -47.621293399999956,-22.76542139999998,0 -47.621399699999984,-22.765525,0 -47.62147109999995,-22.765737399999978,0 -47.621559899999966,-22.765927099999942,0 -47.621677,-22.766032,0 -47.621822,-22.766115299999967,0 -47.621928099999934,-22.766179699999952,0 -47.62202639999998,-22.766267599999935,0 -47.622136299999966,-22.766459099999963,0 -47.62232809999995,-22.766717599999936,0 -47.62252069999994,-22.76694329999998,0 -47.62279509999996,-22.767205299999944,0 -47.62291229999994,-22.76733009999998,0 -47.623023,-22.76742439999998,0 -47.62307969999995,-22.767558,0 -47.62310469999994,-22.76768439999995,0 -47.62306339999998,-22.767821099999935,0 -47.622974599999964,-22.768003299999975,0 -47.62291039999997,-22.76813169999997,0 -47.62279369999993,-22.768263,0 -47.622587399999986,-22.768412699999942,0 -47.622414,-22.768511,0 -47.622225,-22.768662,0 -47.622106,-22.768752,0 -47.62198259999997,-22.76879569999994,0 -47.62186609999998,-22.768840299999965,0 -47.62168939999998,-22.76886559999997,0 -47.62154889999994,-22.76891329999995,0 -47.62138289999996,-22.769003399999974,0 -47.62125869999994,-22.76911389999998,0 -47.62113739999995,-22.769224099999974,0 -47.62104069999998,-22.769306399999948,0 -47.620974,-22.769376299999976,0 -47.62089569999995,-22.76946369999996,0 -47.620861099999956,-22.769615099999953,0 -47.62083709999996,-22.76974759999996,0 -47.62083129999996,-22.769915699999956,0 -47.620889,-22.770069699999965,0 -47.62100069999997,-22.77020669999996,0 -47.62112609999997,-22.770301099999983,0 -47.62121289999993,-22.77047269999997,0 -47.62138,-22.770673099999954,0 -47.621456,-22.770851299999947,0 -47.62146339999998,-22.771032099999957,0 -47.621469,-22.771243599999934,0 -47.621608899999956,-22.77141839999996,0 -47.621863099999985,-22.771540399999935,0 -47.62200829999995,-22.771608699999945,0 -47.622127,-22.771709399999963,0 -47.62218629999995,-22.771903299999963,0 -47.62227919999998,-22.77267269999993,0 -47.622304,-22.772878,0 -47.622416,-22.773487399999965,0 -47.622416,-22.773748699999942,0 -47.62250779999994,-22.773965,0 -47.62252339999998,-22.77400179999995,0 -47.622551499999986,-22.77403309999994,0 -47.62264,-22.77413139999993,0 -47.62276129999998,-22.774271399999975,0 -47.62285469999995,-22.774392699999964,0 -47.622882699999934,-22.774448699999937,0 -47.623032,-22.77493409999994,0 -47.62312529999997,-22.77520469999996,0 -47.623256,-22.77541009999993,0 -47.62335869999998,-22.775559399999963,0 -47.62343329999993,-22.775652699999966,0 -47.62360129999996,-22.775746099999935,0 -47.623816,-22.775746099999935,0 -47.623946699999976,-22.775746099999935,0 -47.624068,-22.775746099999935,0 -47.62416129999997,-22.77583939999994,0 -47.624189299999955,-22.77593269999994,0 -47.62413329999998,-22.776110099999983,0 -47.62411469999995,-22.77620339999993,0 -47.62413329999998,-22.776632699999936,0 -47.624236,-22.776782099999934,0 -47.624264,-22.77692209999998,0 -47.62427329999997,-22.77714609999998,0 -47.624292,-22.777370099999928,0 -47.624292,-22.77751939999996,0 -47.62432,-22.777678099999946,0 -47.624357299999986,-22.77788339999995,0 -47.624376,-22.777976699999954,0 -47.62441329999996,-22.778032699999983,0 -47.62449729999997,-22.778154099999938,0 -47.624562699999956,-22.778219399999955,0 -47.62466529999995,-22.77832209999997,0 -47.624852,-22.778480699999932,0 -47.62488,-22.77851809999993,0 -47.62489869999996,-22.77863009999993,0 -47.62488,-22.778779399999962,0 -47.62483329999998,-22.778910099999962,0 -47.62469329999993,-22.779078099999936,0 -47.62450669999998,-22.77932069999997,0 -47.624488,-22.77932069999997,0 -47.62436669999994,-22.779432699999973,0 -47.62428269999998,-22.77951669999993,0 -47.624245299999984,-22.779740699999934,0 -47.624245299999984,-22.779787399999975,0 -47.62431069999997,-22.779927399999963,0 -47.62439469999998,-22.780048699999952,0 -47.624432,-22.78012339999998,0 -47.62446929999993,-22.78030069999994,0 -47.62446929999993,-22.78031939999994,0 -47.62438529999997,-22.78043139999994,0 -47.62425469999994,-22.780590099999927,0 -47.62410529999994,-22.780776699999933,0 -47.62404,-22.780898099999945,0 -47.62411469999995,-22.781430099999966,0 -47.623834699999975,-22.78171009999994,0 -47.623648,-22.781859399999973,0 -47.62349869999997,-22.782232699999952,0 -47.62344269999994,-22.782475399999953,0 -47.623517299999946,-22.782811399999957,0 -47.62389069999995,-22.782942099999957,0 -47.62417069999998,-22.78299809999993,0 -47.624432,-22.783072699999934,0 -47.62463729999996,-22.783296699999937,0 -47.62458129999993,-22.783558099999937,0 -47.62458129999993,-22.78378209999994,0 -47.624618699999985,-22.78454739999995,0 -47.624768,-22.78492069999993,0 -47.624973299999965,-22.78503269999993,0 -47.625234699999965,-22.78518209999993,0 -47.625496,-22.78518209999993,0 -47.625776,-22.78503269999993,0 -47.62618669999995,-22.784790099999952,0 -47.62670929999996,-22.78432339999995,0 -47.627101299999936,-22.784099399999945,0 -47.627362699999935,-22.783968699999946,0 -47.62764269999997,-22.784099399999945,0 -47.62781069999994,-22.784267399999976,0 -47.62799729999995,-22.784286099999974,0 -47.62825869999995,-22.784267399999976,0 -47.62842669999998,-22.784248699999978,0 -47.628669299999956,-22.784286099999974,0 -47.62907069999994,-22.784253399999955,0 -47.629294699999946,-22.78416009999995,0 -47.629425399999946,-22.784066699999983,0 -47.62956539999993,-22.784010699999953,0 -47.62963069999995,-22.783992099999978,0 -47.629733399999964,-22.783964099999935,0 -47.62998539999995,-22.783964099999935,0 -47.63021869999994,-22.78410409999998,0 -47.63041849999996,-22.78427389999996,0 -47.63044449999995,-22.784339299999942,0 -47.63047009999997,-22.784397699999943,0 -47.630750699999965,-22.784542699999975,0 -47.630825399999935,-22.784542699999975,0 -47.630928,-22.784524099999942,0 -47.63133869999996,-22.78446809999997,0 -47.631609399999945,-22.78446809999997,0 -47.631786699999964,-22.78446809999997,0 -47.63202,-22.784440099999983,0 -47.63216,-22.784552099999928,0 -47.63222539999998,-22.784673399999974,0 -47.6323,-22.784794699999964,0 -47.632384,-22.784841399999948,0 -47.632570699999974,-22.784869399999934,0 -47.632664,-22.785037399999965,0 -47.63272939999996,-22.785336099999938,0 -47.63258,-22.78542939999994,0 -47.63247739999997,-22.785541399999943,0 -47.63206669999994,-22.785625399999958,0 -47.631712,-22.78555069999993,0 -47.631609399999945,-22.785513399999957,0 -47.631497399999944,-22.785662699999932,0 -47.631609399999945,-22.78571869999996,0 -47.631665399999974,-22.78585869999995,0 -47.631656,-22.785942699999964,0 -47.631646699999976,-22.786064099999976,0 -47.631777399999976,-22.78615739999998,0 -47.63180539999996,-22.78621339999995,0 -47.63180539999996,-22.786325399999953,0 -47.63174939999993,-22.78639069999997,0 -47.631656,-22.78640009999998,0 -47.63156269999996,-22.78646539999994,0 -47.631534699999975,-22.786549399999956,0 -47.63155339999997,-22.78669869999993,0 -47.63150669999993,-22.78676409999997,0 -47.631413399999985,-22.786745399999973,0 -47.631282699999986,-22.78663339999997,0 -47.63119869999997,-22.786614699999973,0 -47.630984,-22.78671739999993,0 -47.630872,-22.786801399999945,0 -47.63079739999995,-22.786941399999932,0 -47.63091869999994,-22.787044099999946,0 -47.631124,-22.787044099999946,0 -47.631208,-22.78706269999998,0 -47.631357399999956,-22.787146699999937,0 -47.631488,-22.787240099999963,0 -47.63146939999996,-22.78738009999995,0 -47.631488,-22.787445399999967,0 -47.63133869999996,-22.787660099999982,0 -47.631282699999986,-22.787762699999973,0 -47.631236,-22.78788409999993,0 -47.631124,-22.788005399999975,0 -47.63102139999995,-22.788070699999935,0 -47.63091869999994,-22.788136099999974,0 -47.630825399999935,-22.788192099999947,0 -47.63062929999995,-22.78816409999996,0 -47.63043339999996,-22.788136099999974,0 -47.63030269999996,-22.78816409999996,0 -47.630134699999985,-22.788248099999976,0 -47.62999469999994,-22.788360099999977,0 -47.62993869999997,-22.788490699999954,0 -47.629948,-22.78868669999997,0 -47.63004769999998,-22.78887359999993,0 -47.63028159999993,-22.788657,0 -47.63166159999997,-22.788954599999954,0 -47.63261109999996,-22.789457099999936,0 -47.63389739999997,-22.78998919999998,0 -47.63520259999996,-22.791517399999975,0 -47.63540409999996,-22.792318399999942,0 -47.636054899999976,-22.792744399999947,0 -47.63643849999994,-22.792691299999944,0 -47.63713829999995,-22.792024899999944,0 -47.637337499999944,-22.79199689999996,0 -47.63791169999996,-22.792288499999927,0 -47.638172,-22.792330299999946,0 -47.63840729999998,-22.79228029999996,0 -47.63913809999997,-22.79165839999996,0 -47.640553899999986,-22.791336899999976,0 -47.64131579999997,-22.79155419999995,0 -47.641831699999955,-22.791947799999946,0 -47.64228889999998,-22.792491,0 -47.64265429999995,-22.793124099999943,0 -47.642792,-22.793202399999927,0 -47.643545,-22.79306589999993,0 -47.64418869999997,-22.79362459999993,0 -47.64488989999995,-22.79343119999993,0 -47.64552059999994,-22.793408599999964,0 -47.645746,-22.79350919999996,0 -47.64614519999998,-22.794274,0 -47.646740499999964,-22.794826299999954,0 -47.64732319999996,-22.795584899999938,0 -47.647554199999945,-22.795712699999967,0 -47.64784139999995,-22.795741199999952,0 -47.64837,-22.795525699999928,0 -47.64931029999997,-22.795556699999963,0 -47.65007069999996,-22.795785499999965,0 -47.65067239999996,-22.79620049999994,0 -47.65097829999996,-22.79664589999993,0 -47.65097129999998,-22.796921699999928,0 -47.65036509999993,-22.797527099999968,0 -47.650606299999936,-22.797893599999952,0 -47.65131919999993,-22.798223899999982,0 -47.65279559999993,-22.798613299999943,0 -47.65307,-22.79876889999997,0 -47.65313089999995,-22.798859599999957,0 -47.65333719999995,-22.799167,0 -47.65367509999993,-22.799278399999935,0 -47.654330399999935,-22.79912809999996,0 -47.655492599999945,-22.79774009999994,0 -47.655870499999935,-22.79751589999995,0 -47.656307,-22.797668899999962,0 -47.65691889999994,-22.798556299999973,0 -47.657879,-22.79944039999998,0 -47.65827679999995,-22.799481299999968,0 -47.65891849999997,-22.799349399999983,0 -47.659293,-22.79917809999995,0 -47.65992609999995,-22.798540499999945,0 -47.65993789999993,-22.798528499999975,0 -47.65613849999994,-22.789825899999983,0 -47.65292139999997,-22.78235589999997,0 -47.65275429999997,-22.78198219999996,0 -47.65273789999998,-22.781945699999937,0 -47.65272169999997,-22.781908899999962,0 -47.65261449999997,-22.78166529999993,0 -47.651714099999936,-22.77959839999994,0 -47.651109099999985,-22.778213199999982,0 -47.65102959999996,-22.778228399999932,0 -47.64741779999997,-22.779087699999934,0 -47.646967,-22.777452299999936,0 -47.643044,-22.77840969999994,0 -47.64395519999994,-22.780740799999933,0 -47.644445,-22.782067,0 -47.644401399999936,-22.782064499999933,0 -47.64258559999996,-22.78195839999995,0 -47.64241009999995,-22.781948099999966,0 -47.64059309999993,-22.781833,0 -47.63917589999994,-22.781758699999955,0 -47.63905269999998,-22.78175129999994,0 -47.639004299999954,-22.781750699999975,0 -47.638052899999934,-22.78173819999995,0 -47.636201599999936,-22.78076679999998,0 -47.63265779999995,-22.778962599999943,0 -47.63050169999997,-22.777882099999943,0 -47.630501899999956,-22.777763299999947,0 -47.63043239999996,-22.777750699999956,0 -47.63030539999994,-22.77770469999996,0 -47.62972289999993,-22.777386699999965,0 -47.629408499999954,-22.777183899999955,0 -47.627835199999936,-22.77599349999997,0 -47.626574199999936,-22.77452489999996,0 -47.624846899999966,-22.772600099999977,0 -47.62413849999996,-22.77185149999997,0 -47.62406509999994,-22.771773399999972,0 -47.623473,-22.771143,0 -47.62289929999997,-22.76946689999994,0 -47.62420569999995,-22.76747419999998,0 -47.62431429999998,-22.76731559999996,0 -47.62269149999997,-22.766053399999976,0 -47.62178249999994,-22.764947399999983,0 -47.62145429999998,-22.76454659999996,0 -47.62113869999996,-22.764161299999955,0 -47.62110569999993,-22.76418419999993,0 -47.620291099999974,-22.76474939999997,0</coordinates></LinearRing></outerBoundaryIs></Polygon></MultiGeometry>
</Placemark>
<Placemark>
<name>Castelinho</name>
<ExtendedData>
<Data name="CD_BAIRRO"><value>3538709037</value></Data>
<Data name="NM_BAIRRO"><value>Castelinho</value></Data>
<Data name="2000"><value>1249.8102222222221</value></Data><Data name="2010"><value>4839.497272018706</value></Data><Data name="2022"><value>5190.04</value></Data><Data name="delta 00 - 10"><value>2.8721857014530165</value></Data><Data name="delta 10 - 22"><value>0.07243370711418368</value></Data>
</ExtendedData>
<Style>
<LineStyle><color>ff666666</color><width>1</width></LineStyle>
<PolyStyle><color>4dcccccc</color></PolyStyle>
</Style>
<MultiGeometry><Polygon><outerBoundaryIs><LinearRing><coordinates>-47.664371899999935,-22.7341,0 -47.66441529999997,-22.73407789999993,0 -47.66471779999995,-22.733933599999943,0 -47.66510669999997,-22.733757399999945,0 -47.66587849999996,-22.73342649999995,0 -47.66735629999994,-22.73287339999996,0 -47.66761329999997,-22.732767699999954,0 -47.668028799999945,-22.732596199999932,0 -47.668397899999945,-22.73244509999995,0 -47.66857719999996,-22.73239639999997,0 -47.668731,-22.732393099999967,0 -47.66930419999994,-22.73242639999995,0 -47.66978179999995,-22.732468799999936,0 -47.67004489999994,-22.732498299999975,0 -47.670273,-22.732507299999952,0 -47.670451,-22.73250969999998,0 -47.670586699999944,-22.73249789999994,0 -47.67069719999995,-22.73247239999995,0 -47.670766,-22.732441499999936,0 -47.67089409999994,-22.732383899999945,0 -47.67100749999997,-22.73230719999998,0 -47.671204099999954,-22.732165299999963,0 -47.67140249999994,-22.732036,0 -47.67167639999997,-22.731888699999956,0 -47.67171949999994,-22.73186549999997,0 -47.67177819999995,-22.73182319999995,0 -47.67194109999997,-22.731700699999976,0 -47.67205389999998,-22.731635299999937,0 -47.672142099999974,-22.731647,0 -47.672228,-22.731655199999977,0 -47.67222709999993,-22.73162169999995,0 -47.67220239999995,-22.730689,0 -47.67219739999996,-22.728394599999945,0 -47.672192,-22.72776349999998,0 -47.672191699999985,-22.727724399999943,0 -47.67219179999995,-22.727686,0 -47.672191,-22.72764609999996,0 -47.672187,-22.72744979999993,0 -47.672172899999964,-22.72697679999993,0 -47.672141599999975,-22.72677939999994,0 -47.672028599999976,-22.726510299999973,0 -47.67181069999998,-22.726219799999967,0 -47.671537299999954,-22.72594639999994,0 -47.67135829999995,-22.725769799999966,0 -47.67124549999994,-22.725605299999927,0 -47.671203899999966,-22.725442,0 -47.67110249999996,-22.725271299999974,0 -47.670871499999976,-22.725028599999973,0 -47.670472,-22.724712099999977,0 -47.670445,-22.724683,0 -47.67047519999994,-22.724568499999975,0 -47.670460899999966,-22.724495,0 -47.67042739999994,-22.724429,0 -47.670366899999976,-22.724383399999965,0 -47.67025389999998,-22.72436579999993,0 -47.670086699999956,-22.724389299999928,0 -47.66992749999997,-22.72448769999994,0 -47.66975549999995,-22.72460959999995,0 -47.66964239999993,-22.724713899999983,0 -47.669578799999954,-22.72481819999996,0 -47.66955009999998,-22.724937099999977,0 -47.66958189999997,-22.72504289999995,0 -47.669644,-22.72510159999996,0 -47.66970709999998,-22.725130699999966,0 -47.66968609999998,-22.72517249999993,0 -47.66949029999995,-22.725487,0 -47.66928989999997,-22.725703,0 -47.669299699999954,-22.725716499999976,0 -47.66932749999995,-22.72574529999997,0 -47.668478,-22.72655679999997,0 -47.667882,-22.72713269999997,0 -47.66751679999993,-22.72742759999994,0 -47.6665,-22.728168899999957,0 -47.66562179999994,-22.72883349999995,0 -47.665575299999944,-22.72887049999997,0 -47.665559,-22.728911799999935,0 -47.665432099999975,-22.72920789999995,0 -47.66535739999995,-22.729385699999966,0 -47.665232199999934,-22.729685399999937,0 -47.66522719999995,-22.729694,0 -47.66499459999994,-22.730063599999937,0 -47.664786,-22.730391899999972,0 -47.66461009999995,-22.730665399999964,0 -47.66458979999993,-22.730693799999983,0 -47.66440279999995,-22.730916899999954,0 -47.664216299999964,-22.73114,0 -47.66391809999993,-22.73147309999996,0 -47.66348279999994,-22.73180149999996,0 -47.663238,-22.73192949999998,0 -47.66306389999994,-22.73201819999997,0 -47.66279089999995,-22.732106,0 -47.66149629999995,-22.732497199999955,0 -47.66043,-22.732798299999956,0 -47.66020849999995,-22.732874699999968,0 -47.660184399999935,-22.73288709999997,0 -47.660040299999935,-22.732972899999936,0 -47.659752699999956,-22.733208699999977,0 -47.659721899999965,-22.733234,0 -47.659690499999954,-22.733260799999982,0 -47.65962769999993,-22.73331449999995,0 -47.659524,-22.73338469999993,0 -47.65939759999998,-22.73342409999998,0 -47.659353599999974,-22.733429799999954,0 -47.65931249999994,-22.733435199999974,0 -47.65927169999998,-22.73343719999997,0 -47.659169599999984,-22.733442099999934,0 -47.65905559999993,-22.733456199999978,0 -47.658922,-22.733484199999964,0 -47.65887569999995,-22.73350469999997,0 -47.658881099999974,-22.733507,0 -47.658931,-22.733527699999968,0 -47.659035,-22.733571,0 -47.65910289999994,-22.733621399999947,0 -47.65932789999994,-22.733838099999957,0 -47.65946349999996,-22.733978899999954,0 -47.66021989999996,-22.734735899999976,0 -47.66036989999998,-22.73486189999994,0 -47.660414,-22.734847499999944,0 -47.660485,-22.73488089999995,0 -47.66057219999993,-22.734908,0 -47.66067789999994,-22.734930899999938,0 -47.661397,-22.735047299999962,0 -47.66213189999996,-22.735167599999954,0 -47.662310299999945,-22.73519189999996,0 -47.662463199999934,-22.735179699999946,0 -47.66258209999995,-22.735144499999933,0 -47.66262119999993,-22.735132499999963,0 -47.663136099999974,-22.734833899999956,0 -47.663143299999945,-22.734830399999964,0 -47.66315279999998,-22.73482569999993,0 -47.66318819999998,-22.734808199999975,0 -47.663236799999936,-22.73478719999997,0 -47.66325269999993,-22.734780299999954,0 -47.66328639999995,-22.73476059999996,0 -47.663307299999985,-22.734744099999944,0 -47.663339,-22.73471909999995,0 -47.66337159999995,-22.73469549999993,0 -47.663395099999946,-22.734678499999973,0 -47.664371899999935,-22.7341,0</coordinates></LinearRing></outerBoundaryIs></Polygon></MultiGeometry>
</Placemark>
<Placemark>
<name>Jaraguá</name>
<ExtendedData>
<Data name="CD_BAIRRO"><value>3538709036</value></Data>
<Data name="NM_BAIRRO"><value>Jaraguá</value></Data>
<Data name="2000"><value>622.3626453488372</value></Data><Data name="2010"><value>2280.371969248965</value></Data><Data name="2022"><value>2830.22</value></Data><Data name="delta 00 - 10"><value>2.664056617618504</value></Data><Data name="delta 10 - 22"><value>0.24112207927732338</value></Data>
</ExtendedData>
<Style>
<LineStyle><color>ff666666</color><width>1</width></LineStyle>
<PolyStyle><color>4dcccccc</color></PolyStyle>
</Style>
<MultiGeometry><Polygon><outerBoundaryIs><LinearRing><coordinates>-47.66858879999995,-22.741023299999938,0 -47.668693099999984,-22.740857199999937,0 -47.66876959999996,-22.740660799999944,0 -47.668803,-22.74059749999998,0 -47.668876799999964,-22.740455,0 -47.668912,-22.740309199999956,0 -47.66894769999993,-22.740110799999968,0 -47.669001,-22.739611,0 -47.66901819999998,-22.739301099999977,0 -47.668997099999956,-22.739026399999943,0 -47.66896779999996,-22.73891109999994,0 -47.668916699999954,-22.738710399999945,0 -47.668782299999975,-22.738337199999933,0 -47.66868869999996,-22.738112399999977,0 -47.668551599999944,-22.737945899999943,0 -47.668269599999974,-22.737668799999938,0 -47.66803109999995,-22.73739649999993,0 -47.66794289999996,-22.737260099999958,0 -47.66786369999994,-22.737067099999933,0 -47.667857099999935,-22.73684959999997,0 -47.66791249999994,-22.73651529999995,0 -47.66798759999995,-22.73630509999998,0 -47.66812859999993,-22.73606929999994,0 -47.66831309999998,-22.735812799999962,0 -47.66857269999997,-22.73556,0 -47.66864919999995,-22.735417799999937,0 -47.66867949999994,-22.735306,0 -47.66870929999993,-22.735186099999964,0 -47.668748499999936,-22.735193699999968,0 -47.66890129999996,-22.735223,0 -47.668947,-22.735108199999956,0 -47.669017199999985,-22.735018799999978,0 -47.66910269999994,-22.734927599999935,0 -47.66917059999997,-22.734838899999943,0 -47.66926269999993,-22.734701799999982,0 -47.66941389999994,-22.734535199999982,0 -47.66977919999994,-22.734274599999935,0 -47.66996089999998,-22.734118399999943,0 -47.670248699999945,-22.733854399999927,0 -47.67055789999995,-22.733588399999974,0 -47.670842499999935,-22.733337699999936,0 -47.67107989999994,-22.733123199999966,0 -47.67135449999995,-22.732844,0 -47.671583,-22.73264519999998,0 -47.67179509999994,-22.732467399999962,0 -47.672007399999984,-22.73227879999996,0 -47.672110499999974,-22.73218079999998,0 -47.67218669999994,-22.732095899999933,0 -47.672254399999986,-22.731991599999958,0 -47.672265799999934,-22.731900199999927,0 -47.67223469999993,-22.73181139999997,0 -47.672229699999946,-22.73169539999998,0 -47.672228,-22.731655199999977,0 -47.672142099999974,-22.731647,0 -47.67205389999998,-22.731635299999937,0 -47.67194109999997,-22.731700699999976,0 -47.67177819999995,-22.73182319999995,0 -47.67171949999994,-22.73186549999997,0 -47.67167639999997,-22.731888699999956,0 -47.67140249999994,-22.732036,0 -47.671204099999954,-22.732165299999963,0 -47.67100749999997,-22.73230719999998,0 -47.67089409999994,-22.732383899999945,0 -47.670766,-22.732441499999936,0 -47.67069719999995,-22.73247239999995,0 -47.670586699999944,-22.73249789999994,0 -47.670451,-22.73250969999998,0 -47.670273,-22.732507299999952,0 -47.67004489999994,-22.732498299999975,0 -47.66978179999995,-22.732468799999936,0 -47.66930419999994,-22.73242639999995,0 -47.668731,-22.732393099999967,0 -47.66857719999996,-22.73239639999997,0 -47.668397899999945,-22.73244509999995,0 -47.668028799999945,-22.732596199999932,0 -47.66761329999997,-22.732767699999954,0 -47.66735629999994,-22.73287339999996,0 -47.66587849999996,-22.73342649999995,0 -47.66510669999997,-22.733757399999945,0 -47.66471779999995,-22.733933599999943,0 -47.66441529999997,-22.73407789999993,0 -47.664371899999935,-22.7341,0 -47.663395099999946,-22.734678499999973,0 -47.66337159999995,-22.73469549999993,0 -47.663339,-22.73471909999995,0 -47.663355,-22.734743,0 -47.66336089999993,-22.734773399999938,0 -47.663350599999944,-22.734811199999967,0 -47.663323,-22.73484069999995,0 -47.663309399999946,-22.734845399999983,0 -47.66333509999998,-22.734878899999956,0 -47.66335319999996,-22.734902499999976,0 -47.66361519999998,-22.735378399999945,0 -47.66369989999998,-22.735530299999937,0 -47.66454569999996,-22.737055899999973,0 -47.665427299999976,-22.73866229999993,0 -47.66545559999997,-22.738715499999955,0 -47.665351199999975,-22.739185799999973,0 -47.66519909999994,-22.739667399999973,0 -47.66519909999994,-22.739764399999956,0 -47.665225599999985,-22.739859299999978,0 -47.66508589999995,-22.739818199999945,0 -47.66464479999996,-22.739688499999943,0 -47.66396469999995,-22.74015559999998,0 -47.665116799999964,-22.740433199999927,0 -47.665412799999956,-22.74050449999993,0 -47.665553699999975,-22.740567599999963,0 -47.665645799999936,-22.74066609999994,0 -47.66577059999997,-22.74073139999996,0 -47.666367,-22.740918699999952,0 -47.666478799999936,-22.740972,0 -47.666583199999934,-22.74106649999993,0 -47.66655319999995,-22.74118509999994,0 -47.66659039999996,-22.741201,0 -47.66670849999997,-22.74125159999994,0 -47.666904399999964,-22.74137509999997,0 -47.66708849999998,-22.741501,0 -47.667219699999976,-22.741595699999948,0 -47.667365,-22.741686699999946,0 -47.66764649999993,-22.741791399999954,0 -47.66778179999994,-22.741890699999942,0 -47.66782919999997,-22.741926,0 -47.667886,-22.74196829999994,0 -47.66803459999994,-22.741879899999958,0 -47.66810909999998,-22.74182209999998,0 -47.66820179999996,-22.741746199999966,0 -47.66826059999994,-22.741698,0 -47.66829409999997,-22.74169219999993,0 -47.66838729999995,-22.741637499999968,0 -47.66844659999998,-22.741520799999932,0 -47.66849139999994,-22.74132149999997,0 -47.66851379999997,-22.741155,0 -47.66854809999995,-22.74108209999997,0 -47.66858879999995,-22.741023299999938,0</coordinates></LinearRing></outerBoundaryIs></Polygon></MultiGeometry>
</Placemark>
<Placemark>
<name>Jardim Caxambu</name>
<ExtendedData>
<Data name="CD_BAIRRO"><value>3538709009</value></Data>
<Data name="NM_BAIRRO"><value>Jardim Caxambu</value></Data>
<Data name="2000"><value></value></Data><Data name="2010"><value></value></Data><Data name="2022"><value></value></Data><Data name="delta 00 - 10"><value></value></Data><Data name="delta 10 - 22"><value></value></Data>
</ExtendedData>
<Style>
<LineStyle><color>ff666666</color><width>1</width></LineStyle>
<PolyStyle><color>4dcccccc</color></PolyStyle>
</Style>
<MultiGeometry><Polygon><outerBoundaryIs><LinearRing><coordinates>-47.63697339999993,-22.751111299999934,0 -47.63697509999997,-22.75109969999994,0 -47.637120299999935,-22.750549499999977,0 -47.637215699999956,-22.75023649999997,0 -47.637297899999965,-22.74998839999995,0 -47.63729909999995,-22.749984799999936,0 -47.637637,-22.748918699999933,0 -47.637822,-22.748345099999938,0 -47.638067699999965,-22.74779979999994,0 -47.63827629999997,-22.74729,0 -47.638504799999964,-22.746771499999966,0 -47.638763,-22.74611159999995,0 -47.63885839999995,-22.74599269999993,0 -47.63899849999996,-22.74593059999995,0 -47.639166899999964,-22.745891399999948,0 -47.63916839999996,-22.745847099999935,0 -47.63917909999998,-22.745522199999982,0 -47.63918229999996,-22.745482,0 -47.63918549999994,-22.745442199999957,0 -47.639189199999976,-22.745402299999967,0 -47.639197,-22.745317899999975,0 -47.639229,-22.745164,0 -47.63980789999994,-22.744131599999946,0 -47.639838199999986,-22.744077699999934,0 -47.63985679999996,-22.744037,0 -47.63955389999995,-22.744143299999962,0 -47.639253,-22.74424629999993,0 -47.63904249999996,-22.744362699999954,0 -47.638765699999965,-22.74455169999993,0 -47.63832519999994,-22.744936199999927,0 -47.63717539999993,-22.745789799999955,0 -47.63703869999995,-22.745892899999944,0 -47.63698139999997,-22.745962499999962,0 -47.63695659999996,-22.74607089999995,0 -47.636654,-22.746267,0 -47.635730499999966,-22.746960199999933,0 -47.63460729999997,-22.74755659999994,0 -47.63404859999997,-22.747662899999966,0 -47.63393649999995,-22.74764779999998,0 -47.63387389999997,-22.747624,0 -47.63381229999993,-22.74757989999995,0 -47.633753499999955,-22.747519099999977,0 -47.633767699999964,-22.74757859999994,0 -47.63376009999996,-22.747630499999957,0 -47.63373259999997,-22.747679,0 -47.63369129999995,-22.74771359999994,0 -47.63364389999998,-22.747739499999966,0 -47.63358489999996,-22.747749399999975,0 -47.63351359999996,-22.747729799999945,0 -47.633457299999975,-22.74770209999997,0 -47.633396,-22.747644399999956,0 -47.633416,-22.747703199999933,0 -47.633421,-22.747754,0 -47.633414,-22.747806499999967,0 -47.63323819999994,-22.748203699999976,0 -47.63296109999993,-22.74871909999996,0 -47.632691299999976,-22.749257499999942,0 -47.63250229999994,-22.749621799999943,0 -47.63242369999995,-22.749773199999936,0 -47.632257799999934,-22.75007709999994,0 -47.63214359999995,-22.750286399999936,0 -47.631872699999974,-22.750800899999945,0 -47.631777099999965,-22.75098639999993,0 -47.63160309999995,-22.751334399999962,0 -47.63143429999997,-22.751611599999933,0 -47.63134229999997,-22.751806699999975,0 -47.63118349999996,-22.752119599999958,0 -47.631083,-22.75233259999993,0 -47.63187749999997,-22.752941299999975,0 -47.632400099999984,-22.753297799999928,0 -47.63249129999997,-22.753407799999934,0 -47.632546099999956,-22.753482799999972,0 -47.63255659999993,-22.75351379999995,0 -47.63257989999994,-22.753548399999943,0 -47.632624299999975,-22.75357219999995,0 -47.632641,-22.75357589999993,0 -47.63268919999996,-22.75357939999998,0 -47.63272879999994,-22.75357429999997,0 -47.63279209999996,-22.753598299999965,0 -47.63306279999995,-22.753734099999974,0 -47.633784799999944,-22.754293099999927,0 -47.63382329999996,-22.754321799999957,0 -47.63386929999996,-22.754354899999953,0 -47.63450289999997,-22.754781299999934,0 -47.634774499999935,-22.754834399999936,0 -47.63485879999996,-22.754852599999936,0 -47.63509209999995,-22.754760399999952,0 -47.63522789999996,-22.754617499999938,0 -47.63557739999993,-22.75421229999995,0 -47.63590869999996,-22.75382609999997,0 -47.636298599999975,-22.753375199999937,0 -47.636406299999976,-22.753269399999965,0 -47.636589699999945,-22.75298179999993,0 -47.63665619999995,-22.752876799999967,0 -47.636684799999955,-22.752831499999957,0 -47.63674019999996,-22.752744,0 -47.63678489999995,-22.75247909999996,0 -47.636895,-22.751595599999973,0 -47.63697339999993,-22.751111299999934,0</coordinates></LinearRing></outerBoundaryIs></Polygon></MultiGeometry>
</Placemark>
<Placemark>
<name>Morumbi</name>
<ExtendedData>
<Data name="CD_BAIRRO"><value>3538709017</value></Data>
<Data name="NM_BAIRRO"><value>Morumbi</value></Data>
<Data name="2000"><value>1007.3954002653693</value></Data><Data name="2010"><value>3120.760732113145</value></Data><Data name="2022"><value>4204.83</value></Data><Data name="delta 00 - 10"><value>2.0978508848571975</value></Data><Data name="delta 10 - 22"><value>0.3473734005723677</value></Data>
</ExtendedData>
<Style>
<LineStyle><color>ff666666</color><width>1</width></LineStyle>
<PolyStyle><color>4dcccccc</color></PolyStyle>
</Style>
<MultiGeometry><Polygon><outerBoundaryIs><LinearRing><coordinates>-47.620482799999934,-22.740555899999947,0 -47.62087769999994,-22.740417099999945,0 -47.62102179999994,-22.740365699999927,0 -47.62146709999996,-22.740203599999973,0 -47.62207209999997,-22.73999189999995,0 -47.62264959999993,-22.739789799999983,0 -47.623275199999966,-22.739565,0 -47.62386249999997,-22.739386599999932,0 -47.624481199999934,-22.739192199999934,0 -47.624489,-22.739211799999964,0 -47.62452719999993,-22.739202099999943,0 -47.62514619999996,-22.739045499999975,0 -47.62568529999993,-22.738838,0 -47.62578789999998,-22.73881849999998,0 -47.62643029999998,-22.73879069999998,0 -47.62722659999997,-22.738759699999946,0 -47.62784769999996,-22.73873519999995,0 -47.62836109999995,-22.73872309999996,0 -47.62882979999995,-22.738635699999975,0 -47.62931119999996,-22.738549199999966,0 -47.62951469999996,-22.738500199999976,0 -47.629672,-22.73845689999996,0 -47.629907799999955,-22.73836549999993,0 -47.62992,-22.73830929999997,0 -47.630012599999986,-22.73815469999994,0 -47.630074899999954,-22.738067199999932,0 -47.630163,-22.73799719999994,0 -47.63013959999995,-22.737965,0 -47.629962499999976,-22.73772189999994,0 -47.629863099999966,-22.737545,0 -47.62976639999994,-22.73739889999996,0 -47.629634099999976,-22.737239899999963,0 -47.62950439999997,-22.73706169999997,0 -47.629423799999984,-22.73689879999995,0 -47.629364,-22.736733899999933,0 -47.629325,-22.736540499999933,0 -47.629255099999966,-22.73624989999996,0 -47.62915,-22.735784299999978,0 -47.62905439999997,-22.73533729999997,0 -47.628975699999955,-22.734880699999962,0 -47.62892459999995,-22.734648499999935,0 -47.62891039999994,-22.734567599999934,0 -47.628903399999956,-22.734527699999944,0 -47.62889609999996,-22.734487799999954,0 -47.62887459999996,-22.734368599999982,0 -47.62883619999997,-22.734204699999964,0 -47.628772,-22.734004599999935,0 -47.62873989999997,-22.73381889999996,0 -47.628682399999946,-22.733497099999965,0 -47.62863639999995,-22.73325189999997,0 -47.62862839999997,-22.733209099999954,0 -47.62861779999997,-22.73316559999995,0 -47.62857809999997,-22.73300249999994,0 -47.62851029999996,-22.732811599999934,0 -47.62844119999994,-22.732652799999983,0 -47.62832479999997,-22.73241829999995,0 -47.62808149999995,-22.732033399999978,0 -47.62806009999997,-22.731999599999938,0 -47.628038499999946,-22.731965899999977,0 -47.62794169999995,-22.73181489999996,0 -47.62771369999996,-22.731494099999964,0 -47.62737929999997,-22.73092029999998,0 -47.627368,-22.730902,0 -47.627291,-22.730262299999936,0 -47.62729059999998,-22.730184099999974,0 -47.627310799999975,-22.730107499999974,0 -47.627365399999974,-22.730027899999982,0 -47.627392,-22.72995179999998,0 -47.62739719999996,-22.729845299999965,0 -47.62734549999993,-22.72963429999993,0 -47.62730769999996,-22.729430799999932,0 -47.62727479999995,-22.729238799999962,0 -47.62725119999993,-22.729018099999962,0 -47.62723749999998,-22.728728799999942,0 -47.62723169999998,-22.72827609999996,0 -47.627206899999976,-22.72780259999996,0 -47.62718209999997,-22.727630399999953,0 -47.62718229999996,-22.72746509999996,0 -47.627175,-22.72705559999997,0 -47.62716279999995,-22.726825099999928,0 -47.62713969999993,-22.726612699999976,0 -47.62710819999995,-22.726333499999953,0 -47.62708,-22.72616439999996,0 -47.627041099999985,-22.726010499999973,0 -47.627031399999964,-22.725972,0 -47.62702479999996,-22.72593039999998,0 -47.62700989999996,-22.725835399999937,0 -47.62695229999997,-22.72567829999997,0 -47.62690669999995,-22.72553279999994,0 -47.62684359999997,-22.725389,0 -47.626726,-22.725220499999978,0 -47.626586,-22.725106099999948,0 -47.62648169999994,-22.72502949999995,0 -47.626445,-22.725002599999982,0 -47.62640719999996,-22.725020299999983,0 -47.62632009999993,-22.72509219999995,0 -47.626221199999975,-22.72521679999994,0 -47.626129499999934,-22.72538609999998,0 -47.62591109999994,-22.72557889999996,0 -47.625589,-22.725745599999982,0 -47.62533389999993,-22.725876899999946,0 -47.62523209999995,-22.72592929999996,0 -47.62427679999996,-22.72626729999996,0 -47.620145899999955,-22.727799,0 -47.620082199999956,-22.727822599999968,0 -47.61663549999997,-22.729091,0 -47.61495689999998,-22.729701199999965,0 -47.61443389999994,-22.72998259999997,0 -47.61398479999997,-22.730239599999948,0 -47.61315969999998,-22.73072469999994,0 -47.61234289999993,-22.73122479999995,0 -47.611445199999935,-22.73179579999993,0 -47.611453799999936,-22.731812399999967,0 -47.61147219999998,-22.73184809999998,0 -47.61091909999993,-22.732195899999965,0 -47.61058619999994,-22.732400199999972,0 -47.60937809999996,-22.73310989999993,0 -47.609276,-22.733129299999973,0 -47.60923479999997,-22.73313719999993,0 -47.608609799999954,-22.73354729999994,0 -47.607939399999964,-22.733955699999967,0 -47.60788779999996,-22.73398549999996,0 -47.60785269999997,-22.734005899999943,0 -47.60781719999994,-22.734026099999937,0 -47.607642399999975,-22.734125699999936,0 -47.607304599999964,-22.734303799999964,0 -47.60741019999995,-22.73443549999996,0 -47.60743529999996,-22.73446679999995,0 -47.607461099999966,-22.73449889999995,0 -47.60752259999998,-22.73457529999996,0 -47.60757579999995,-22.734642099999974,0 -47.60818429999995,-22.735735899999952,0 -47.608803499999965,-22.73683509999995,0 -47.60983249999998,-22.738661499999978,0 -47.61019529999993,-22.739306,0 -47.61044579999998,-22.739751099999978,0 -47.611182,-22.741074099999935,0 -47.61136419999997,-22.74140159999996,0 -47.611382,-22.741434199999958,0 -47.612103099999956,-22.74175859999997,0 -47.612174599999946,-22.741785,0 -47.612359899999944,-22.741837,0 -47.612566,-22.741886699999952,0 -47.61274479999997,-22.741925599999945,0 -47.61338319999993,-22.742049099999974,0 -47.61357289999995,-22.742086099999938,0 -47.61366049999998,-22.742103199999974,0 -47.614741899999956,-22.742318799999964,0 -47.61506659999998,-22.742402099999936,0 -47.615174199999956,-22.742429699999946,0 -47.615583399999934,-22.742517499999963,0 -47.61567649999995,-22.74253109999995,0 -47.61575039999997,-22.742535,0 -47.615827699999954,-22.742533099999946,0 -47.615943899999934,-22.742512399999953,0 -47.61646269999994,-22.742277299999955,0 -47.616944899999964,-22.742060599999945,0 -47.61789219999997,-22.741679499999975,0 -47.61855469999995,-22.741417799999965,0 -47.61863529999994,-22.741383,0 -47.619388399999934,-22.740983599999936,0 -47.619592799999964,-22.740885499999933,0 -47.619725,-22.740828699999952,0 -47.620482799999934,-22.740555899999947,0</coordinates></LinearRing></outerBoundaryIs></Polygon></MultiGeometry>
</Placemark>
<Placemark>
<name>Algodoal</name>
<ExtendedData>
<Data name="CD_BAIRRO"><value>3538709049</value></Data>
<Data name="NM_BAIRRO"><value>Algodoal</value></Data>
<Data name="2000"><value>733.1859201773835</value></Data><Data name="2010"><value>3100.9701754385965</value></Data><Data name="2022"><value>2379.07</value></Data><Data name="delta 00 - 10"><value>3.229445888279418</value></Data><Data name="delta 10 - 22"><value>-0.23279816786257607</value></Data>
</ExtendedData>
<Style>
<LineStyle><color>ff666666</color><width>1</width></LineStyle>
<PolyStyle><color>4dcccccc</color></PolyStyle>
</Style>
<MultiGeometry><Polygon><outerBoundaryIs><LinearRing><coordinates>-47.667763,-22.68893309999993,0 -47.66723589999998,-22.68948419999998,0 -47.66691019999996,-22.68984889999996,0 -47.66654459999995,-22.690301399999953,0 -47.665714,-22.69134749999995,0 -47.66486,-22.69242029999998,0 -47.66316869999997,-22.694546,0 -47.662273,-22.695670399999983,0 -47.661401,-22.696562299999982,0 -47.66137319999996,-22.696590699999945,0 -47.66139289999995,-22.696609499999965,0 -47.66148409999994,-22.69675719999998,0 -47.66152269999998,-22.697068,0 -47.66203059999998,-22.697377099999983,0 -47.66266,-22.697296499999936,0 -47.662762,-22.697874399999932,0 -47.66287559999995,-22.69845239999995,0 -47.66288359999993,-22.698491599999954,0 -47.662896899999964,-22.69855769999998,0 -47.66290479999998,-22.69859649999995,0 -47.662195199999985,-22.698707499999955,0 -47.66164109999994,-22.698875899999962,0 -47.66137289999995,-22.699062399999946,0 -47.66147989999996,-22.69920769999993,0 -47.66188779999993,-22.699756099999945,0 -47.661911499999974,-22.69978889999993,0 -47.66195829999998,-22.69985369999995,0 -47.662081599999965,-22.699765199999945,0 -47.66220959999998,-22.699711899999954,0 -47.66232069999995,-22.699674899999934,0 -47.662442099999964,-22.699634499999945,0 -47.66253149999994,-22.69958409999998,0 -47.66264419999993,-22.699559499999964,0 -47.66274809999993,-22.699549799999943,0 -47.66287829999993,-22.699538599999983,0 -47.66306519999995,-22.699537,0 -47.66319619999996,-22.69955049999993,0 -47.663298199999986,-22.699576499999978,0 -47.66343759999995,-22.69962469999996,0 -47.66352759999995,-22.69966979999998,0 -47.66375429999994,-22.699837799999955,0 -47.66396649999996,-22.70003509999998,0 -47.66417949999993,-22.700311299999953,0 -47.66422069999993,-22.700359399999968,0 -47.664273099999946,-22.70042069999994,0 -47.66436129999994,-22.70052389999995,0 -47.664563499999986,-22.700808199999983,0 -47.66469719999998,-22.700973399999953,0 -47.66487689999997,-22.701139299999966,0 -47.66506889999994,-22.70125319999994,0 -47.665300599999966,-22.70135279999994,0 -47.66552869999998,-22.701395499999933,0 -47.665737699999966,-22.70140509999993,0 -47.66598339999996,-22.701409799999965,0 -47.66617139999994,-22.701412799999957,0 -47.666529,-22.701399799999933,0 -47.66677009999995,-22.701396599999953,0 -47.66699509999995,-22.70141669999998,0 -47.667271,-22.701401199999964,0 -47.667454599999985,-22.70139489999997,0 -47.667538899999954,-22.701404599999933,0 -47.667578799999944,-22.701409299999966,0 -47.667593099999976,-22.70153829999998,0 -47.66814089999997,-22.70152489999998,0 -47.66863619999998,-22.701110899999946,0 -47.668915899999945,-22.70053029999997,0 -47.66874539999998,-22.700520499999982,0 -47.66876,-22.700481199999956,0 -47.66889659999998,-22.700115099999948,0 -47.66910829999995,-22.699473499999954,0 -47.66923129999998,-22.699102099999948,0 -47.669342599999936,-22.69913639999993,0 -47.66938209999995,-22.699148599999944,0 -47.669420299999956,-22.699160099999972,0 -47.67054649999994,-22.69950019999993,0 -47.67056979999995,-22.699017699999956,0 -47.670635499999946,-22.69855309999997,0 -47.670691799999986,-22.698195899999973,0 -47.67082069999998,-22.697804899999937,0 -47.67092869999993,-22.69745469999998,0 -47.671105899999986,-22.69710539999994,0 -47.67126539999998,-22.696789,0 -47.67142069999994,-22.696573599999965,0 -47.671649,-22.69638169999996,0 -47.67172629999993,-22.696348099999966,0 -47.67176439999997,-22.69633159999995,0 -47.67183649999998,-22.696305199999983,0 -47.67188189999996,-22.696297899999934,0 -47.67201679999994,-22.696276099999977,0 -47.672329,-22.69623349999995,0 -47.672706199999936,-22.696146599999963,0 -47.673068099999966,-22.696060299999942,0 -47.67339649999997,-22.695996199999968,0 -47.67372869999997,-22.695837,0 -47.674105699999984,-22.695588399999963,0 -47.674387399999944,-22.695328899999936,0 -47.67466879999995,-22.694879699999944,0 -47.67488759999998,-22.694376,0 -47.675132099999985,-22.693752399999937,0 -47.675459699999976,-22.692890099999943,0 -47.67580929999997,-22.692093,0 -47.67602679999993,-22.691508099999965,0 -47.67629119999998,-22.690774,0 -47.675892499999975,-22.69060539999998,0 -47.675672599999984,-22.690541199999927,0 -47.67555829999998,-22.690510099999983,0 -47.67542389999994,-22.69054239999997,0 -47.675286599999936,-22.690633599999956,0 -47.67517779999997,-22.690651899999978,0 -47.67501569999996,-22.69065379999995,0 -47.674868499999945,-22.690679099999954,0 -47.67474779999998,-22.690733199999954,0 -47.67467,-22.69078929999995,0 -47.67459069999995,-22.690862599999946,0 -47.67451479999994,-22.690882699999975,0 -47.674441,-22.690845499999966,0 -47.67439209999998,-22.69080159999993,0 -47.674269899999956,-22.690653599999962,0 -47.67417979999993,-22.690597699999955,0 -47.67409079999993,-22.69061709999994,0 -47.67399229999995,-22.690681299999937,0 -47.67388429999994,-22.69075259999994,0 -47.67376479999996,-22.690746399999966,0 -47.67364109999994,-22.690715099999977,0 -47.67348939999994,-22.690616499999976,0 -47.67338069999994,-22.69055819999994,0 -47.67331389999998,-22.69052249999993,0 -47.67327149999994,-22.690499699999975,0 -47.67323159999995,-22.69047969999997,0 -47.67320529999995,-22.690466499999957,0 -47.67316549999998,-22.69044649999995,0 -47.673126199999956,-22.690431399999966,0 -47.67303819999995,-22.690397599999983,0 -47.67294229999993,-22.69039369999996,0 -47.67281589999993,-22.69037929999996,0 -47.672720099999935,-22.69036049999994,0 -47.672644799999944,-22.690331499999957,0 -47.67252079999997,-22.69028839999993,0 -47.67235029999995,-22.690283799999975,0 -47.67220889999993,-22.690322599999945,0 -47.67198849999994,-22.69042429999996,0 -47.67182489999993,-22.690517899999975,0 -47.67173459999998,-22.69058659999996,0 -47.67169889999997,-22.69066879999997,0 -47.671731499999964,-22.69074089999998,0 -47.67186129999993,-22.690854399999978,0 -47.671915499999955,-22.690933799999982,0 -47.67194479999995,-22.69102829999997,0 -47.671953299999984,-22.691130699999974,0 -47.67192389999997,-22.691273899999942,0 -47.67187009999998,-22.691476399999942,0 -47.671789599999954,-22.691665499999942,0 -47.67172039999997,-22.69177689999998,0 -47.67163329999994,-22.691827299999943,0 -47.67150379999998,-22.691834,0 -47.67140749999993,-22.691820099999973,0 -47.67127209999995,-22.691814499999964,0 -47.67110839999998,-22.691805,0 -47.670921799999974,-22.691773299999966,0 -47.670717199999956,-22.69174449999997,0 -47.67047059999993,-22.69172889999993,0 -47.670286199999964,-22.691733299999953,0 -47.670127,-22.691747,0 -47.67000429999996,-22.691773099999978,0 -47.66992229999994,-22.69177819999993,0 -47.66982749999994,-22.69177259999998,0 -47.669709799999964,-22.691714,0 -47.66962459999996,-22.691662399999927,0 -47.669537599999956,-22.691587199999958,0 -47.66943839999993,-22.691515399999957,0 -47.669397699999934,-22.691443899999967,0 -47.66937089999993,-22.691338499999972,0 -47.669331099999965,-22.691135199999962,0 -47.669282899999985,-22.69091069999996,0 -47.669257699999946,-22.690706699999964,0 -47.669284,-22.690484899999944,0 -47.66931109999996,-22.690332099999978,0 -47.66939549999995,-22.690097599999945,0 -47.66942309999996,-22.689936699999976,0 -47.66945169999997,-22.689758,0 -47.66945179999993,-22.689554099999953,0 -47.66944119999994,-22.689335299999982,0 -47.669395,-22.689143199999933,0 -47.669343899999944,-22.689001,0 -47.66927649999997,-22.688913599999978,0 -47.66914189999994,-22.688819699999954,0 -47.668960899999945,-22.688778299999967,0 -47.668740799999966,-22.688746899999956,0 -47.668487,-22.68865889999995,0 -47.66827979999994,-22.68858339999997,0 -47.668237799999986,-22.68856809999994,0 -47.668195899999944,-22.688552899999934,0 -47.66818239999998,-22.688547899999946,0 -47.66778819999996,-22.688906799999927,0 -47.667763,-22.68893309999993,0</coordinates></LinearRing></outerBoundaryIs></Polygon></MultiGeometry>
</Placemark>
<Placemark>
<name>Paulista</name>
<ExtendedData>
<Data name="CD_BAIRRO"><value>3538709035</value></Data>
<Data name="NM_BAIRRO"><value>Paulista</value></Data>
<Data name="2000"><value>883.9175661559889</value></Data><Data name="2010"><value>2399.8213572854293</value></Data><Data name="2022"><value>3147.23</value></Data><Data name="delta 00 - 10"><value>1.714983216955236</value></Data><Data name="delta 10 - 22"><value>0.3114434499241252</value></Data>
</ExtendedData>
<Style>
<LineStyle><color>ff666666</color><width>1</width></LineStyle>
<PolyStyle><color>4dcccccc</color></PolyStyle>
</Style>
<MultiGeometry><Polygon><outerBoundaryIs><LinearRing><coordinates>-47.66036989999998,-22.73486189999994,0 -47.66021989999996,-22.734735899999976,0 -47.65946349999996,-22.733978899999954,0 -47.65932789999994,-22.733838099999957,0 -47.65910289999994,-22.733621399999947,0 -47.659035,-22.733571,0 -47.658931,-22.733527699999968,0 -47.658881099999974,-22.733507,0 -47.65887569999995,-22.73350469999997,0 -47.658690399999955,-22.73358879999995,0 -47.657893,-22.733966,0 -47.657856799999934,-22.733983099999932,0 -47.65782049999996,-22.73400019999997,0 -47.657654,-22.73407869999994,0 -47.656977,-22.73439959999996,0 -47.65694079999997,-22.73441669999994,0 -47.65690459999996,-22.734433799999977,0 -47.656565899999975,-22.734593599999982,0 -47.65608579999997,-22.734821599999975,0 -47.65590009999994,-22.73490979999997,0 -47.65565989999993,-22.735026,0 -47.655597099999966,-22.735053499999935,0 -47.655513,-22.735081299999933,0 -47.65541769999993,-22.735109199999954,0 -47.65517259999996,-22.735164399999974,0 -47.655049,-22.735207,0 -47.65494679999995,-22.735264299999983,0 -47.654805899999985,-22.73538519999994,0 -47.65468279999993,-22.735471899999936,0 -47.654566699999975,-22.735537,0 -47.65378519999996,-22.73588609999996,0 -47.652141599999936,-22.73663319999997,0 -47.65215929999994,-22.736677,0 -47.652478,-22.73731989999993,0 -47.652566399999955,-22.737498199999948,0 -47.65297579999998,-22.73834279999994,0 -47.65336959999996,-22.739155299999936,0 -47.653776499999935,-22.74001889999994,0 -47.65419989999998,-22.74087839999993,0 -47.654611699999975,-22.74171789999997,0 -47.65503709999996,-22.74259989999996,0 -47.655459,-22.74344209999998,0 -47.65588159999993,-22.744285699999978,0 -47.65614409999995,-22.74491789999996,0 -47.65616879999993,-22.74498749999998,0 -47.656206199999986,-22.745092799999952,0 -47.65643079999995,-22.745525,0 -47.65646849999996,-22.745510899999942,0 -47.65679529999994,-22.745389099999954,0 -47.65704249999993,-22.745265599999982,0 -47.657370399999934,-22.745030199999974,0 -47.65752549999996,-22.744819199999938,0 -47.65771879999994,-22.744674199999963,0 -47.65791959999996,-22.74453939999995,0 -47.658146,-22.744453,0 -47.65833159999994,-22.74440459999994,0 -47.658545799999956,-22.74431009999995,0 -47.65878419999996,-22.744187599999975,0 -47.658886,-22.744074099999978,0 -47.65898519999996,-22.743974899999955,0 -47.659058899999934,-22.74390109999996,0 -47.65922139999998,-22.74374629999994,0 -47.659352799999965,-22.743625899999927,0 -47.65948959999997,-22.743540699999983,0 -47.65957569999995,-22.74346879999996,0 -47.65962609999997,-22.743398499999955,0 -47.659712499999955,-22.743381799999952,0 -47.659826099999975,-22.74337769999994,0 -47.65993169999996,-22.74337739999993,0 -47.66000219999995,-22.743360399999972,0 -47.660085899999956,-22.743340199999977,0 -47.660141299999964,-22.743326799999977,0 -47.660303899999974,-22.74327139999997,0 -47.660547099999974,-22.74319849999995,0 -47.660715299999936,-22.743118699999968,0 -47.66086649999994,-22.743046,0 -47.66101639999994,-22.74300809999994,0 -47.661214,-22.74296549999997,0 -47.66143379999994,-22.74292669999994,0 -47.66153589999993,-22.74291779999993,0 -47.66157929999997,-22.742914,0 -47.661503,-22.74277239999998,0 -47.66146909999998,-22.742709499999933,0 -47.66118249999994,-22.742177699999957,0 -47.661647699999946,-22.74184889999998,0 -47.661924,-22.74164959999996,0 -47.66292889999994,-22.740924399999983,0 -47.66396469999995,-22.74015559999998,0 -47.66464479999996,-22.739688499999943,0 -47.66508589999995,-22.739818199999945,0 -47.665225599999985,-22.739859299999978,0 -47.66519909999994,-22.739764399999956,0 -47.66519909999994,-22.739667399999973,0 -47.665351199999975,-22.739185799999973,0 -47.66545559999997,-22.738715499999955,0 -47.665427299999976,-22.73866229999993,0 -47.66454569999996,-22.737055899999973,0 -47.66369989999998,-22.735530299999937,0 -47.66361519999998,-22.735378399999945,0 -47.66335319999996,-22.734902499999976,0 -47.66333509999998,-22.734878899999956,0 -47.663309399999946,-22.734845399999983,0 -47.663323,-22.73484069999995,0 -47.663350599999944,-22.734811199999967,0 -47.66336089999993,-22.734773399999938,0 -47.663355,-22.734743,0 -47.663339,-22.73471909999995,0 -47.663307299999985,-22.734744099999944,0 -47.66328639999995,-22.73476059999996,0 -47.66325269999993,-22.734780299999954,0 -47.663236799999936,-22.73478719999997,0 -47.66318819999998,-22.734808199999975,0 -47.66315279999998,-22.73482569999993,0 -47.663143299999945,-22.734830399999964,0 -47.663136099999974,-22.734833899999956,0 -47.66262119999993,-22.735132499999963,0 -47.66258209999995,-22.735144499999933,0 -47.662463199999934,-22.735179699999946,0 -47.662310299999945,-22.73519189999996,0 -47.66213189999996,-22.735167599999954,0 -47.661397,-22.735047299999962,0 -47.66067789999994,-22.734930899999938,0 -47.66057219999993,-22.734908,0 -47.660485,-22.73488089999995,0 -47.660414,-22.734847499999944,0 -47.66036989999998,-22.73486189999994,0</coordinates></LinearRing></outerBoundaryIs></Polygon></MultiGeometry>
</Placemark>
<Placemark>
<name>Nova América</name>
<ExtendedData>
<Data name="CD_BAIRRO"><value>3538709007</value></Data>
<Data name="NM_BAIRRO"><value>Nova América</value></Data>
<Data name="2000"><value>1297.0478520935292</value></Data><Data name="2010"><value>3471.840490797546</value></Data><Data name="2022"><value>5354.9</value></Data><Data name="delta 00 - 10"><value>1.6767250608323696</value></Data><Data name="delta 10 - 22"><value>0.5423807672598115</value></Data>
</ExtendedData>
<Style>
<LineStyle><color>ff666666</color><width>1</width></LineStyle>
<PolyStyle><color>4dcccccc</color></PolyStyle>
</Style>
<MultiGeometry><Polygon><outerBoundaryIs><LinearRing><coordinates>-47.634682,-22.745291899999927,0 -47.635256899999945,-22.74419469999998,0 -47.63568019999997,-22.743014699999947,0 -47.635815,-22.74263979999995,0 -47.635945299999946,-22.742279199999928,0 -47.63603379999995,-22.742012599999953,0 -47.63624269999997,-22.74140079999995,0 -47.636475,-22.740853699999946,0 -47.63690679999996,-22.73995259999998,0 -47.637024,-22.73973079999996,0 -47.63731519999993,-22.73923309999998,0 -47.63738569999998,-22.738817,0 -47.63745419999998,-22.738243799999964,0 -47.63744449999996,-22.737992299999974,0 -47.637173099999984,-22.737084799999934,0 -47.63709749999998,-22.736847,0 -47.63699369999995,-22.73648959999997,0 -47.637001199999986,-22.736224499999935,0 -47.637024,-22.735937399999955,0 -47.63739719999995,-22.73506889999993,0 -47.63770709999994,-22.73488089999995,0 -47.63856479999998,-22.734448099999952,0 -47.63883539999995,-22.734308,0 -47.63887489999996,-22.734288899999967,0 -47.638855,-22.734254299999975,0 -47.638423699999976,-22.733505799999932,0 -47.63840339999996,-22.733470599999976,0 -47.638384,-22.73343589999996,0 -47.63794889999997,-22.73265639999994,0 -47.63750319999997,-22.731847,0 -47.63703669999995,-22.731021899999973,0 -47.63700629999994,-22.731075399999952,0 -47.636810899999944,-22.73137719999994,0 -47.636612499999956,-22.73156739999996,0 -47.63649049999998,-22.73166029999993,0 -47.636317599999984,-22.73171519999994,0 -47.63617319999997,-22.73171169999995,0 -47.63576469999998,-22.73170159999995,0 -47.63556749999998,-22.73176559999996,0 -47.635257,-22.731949399999962,0 -47.63523429999998,-22.731965899999977,0 -47.63490359999997,-22.73220509999993,0 -47.63474149999996,-22.732351,0 -47.63469669999995,-22.732399199999975,0 -47.63456569999994,-22.732540099999937,0 -47.633732899999984,-22.73367339999993,0 -47.633459899999934,-22.734116899999947,0 -47.63322249999993,-22.734501699999953,0 -47.633142099999986,-22.73463309999994,0 -47.633084,-22.734721699999966,0 -47.63267369999994,-22.735347499999932,0 -47.63219049999998,-22.736084499999947,0 -47.63194269999997,-22.73646249999996,0 -47.631916599999954,-22.73642929999994,0 -47.63189029999995,-22.736395899999934,0 -47.63186449999995,-22.73636309999995,0 -47.631622799999946,-22.736706099999935,0 -47.631342899999936,-22.73712089999998,0 -47.63131839999994,-22.73715489999995,0 -47.63105219999994,-22.737518199999954,0 -47.63098709999997,-22.737611899999933,0 -47.630921599999965,-22.73767879999997,0 -47.630891599999984,-22.737703799999963,0 -47.63084079999993,-22.737739399999953,0 -47.63075539999994,-22.73778249999998,0 -47.63067209999997,-22.73781809999997,0 -47.63050259999994,-22.737896,0 -47.63056789999996,-22.73792229999998,0 -47.63067259999997,-22.737978,0 -47.630733099999986,-22.73804119999994,0 -47.63079609999994,-22.738125599999933,0 -47.63083059999997,-22.738215599999933,0 -47.630838799999935,-22.73830179999993,0 -47.63084079999993,-22.738440499999967,0 -47.630864299999985,-22.73852549999998,0 -47.63090569999997,-22.738632,0 -47.63121929999994,-22.739079499999946,0 -47.631422,-22.739445099999955,0 -47.631516199999965,-22.73965529999998,0 -47.631564,-22.73999079999993,0 -47.631370199999935,-22.740615699999978,0 -47.63133369999997,-22.740598499999976,0 -47.63133039999997,-22.740596899999957,0 -47.63132929999995,-22.74059969999996,0 -47.63054169999998,-22.74216629999995,0 -47.63048909999998,-22.742304099999956,0 -47.63048489999994,-22.74232,0 -47.63048259999994,-22.74233289999995,0 -47.630468399999984,-22.74245959999996,0 -47.63046409999998,-22.742516699999953,0 -47.63046239999994,-22.74261409999997,0 -47.63047069999993,-22.74280719999996,0 -47.630478299999936,-22.742872499999976,0 -47.63050789999994,-22.743073299999935,0 -47.63052559999994,-22.74315789999997,0 -47.63058079999996,-22.743338499999936,0 -47.63059709999993,-22.74337859999997,0 -47.63073779999996,-22.743631599999958,0 -47.630857799999944,-22.74382929999996,0 -47.630868,-22.743844,0 -47.63094,-22.743931799999928,0 -47.63096619999993,-22.743963599999972,0 -47.63089549999995,-22.744060299999944,0 -47.630872599999975,-22.744102099999964,0 -47.63079339999996,-22.744248899999945,0 -47.63062189999994,-22.74449569999996,0 -47.63035149999996,-22.744850199999973,0 -47.630134699999985,-22.74523369999997,0 -47.62994249999997,-22.74561209999996,0 -47.62987659999993,-22.74581089999998,0 -47.62961729999995,-22.746337599999947,0 -47.62952389999998,-22.74652729999997,0 -47.62945249999996,-22.746639899999934,0 -47.62937839999995,-22.746718399999963,0 -47.62927549999995,-22.74678549999993,0 -47.62935479999993,-22.74678549999993,0 -47.62941929999994,-22.74680319999993,0 -47.62945359999998,-22.746824699999934,0 -47.62947939999998,-22.746856599999944,0 -47.629485099999954,-22.746915799999954,0 -47.629476899999986,-22.74697279999998,0 -47.62944259999995,-22.747033599999952,0 -47.62955909999994,-22.74706759999998,0 -47.63003729999997,-22.747156,0 -47.63091909999997,-22.74735819999995,0 -47.63151369999997,-22.747492399999942,0 -47.631755,-22.747551899999962,0 -47.632118599999956,-22.747633399999927,0 -47.63245839999996,-22.747682699999928,0 -47.632736299999976,-22.747708199999977,0 -47.632895,-22.747708199999977,0 -47.63304109999996,-22.74768949999998,0 -47.633209299999976,-22.747658899999976,0 -47.63338849999997,-22.747634499999947,0 -47.633396,-22.747644399999956,0 -47.633457299999975,-22.74770209999997,0 -47.63351359999996,-22.747729799999945,0 -47.63358489999996,-22.747749399999975,0 -47.63364389999998,-22.747739499999966,0 -47.63369129999995,-22.74771359999994,0 -47.63373259999997,-22.747679,0 -47.63376009999996,-22.747630499999957,0 -47.633767699999964,-22.74757859999994,0 -47.633753499999955,-22.747519099999977,0 -47.633714,-22.747453699999937,0 -47.63370629999997,-22.747306599999945,0 -47.633717599999954,-22.747197399999948,0 -47.63407889999996,-22.74648149999996,0 -47.63411139999994,-22.746397499999944,0 -47.634682,-22.745291899999927,0</coordinates></LinearRing></outerBoundaryIs></Polygon></MultiGeometry>
</Placemark>
<Placemark>
<name>Unileste</name>
<ExtendedData>
<Data name="CD_BAIRRO"><value>3538709019</value></Data>
<Data name="NM_BAIRRO"><value>Unileste</value></Data>
<Data name="2000"><value>1351.70593220339</value></Data><Data name="2010"><value>3195.3809523809523</value></Data><Data name="2022"><value>17049.62</value></Data><Data name="delta 00 - 10"><value>1.363961625271721</value></Data><Data name="delta 10 - 22"><value>4.335708090547367</value></Data>
</ExtendedData>
<Style>
<LineStyle><color>ff666666</color><width>1</width></LineStyle>
<PolyStyle><color>4dcccccc</color></PolyStyle>
</Style>
<MultiGeometry><Polygon><outerBoundaryIs><LinearRing><coordinates>-47.60453229999996,-22.72184989999994,0 -47.60487949999998,-22.72171659999998,0 -47.60532469999998,-22.721533799999975,0 -47.60559509999996,-22.72131989999997,0 -47.605821599999956,-22.720977199999936,0 -47.60612979999996,-22.72052119999995,0 -47.60632789999994,-22.720253899999932,0 -47.606535399999984,-22.719875399999978,0 -47.60657939999993,-22.719452,0 -47.60656929999993,-22.71906629999995,0 -47.60622239999998,-22.71841029999996,0 -47.606078199999956,-22.717970599999944,0 -47.60599569999994,-22.717496599999947,0 -47.60596829999997,-22.71709139999996,0 -47.60596479999998,-22.716998599999954,0 -47.606016299999965,-22.716524599999957,0 -47.60620179999995,-22.715909799999963,0 -47.60653149999996,-22.71529849999996,0 -47.60654279999994,-22.715241399999968,0 -47.607266899999956,-22.711401,0 -47.60574679999996,-22.707617899999946,0 -47.59942849999993,-22.70836939999998,0 -47.58014739999993,-22.710222599999952,0 -47.58006489999997,-22.710230499999966,0 -47.57989329999998,-22.710247,0 -47.57985249999996,-22.710251,0 -47.57981159999997,-22.71025529999997,0 -47.576263799999936,-22.71019089999993,0 -47.577039,-22.71297,0 -47.577095,-22.713188,0 -47.577037,-22.713756,0 -47.577082,-22.714438,0 -47.577176,-22.715499,0 -47.577197,-22.716216,0 -47.577555,-22.717004,0 -47.577798,-22.718085,0 -47.577885,-22.718939,0 -47.578147,-22.719834,0 -47.578405,-22.721007,0 -47.578651,-22.721359,0 -47.578871,-22.722093,0 -47.578993,-22.722734,0 -47.579204,-22.723292,0 -47.579191099999946,-22.72445349999998,0 -47.579210699999976,-22.724480099999937,0 -47.57923839999995,-22.724518,0 -47.57926549999996,-22.724555,0 -47.57943329999995,-22.724784399999976,0 -47.579600099999936,-22.72498159999998,0 -47.579755499999976,-22.725116799999967,0 -47.580003499999975,-22.725310699999966,0 -47.58023629999997,-22.72549559999993,0 -47.58041149999997,-22.725703099999976,0 -47.580667699999935,-22.725953799999957,0 -47.58081389999995,-22.726141499999983,0 -47.58099359999994,-22.72650159999995,0 -47.58117569999996,-22.72673489999994,0 -47.581492099999934,-22.726989,0 -47.58171149999998,-22.727191,0 -47.581793699999935,-22.72741949999994,0 -47.58186569999998,-22.727726599999983,0 -47.581917799999985,-22.727969599999938,0 -47.58191249999993,-22.728280499999983,0 -47.581979299999944,-22.728493,0 -47.582133099999965,-22.728662499999928,0 -47.582304599999986,-22.72880619999995,0 -47.582501599999944,-22.72895029999995,0 -47.58256749999998,-22.729075699999953,0 -47.582547499999976,-22.729177599999957,0 -47.58245229999994,-22.72934259999994,0 -47.582419,-22.729517099999953,0 -47.58243659999994,-22.729637599999933,0 -47.58262069999995,-22.72973849999994,0 -47.58268319999996,-22.729830899999968,0 -47.582677,-22.729976299999976,0 -47.58263679999993,-22.73014089999998,0 -47.58251539999998,-22.73026169999997,0 -47.582376299999964,-22.73039259999996,0 -47.582281499999965,-22.73053079999994,0 -47.582284,-22.730676,0 -47.582273,-22.730818,0 -47.582275,-22.731062,0 -47.582231,-22.731298,0 -47.582177,-22.731499,0 -47.58228789999998,-22.731953,0 -47.582451,-22.73216869999993,0 -47.58248119999996,-22.732295699999952,0 -47.58247369999998,-22.732507399999974,0 -47.58242329999996,-22.732739299999935,0 -47.58241829999997,-22.73308129999998,0 -47.58245189999997,-22.733273,0 -47.582601,-22.73341659999994,0 -47.58275659999998,-22.73353789999993,0 -47.582831099999964,-22.733729899999958,0 -47.582834799999944,-22.733892599999933,0 -47.58284209999994,-22.73423349999996,0 -47.58287709999996,-22.734596099999976,0 -47.58299789999995,-22.734922599999948,0 -47.58309049999997,-22.73508529999998,0 -47.58317039999997,-22.735198399999945,0 -47.58325819999993,-22.735263,0 -47.583356899999956,-22.735335599999928,0 -47.58338909999998,-22.73535929999997,0 -47.583410399999934,-22.73539859999994,0 -47.583475299999975,-22.73551809999998,0 -47.583477,-22.73562,0 -47.583421,-22.735685,0 -47.583376,-22.735822,0 -47.583375,-22.735972299999958,0 -47.58344409999995,-22.736124899999936,0 -47.583504199999936,-22.736226599999952,0 -47.583513299999936,-22.73638,0 -47.583477399999936,-22.736523099999943,0 -47.583392199999935,-22.736693599999967,0 -47.58330929999994,-22.73692189999997,0 -47.583268,-22.737131,0 -47.583242,-22.737433,0 -47.58334149999996,-22.73782549999993,0 -47.58340849999996,-22.738175,0 -47.583446599999945,-22.738418,0 -47.58355819999997,-22.73869579999996,0 -47.58374689999994,-22.73898889999998,0 -47.583966799999985,-22.739265099999955,0 -47.58417029999998,-22.739490399999966,0 -47.58439149999998,-22.739728899999932,0 -47.58457019999997,-22.739984799999945,0 -47.58475559999994,-22.74019979999997,0 -47.58496359999998,-22.74031789999998,0 -47.58520109999995,-22.740403,0 -47.58543249999997,-22.740543499999944,0 -47.58562829999994,-22.740803699999958,0 -47.58580889999996,-22.741068499999983,0 -47.58583149999998,-22.74110159999998,0 -47.585895,-22.74105469999995,0 -47.58598159999997,-22.740989799999966,0 -47.586244599999986,-22.74079409999996,0 -47.58767769999997,-22.739805899999965,0 -47.587909399999944,-22.739650599999948,0 -47.58809239999994,-22.739543699999956,0 -47.58827329999997,-22.739459299999965,0 -47.58845219999995,-22.739386199999956,0 -47.588568,-22.73934689999993,0 -47.58872249999996,-22.739298099999928,0 -47.58894809999998,-22.73924,0 -47.58942179999997,-22.739118099999928,0 -47.59009489999994,-22.73896419999994,0 -47.59051069999998,-22.73883909999995,0 -47.59112479999993,-22.73869179999997,0 -47.59232609999998,-22.73838429999995,0 -47.59272359999994,-22.73828249999997,0 -47.59437369999995,-22.73786,0 -47.59613419999994,-22.737409299999968,0 -47.59691809999998,-22.737174399999958,0 -47.59715209999996,-22.737050099999976,0 -47.597238,-22.736995699999966,0 -47.59733179999995,-22.73692639999996,0 -47.597401599999955,-22.736895499999946,0 -47.59746329999996,-22.736874499999942,0 -47.59754369999996,-22.736853399999973,0 -47.597613499999966,-22.736847299999965,0 -47.597709899999984,-22.736854,0 -47.597955499999955,-22.73685219999993,0 -47.59807749999993,-22.736836099999948,0 -47.598222299999975,-22.73681019999998,0 -47.59861519999998,-22.736749199999963,0 -47.60027329999997,-22.736344799999927,0 -47.60117349999996,-22.736120699999958,0 -47.601694,-22.735996299999954,0 -47.60179189999997,-22.73596969999994,0 -47.60180639999993,-22.735902,0 -47.60218729999997,-22.734131499999933,0 -47.602205899999944,-22.734048,0 -47.60256369999996,-22.732444199999975,0 -47.60285719999996,-22.73119829999996,0 -47.60308349999997,-22.730486499999927,0 -47.60339779999998,-22.72966249999996,0 -47.60540249999997,-22.725043599999935,0 -47.60567179999998,-22.724473699999976,0 -47.60595109999997,-22.723773499999936,0 -47.60622779999994,-22.723011699999972,0 -47.606449,-22.722402699999975,0 -47.60659289999995,-22.722076399999935,0 -47.606669899999986,-22.72190269999993,0 -47.60676119999994,-22.721721099999968,0 -47.606800299999975,-22.721614899999963,0 -47.606756,-22.721619499999974,0 -47.60453229999996,-22.72184989999994,0</coordinates></LinearRing></outerBoundaryIs></Polygon></MultiGeometry>
</Placemark>
<Placemark>
<name>Centro</name>
<ExtendedData>
<Data name="CD_BAIRRO"><value>3538709001</value></Data>
<Data name="NM_BAIRRO"><value>Centro</value></Data>
<Data name="2000"><value>1773.3736836449602</value></Data><Data name="2010"><value>5179.512560929884</value></Data><Data name="2022"><value>7281.06</value></Data><Data name="delta 00 - 10"><value>1.920711302247368</value></Data><Data name="delta 10 - 22"><value>0.4057423192526872</value></Data>
</ExtendedData>
<Style>
<LineStyle><color>ff666666</color><width>1</width></LineStyle>
<PolyStyle><color>4dcccccc</color></PolyStyle>
</Style>
<MultiGeometry><Polygon><outerBoundaryIs><LinearRing><coordinates>-47.651197399999944,-22.737068799999975,0 -47.652141599999936,-22.73663319999997,0 -47.65378519999996,-22.73588609999996,0 -47.654566699999975,-22.735537,0 -47.65468279999993,-22.735471899999936,0 -47.654805899999985,-22.73538519999994,0 -47.65494679999995,-22.735264299999983,0 -47.655049,-22.735207,0 -47.65517259999996,-22.735164399999974,0 -47.65541769999993,-22.735109199999954,0 -47.655513,-22.735081299999933,0 -47.655597099999966,-22.735053499999935,0 -47.65565989999993,-22.735026,0 -47.65590009999994,-22.73490979999997,0 -47.65608579999997,-22.734821599999975,0 -47.656565899999975,-22.734593599999982,0 -47.65690459999996,-22.734433799999977,0 -47.65694079999997,-22.73441669999994,0 -47.656977,-22.73439959999996,0 -47.657654,-22.73407869999994,0 -47.65782049999996,-22.73400019999997,0 -47.657856799999934,-22.733983099999932,0 -47.657893,-22.733966,0 -47.658690399999955,-22.73358879999995,0 -47.65887569999995,-22.73350469999997,0 -47.658922,-22.733484199999964,0 -47.65905559999993,-22.733456199999978,0 -47.659169599999984,-22.733442099999934,0 -47.65927169999998,-22.73343719999997,0 -47.65931249999994,-22.733435199999974,0 -47.659353599999974,-22.733429799999954,0 -47.65939759999998,-22.73342409999998,0 -47.659524,-22.73338469999993,0 -47.65962769999993,-22.73331449999995,0 -47.659690499999954,-22.733260799999982,0 -47.659721899999965,-22.733234,0 -47.659752699999956,-22.733208699999977,0 -47.660040299999935,-22.732972899999936,0 -47.660184399999935,-22.73288709999997,0 -47.66020849999995,-22.732874699999968,0 -47.66043,-22.732798299999956,0 -47.66149629999995,-22.732497199999955,0 -47.66279089999995,-22.732106,0 -47.66306389999994,-22.73201819999997,0 -47.663238,-22.73192949999998,0 -47.66348279999994,-22.73180149999996,0 -47.66391809999993,-22.73147309999996,0 -47.664216299999964,-22.73114,0 -47.66440279999995,-22.730916899999954,0 -47.66458979999993,-22.730693799999983,0 -47.66461009999995,-22.730665399999964,0 -47.664786,-22.730391899999972,0 -47.66499459999994,-22.730063599999937,0 -47.66522719999995,-22.729694,0 -47.665232199999934,-22.729685399999937,0 -47.66535739999995,-22.729385699999966,0 -47.665432099999975,-22.72920789999995,0 -47.665559,-22.728911799999935,0 -47.665575299999944,-22.72887049999997,0 -47.66562179999994,-22.72883349999995,0 -47.6665,-22.728168899999957,0 -47.666294,-22.728273099999967,0 -47.66605969999995,-22.72841079999995,0 -47.66588319999994,-22.72845659999996,0 -47.66579839999997,-22.72846549999997,0 -47.665733099999954,-22.728466899999944,0 -47.66565629999997,-22.728449599999976,0 -47.665450599999986,-22.728414,0 -47.665160199999946,-22.728363899999977,0 -47.66465989999995,-22.728277499999933,0 -47.663169,-22.72810519999996,0 -47.66266409999997,-22.728009499999928,0 -47.66147269999993,-22.72766059999998,0 -47.66092589999994,-22.727442,0 -47.66078379999993,-22.727361799999983,0 -47.660589,-22.727337399999954,0 -47.65835929999997,-22.72751439999996,0 -47.65807929999994,-22.72752459999998,0 -47.657871399999976,-22.727452599999936,0 -47.65769339999997,-22.727345799999966,0 -47.657551499999954,-22.727217699999983,0 -47.65745009999995,-22.727125099999967,0 -47.65721869999993,-22.726849,0 -47.656798899999956,-22.726044599999966,0 -47.656475099999966,-22.725647,0 -47.656303399999956,-22.725437399999976,0 -47.65602739999997,-22.72502609999998,0 -47.65566639999997,-22.72441559999993,0 -47.655178,-22.723488499999974,0 -47.654756599999985,-22.722674,0 -47.65427729999993,-22.721779099999935,0 -47.65387029999994,-22.72093949999993,0 -47.653388,-22.720063599999946,0 -47.652670099999966,-22.720428199999958,0 -47.65217749999994,-22.719611699999973,0 -47.65174269999994,-22.71886159999997,0 -47.651261799999986,-22.717998499999965,0 -47.65076129999994,-22.71713449999993,0 -47.650527,-22.716744699999936,0 -47.65042479999994,-22.716546199999982,0 -47.650284699999986,-22.716294499999947,0 -47.650140799999974,-22.716047599999968,0 -47.64986709999994,-22.715592799999968,0 -47.64970669999997,-22.715327599999966,0 -47.649681199999975,-22.715285299999948,0 -47.64963869999997,-22.715214899999978,0 -47.64957919999995,-22.715210199999945,0 -47.64945809999995,-22.715182699999957,0 -47.648641399999974,-22.71490849999998,0 -47.64833509999994,-22.71484709999993,0 -47.648186,-22.714833899999974,0 -47.64802929999996,-22.714833299999952,0 -47.64783669999997,-22.714858,0 -47.64768289999995,-22.714894,0 -47.647553,-22.714943499999947,0 -47.64751419999993,-22.714958299999978,0 -47.64748339999994,-22.714984,0 -47.646770199999935,-22.715579899999966,0 -47.646739399999944,-22.71560569999997,0 -47.64669939999993,-22.71554119999996,0 -47.64664579999993,-22.715429,0 -47.646428499999956,-22.71564429999995,0 -47.646240199999966,-22.71586229999997,0 -47.645863599999984,-22.716717,0 -47.64575659999997,-22.717020099999957,0 -47.64575709999997,-22.717103,0 -47.64589689999997,-22.71755129999997,0 -47.64612509999995,-22.718004599999972,0 -47.646325099999956,-22.71849459999993,0 -47.64641,-22.718760199999963,0 -47.64639529999994,-22.719059899999934,0 -47.646255,-22.71930169999996,0 -47.64602809999997,-22.719501099999945,0 -47.64520219999997,-22.719923499999936,0 -47.64527149999998,-22.720113499999968,0 -47.64532359999998,-22.720232499999952,0 -47.64554949999996,-22.720671899999957,0 -47.645001699999966,-22.720892599999956,0 -47.644848499999966,-22.72147179999996,0 -47.64505129999998,-22.721911399999954,0 -47.645433399999945,-22.72279579999997,0 -47.64493449999998,-22.72302389999993,0 -47.64488179999995,-22.723052,0 -47.645289299999945,-22.723889799999938,0 -47.645632399999954,-22.724771699999962,0 -47.64564709999996,-22.724809599999958,0 -47.645666699999936,-22.724844,0 -47.64608889999994,-22.725589299999967,0 -47.64610869999996,-22.72562419999997,0 -47.64654369999994,-22.726453099999958,0 -47.646842799999945,-22.727031,0 -47.64684949999997,-22.727049199999954,0 -47.646927699999935,-22.727371199999936,0 -47.64693749999998,-22.72741149999996,0 -47.646820899999966,-22.72747309999994,0 -47.64674859999997,-22.728058499999975,0 -47.646736799999985,-22.72861039999998,0 -47.64690049999996,-22.729340499999978,0 -47.64699009999998,-22.729882,0 -47.64718489999996,-22.730367799999954,0 -47.64739289999994,-22.731273099999953,0 -47.64759879999997,-22.732156,0 -47.647657799999934,-22.732459199999937,0 -47.64784619999995,-22.733396599999935,0 -47.64803519999998,-22.73440329999994,0 -47.64801959999994,-22.734784599999955,0 -47.64791989999998,-22.735142099999962,0 -47.647851799999955,-22.735506399999963,0 -47.64783939999995,-22.735577399999954,0 -47.64782809999997,-22.735645199999965,0 -47.647794499999975,-22.735737399999948,0 -47.64766049999997,-22.736252099999945,0 -47.64767889999996,-22.73663279999994,0 -47.647696,-22.73687689999997,0 -47.64767279999995,-22.737060799999938,0 -47.64761539999995,-22.737220599999944,0 -47.647167699999954,-22.737983499999928,0 -47.646905199999935,-22.738335699999936,0 -47.646821699999975,-22.738486399999942,0 -47.646772,-22.73862719999994,0 -47.646768399999985,-22.738774599999942,0 -47.64678859999998,-22.738924,0 -47.64684609999995,-22.739129,0 -47.64687539999994,-22.739233599999977,0 -47.646911,-22.73921219999994,0 -47.64691629999993,-22.739208899999937,0 -47.646951899999976,-22.739187399999935,0 -47.646988299999975,-22.739169299999958,0 -47.64707669999996,-22.739125199999933,0 -47.64719439999993,-22.739089399999955,0 -47.647478399999954,-22.738962,0 -47.64783,-22.738785,0 -47.648125799999946,-22.738619,0 -47.64827959999997,-22.73853209999993,0 -47.64865869999994,-22.738296599999956,0 -47.64874039999995,-22.738247899999976,0 -47.64884409999996,-22.738192899999945,0 -47.649384,-22.737935299999947,0 -47.64938609999996,-22.73793429999995,0 -47.64961349999993,-22.737830799999983,0 -47.650307099999964,-22.737485899999967,0 -47.65050969999993,-22.73738789999993,0 -47.651197399999944,-22.737068799999975,0</coordinates></LinearRing></outerBoundaryIs></Polygon></MultiGeometry>
</Placemark>
<Placemark>
<name>Água Santa</name>
<ExtendedData>
<Data name="CD_BAIRRO"><value>3538709064</value></Data>
<Data name="NM_BAIRRO"><value>Água Santa</value></Data>
<Data name="2000"><value></value></Data><Data name="2010"><value></value></Data><Data name="2022"><value></value></Data><Data name="delta 00 - 10"><value></value></Data><Data name="delta 10 - 22"><value></value></Data>
</ExtendedData>
<Style>
<LineStyle><color>ff666666</color><width>1</width></LineStyle>
<PolyStyle><color>4dcccccc</color></PolyStyle>
</Style>
<MultiGeometry><Polygon><outerBoundaryIs><LinearRing><coordinates>-47.60733549999998,-22.698897399999964,0 -47.607371299999954,-22.698889099999974,0 -47.609230099999934,-22.698520599999938,0 -47.61165579999994,-22.698039799999947,0 -47.61165839999995,-22.69800829999997,0 -47.611662199999955,-22.69796789999998,0 -47.61166609999998,-22.697925399999974,0 -47.611940499999946,-22.69499879999995,0 -47.61351289999993,-22.69504009999997,0 -47.613733,-22.695044499999938,0 -47.614199499999984,-22.69508849999994,0 -47.614514199999974,-22.695101699999952,0 -47.61466379999996,-22.695092899999963,0 -47.614800299999956,-22.695031299999982,0 -47.614912499999946,-22.69496309999994,0 -47.61507759999995,-22.694941099999937,0 -47.61525579999994,-22.694859599999972,0 -47.61532619999997,-22.69467039999995,0 -47.61551549999996,-22.692588599999965,0 -47.615489099999934,-22.692527,0 -47.615383399999985,-22.692425699999944,0 -47.615313,-22.69231129999997,0 -47.61531739999998,-22.692218899999943,0 -47.615313,-22.692179299999964,0 -47.615247,-22.6921,0 -47.61379459999995,-22.691171399999973,0 -47.613728599999945,-22.691153799999938,0 -47.61359209999995,-22.691189,0 -47.61346009999994,-22.69119779999994,0 -47.613306,-22.69111849999996,0 -47.61327079999995,-22.69099529999994,0 -47.613253199999974,-22.690863299999933,0 -47.61329719999998,-22.690678399999967,0 -47.613548099999946,-22.687676799999963,0 -47.61358329999996,-22.687197,0 -47.613609699999984,-22.687016599999936,0 -47.61364489999994,-22.686884499999962,0 -47.61378579999996,-22.686660099999983,0 -47.61392659999996,-22.686488399999973,0 -47.614054299999964,-22.686334399999964,0 -47.61414229999997,-22.686202299999934,0 -47.61416869999994,-22.68609669999995,0 -47.61417749999998,-22.68591619999995,0 -47.61417749999998,-22.68567859999996,0 -47.61417749999998,-22.685590599999955,0 -47.614124699999934,-22.68554649999993,0 -47.61404989999994,-22.68545409999996,0 -47.614036699999986,-22.685370499999976,0 -47.614137899999946,-22.68526929999996,0 -47.61425669999994,-22.685273699999982,0 -47.61427429999998,-22.685178899999983,0 -47.614049,-22.684983099999954,0 -47.61349579999995,-22.684867899999972,0 -47.61393819999995,-22.683381,0 -47.61507149999994,-22.681183699999963,0 -47.615502,-22.680087,0 -47.61464309999997,-22.67988689999993,0 -47.614190399999984,-22.679734699999983,0 -47.613958099999934,-22.679672299999936,0 -47.61366269999996,-22.67959419999994,0 -47.61330829999997,-22.679551799999956,0 -47.61287119999997,-22.679543099999933,0 -47.61253339999996,-22.679659,0 -47.612258699999984,-22.67972539999994,0 -47.612009099999966,-22.679790899999944,0 -47.61165669999997,-22.679950799999972,0 -47.611269499999935,-22.68012559999994,0 -47.61098489999995,-22.680236599999944,0 -47.61058419999995,-22.68041649999998,0 -47.610249,-22.680538,0 -47.60983,-22.680595,0 -47.609434,-22.680606,0 -47.609197,-22.680554,0 -47.608772,-22.68045,0 -47.60855479999998,-22.680409399999974,0 -47.608322,-22.680288,0 -47.608041199999946,-22.68017509999993,0 -47.607625,-22.679985199999976,0 -47.60724509999994,-22.679847199999983,0 -47.60679349999998,-22.679786,0 -47.60631879999994,-22.67968849999994,0 -47.605921199999955,-22.679684299999963,0 -47.60563289999993,-22.679566,0 -47.60535989999994,-22.67946349999994,0 -47.60501089999997,-22.679369,0 -47.604620799999964,-22.67928489999997,0 -47.60427139999996,-22.679113899999948,0 -47.603983,-22.67898,0 -47.603794,-22.678869,0 -47.603667,-22.678768,0 -47.603416,-22.678671,0 -47.60252689999993,-22.678022399999975,0 -47.602054399999986,-22.677745199999947,0 -47.60153669999994,-22.677464199999974,0 -47.601096,-22.67736569999994,0 -47.60074069999996,-22.67723069999994,0 -47.600337699999955,-22.67705209999997,0 -47.599955,-22.676770699999963,0 -47.59965189999997,-22.676489699999934,0 -47.59944749999994,-22.67610149999996,0 -47.59920129999995,-22.67573679999998,0 -47.599012699999946,-22.675383,0 -47.59893569999997,-22.675238499999978,0 -47.598915199999965,-22.6752,0 -47.59889289999995,-22.675163699999928,0 -47.598804,-22.675018199999954,0 -47.598695099999986,-22.674842799999965,0 -47.59852189999998,-22.674481299999968,0 -47.598337699999945,-22.67408039999998,0 -47.59820939999997,-22.673766799999953,0 -47.59808739999994,-22.673517699999934,0 -47.597991899999954,-22.67329019999994,0 -47.597891699999934,-22.672973799999966,0 -47.597807099999955,-22.672689599999956,0 -47.59770919999994,-22.672522,0 -47.59750079999998,-22.672228299999972,0 -47.59735249999994,-22.671993199999974,0 -47.59723859999997,-22.67169659999996,0 -47.597171499999945,-22.671289599999966,0 -47.59712429999996,-22.670987899999943,0 -47.59703659999997,-22.67066749999998,0 -47.59713149999993,-22.670244799999978,0 -47.597167499999955,-22.669853299999943,0 -47.597278899999935,-22.66944959999995,0 -47.597338899999954,-22.669063799999947,0 -47.59750649999995,-22.66878849999995,0 -47.597735099999966,-22.668369499999983,0 -47.59798639999997,-22.66797719999994,0 -47.59830389999996,-22.667655599999932,0 -47.59863919999998,-22.667240299999946,0 -47.598942499999964,-22.666705,0 -47.599081199999944,-22.66640039999993,0 -47.599334399999975,-22.665967199999955,0 -47.599492399999974,-22.665657299999964,0 -47.599573,-22.665294,0 -47.59962509999997,-22.66492429999994,0 -47.59963279999994,-22.664409099999943,0 -47.59965809999994,-22.66369659999998,0 -47.599706599999934,-22.663316,0 -47.59984389999994,-22.662811199999965,0 -47.59997359999994,-22.662270399999954,0 -47.60006959999998,-22.661667699999953,0 -47.60027189999994,-22.661224499999946,0 -47.60061459999997,-22.660776099999964,0 -47.60124159999998,-22.66012969999997,0 -47.601777099999936,-22.65964359999998,0 -47.60249369999997,-22.658945399999936,0 -47.60297339999994,-22.658286499999974,0 -47.60325789999996,-22.657794899999942,0 -47.60346709999993,-22.657130199999983,0 -47.603493,-22.656681099999957,0 -47.60354879999994,-22.656430499999942,0 -47.603559099999984,-22.656384199999934,0 -47.60330719999996,-22.656132199999945,0 -47.60304789999998,-22.655872899999963,0 -47.600265699999966,-22.653477899999928,0 -47.60002449999996,-22.653262599999948,0 -47.59984709999998,-22.653064599999936,0 -47.59976839999996,-22.65296559999996,0 -47.59971859999996,-22.652842,0 -47.59965949999997,-22.652537799999948,0 -47.599598199999946,-22.65184979999998,0 -47.59956519999997,-22.651645599999938,0 -47.599485699999946,-22.65147559999997,0 -47.59936769999996,-22.651296899999977,0 -47.599217099999976,-22.65117909999998,0 -47.59904459999996,-22.651076399999965,0 -47.59796719999997,-22.650594499999954,0 -47.596464,-22.650063099999954,0 -47.595268799999985,-22.64931269999994,0 -47.59492769999997,-22.649138,0 -47.59473979999996,-22.64906559999997,0 -47.59458489999997,-22.64903389999995,0 -47.594429,-22.649025499999937,0 -47.59429119999993,-22.64899879999996,0 -47.58983059999997,-22.647909899999945,0 -47.588455,-22.647841899999946,0 -47.585887499999956,-22.64783579999994,0 -47.58300729999996,-22.647924399999965,0 -47.58250049999998,-22.647882899999956,0 -47.58203109999994,-22.647759399999927,0 -47.58062819999998,-22.647155099999964,0 -47.58054329999993,-22.647263899999928,0 -47.579945399999986,-22.64810319999998,0 -47.57976,-22.648263199999974,0 -47.579475299999956,-22.64845589999993,0 -47.57441749999998,-22.650366899999938,0 -47.559368,-22.65912819999994,0 -47.55280609999994,-22.66594189999995,0 -47.55299469999994,-22.66750109999998,0 -47.553194099999985,-22.669412699999953,0 -47.55318269999998,-22.669588199999964,0 -47.55313559999996,-22.669761199999982,0 -47.55311419999998,-22.669839699999955,0 -47.55310869999994,-22.66986019999996,0 -47.553319699999975,-22.669965599999955,0 -47.55358949999993,-22.67012129999995,0 -47.55368,-22.670178499999963,0 -47.55407669999994,-22.67045449999995,0 -47.55412629999995,-22.670490099999938,0 -47.562212,-22.67629729999993,0 -47.562728799999945,-22.676668399999983,0 -47.564757199999974,-22.678111399999977,0 -47.56478989999994,-22.678134599999964,0 -47.564824199999975,-22.678159199999982,0 -47.56485729999997,-22.67818269999998,0 -47.56623739999998,-22.679162599999927,0 -47.566885799999966,-22.67962289999997,0 -47.569317799999965,-22.68134169999996,0 -47.569422,-22.681406699999968,0 -47.56981749999994,-22.681612599999937,0 -47.57052289999996,-22.68188,0 -47.571169699999984,-22.68202969999993,0 -47.571682,-22.68210419999997,0 -47.57565909999994,-22.682425099999932,0 -47.57644979999998,-22.682504199999983,0 -47.57683579999997,-22.682569,0 -47.577216799999974,-22.682662499999935,0 -47.57748429999998,-22.682745199999943,0 -47.57781269999998,-22.68286969999997,0 -47.578170099999966,-22.68303,0 -47.578524,-22.683233899999948,0 -47.57887859999994,-22.683469899999977,0 -47.57906209999993,-22.683615799999927,0 -47.58067109999996,-22.68504059999998,0 -47.58067919999996,-22.68502069999994,0 -47.58069509999996,-22.68498139999997,0 -47.582593299999985,-22.685355799999968,0 -47.58306729999998,-22.684895799999936,0 -47.583212199999934,-22.683695099999966,0 -47.58407289999997,-22.682998699999928,0 -47.58561059999994,-22.682497799999965,0 -47.586211599999956,-22.681674699999974,0 -47.58667379999997,-22.680650299999968,0 -47.587341299999935,-22.680241299999977,0 -47.589148,-22.680733,0 -47.590666699999986,-22.680750199999977,0 -47.59369879999997,-22.67946969999997,0 -47.59428669999994,-22.68014089999997,0 -47.59488249999998,-22.68040069999995,0 -47.594925099999955,-22.680419299999983,0 -47.59489729999996,-22.680510899999945,0 -47.59480089999994,-22.68082819999995,0 -47.594786099999965,-22.68119869999998,0 -47.59477909999998,-22.681374199999937,0 -47.594875,-22.68190169999997,0 -47.595207399999936,-22.68270769999998,0 -47.59576579999998,-22.68391159999993,0 -47.597021799999936,-22.685887099999945,0 -47.59712949999994,-22.68603459999997,0 -47.59786569999994,-22.68739839999995,0 -47.59812309999995,-22.68787119999996,0 -47.59867269999995,-22.688853499999937,0 -47.599380199999985,-22.69035789999998,0 -47.59989929999995,-22.691276699999946,0 -47.60031139999995,-22.691929199999947,0 -47.60035979999998,-22.691991899999948,0 -47.60029909999997,-22.69203779999998,0 -47.600112499999966,-22.69213519999994,0 -47.59991779999996,-22.69228929999997,0 -47.59977989999993,-22.692475899999977,0 -47.599698699999976,-22.692638199999976,0 -47.59966849999995,-22.692783599999927,0 -47.599694599999964,-22.69310029999997,0 -47.59973569999994,-22.69359989999998,0 -47.59991619999994,-22.694344399999977,0 -47.60140309999997,-22.69769169999995,0 -47.60218459999993,-22.69943349999994,0 -47.60237079999996,-22.699854099999982,0 -47.602390499999956,-22.699903399999982,0 -47.60243,-22.699895199999958,0 -47.605321199999935,-22.699297,0 -47.607051799999965,-22.698954799999967,0 -47.6071,-22.698942599999953,0 -47.607124399999975,-22.69893589999998,0 -47.60729029999993,-22.69890659999993,0 -47.60733549999998,-22.698897399999964,0</coordinates></LinearRing></outerBoundaryIs></Polygon></MultiGeometry>
</Placemark>
<Placemark>
<name>Vila Monteiro</name>
<ExtendedData>
<Data name="CD_BAIRRO"><value>3538709010</value></Data>
<Data name="NM_BAIRRO"><value>Vila Monteiro</value></Data>
<Data name="2000"><value>1460.0661114003124</value></Data><Data name="2010"><value>4007.5880201188843</value></Data><Data name="2022"><value>4968.88</value></Data><Data name="delta 00 - 10"><value>1.744799012063439</value></Data><Data name="delta 10 - 22"><value>0.23986796423565496</value></Data>
</ExtendedData>
<Style>
<LineStyle><color>ff666666</color><width>1</width></LineStyle>
<PolyStyle><color>4dcccccc</color></PolyStyle>
</Style>
<MultiGeometry><Polygon><outerBoundaryIs><LinearRing><coordinates>-47.628173799999956,-22.725893,0 -47.627349899999956,-22.725748299999964,0 -47.62730049999993,-22.72573959999994,0 -47.62695229999997,-22.72567829999997,0 -47.62700989999996,-22.725835399999937,0 -47.62702479999996,-22.72593039999998,0 -47.627031399999964,-22.725972,0 -47.627041099999985,-22.726010499999973,0 -47.62708,-22.72616439999996,0 -47.62710819999995,-22.726333499999953,0 -47.62713969999993,-22.726612699999976,0 -47.62716279999995,-22.726825099999928,0 -47.627175,-22.72705559999997,0 -47.62718229999996,-22.72746509999996,0 -47.62718209999997,-22.727630399999953,0 -47.627206899999976,-22.72780259999996,0 -47.62723169999998,-22.72827609999996,0 -47.62723749999998,-22.728728799999942,0 -47.62725119999993,-22.729018099999962,0 -47.62727479999995,-22.729238799999962,0 -47.62730769999996,-22.729430799999932,0 -47.62734549999993,-22.72963429999993,0 -47.62739719999996,-22.729845299999965,0 -47.627392,-22.72995179999998,0 -47.627365399999974,-22.730027899999982,0 -47.627310799999975,-22.730107499999974,0 -47.62729059999998,-22.730184099999974,0 -47.627291,-22.730262299999936,0 -47.627368,-22.730902,0 -47.62737929999997,-22.73092029999998,0 -47.62771369999996,-22.731494099999964,0 -47.62794169999995,-22.73181489999996,0 -47.628038499999946,-22.731965899999977,0 -47.62806009999997,-22.731999599999938,0 -47.62808149999995,-22.732033399999978,0 -47.62832479999997,-22.73241829999995,0 -47.62844119999994,-22.732652799999983,0 -47.62851029999996,-22.732811599999934,0 -47.62857809999997,-22.73300249999994,0 -47.62861779999997,-22.73316559999995,0 -47.62862839999997,-22.733209099999954,0 -47.62863639999995,-22.73325189999997,0 -47.628682399999946,-22.733497099999965,0 -47.62873989999997,-22.73381889999996,0 -47.628772,-22.734004599999935,0 -47.62883619999997,-22.734204699999964,0 -47.62887459999996,-22.734368599999982,0 -47.62889609999996,-22.734487799999954,0 -47.628903399999956,-22.734527699999944,0 -47.62891039999994,-22.734567599999934,0 -47.62892459999995,-22.734648499999935,0 -47.628975699999955,-22.734880699999962,0 -47.62905439999997,-22.73533729999997,0 -47.62915,-22.735784299999978,0 -47.629255099999966,-22.73624989999996,0 -47.629325,-22.736540499999933,0 -47.629364,-22.736733899999933,0 -47.629423799999984,-22.73689879999995,0 -47.62950439999997,-22.73706169999997,0 -47.629634099999976,-22.737239899999963,0 -47.62976639999994,-22.73739889999996,0 -47.629863099999966,-22.737545,0 -47.629962499999976,-22.73772189999994,0 -47.63013959999995,-22.737965,0 -47.630163,-22.73799719999994,0 -47.630318699999975,-22.737934799999948,0 -47.63050259999994,-22.737896,0 -47.63067209999997,-22.73781809999997,0 -47.63075539999994,-22.73778249999998,0 -47.63084079999993,-22.737739399999953,0 -47.630891599999984,-22.737703799999963,0 -47.630921599999965,-22.73767879999997,0 -47.63098709999997,-22.737611899999933,0 -47.63105219999994,-22.737518199999954,0 -47.63131839999994,-22.73715489999995,0 -47.631342899999936,-22.73712089999998,0 -47.631622799999946,-22.736706099999935,0 -47.63186449999995,-22.73636309999995,0 -47.63189029999995,-22.736395899999934,0 -47.631916599999954,-22.73642929999994,0 -47.63194269999997,-22.73646249999996,0 -47.63219049999998,-22.736084499999947,0 -47.63267369999994,-22.735347499999932,0 -47.633084,-22.734721699999966,0 -47.633142099999986,-22.73463309999994,0 -47.63322249999993,-22.734501699999953,0 -47.633459899999934,-22.734116899999947,0 -47.633732899999984,-22.73367339999993,0 -47.63456569999994,-22.732540099999937,0 -47.63469669999995,-22.732399199999975,0 -47.63474149999996,-22.732351,0 -47.63490359999997,-22.73220509999993,0 -47.63523429999998,-22.731965899999977,0 -47.635257,-22.731949399999962,0 -47.63556749999998,-22.73176559999996,0 -47.63576469999998,-22.73170159999995,0 -47.63617319999997,-22.73171169999995,0 -47.636317599999984,-22.73171519999994,0 -47.63649049999998,-22.73166029999993,0 -47.636612499999956,-22.73156739999996,0 -47.636810899999944,-22.73137719999994,0 -47.63700629999994,-22.731075399999952,0 -47.63703669999995,-22.731021899999973,0 -47.63555269999995,-22.728378799999973,0 -47.635117099999945,-22.727624,0 -47.635097,-22.727589099999932,0 -47.635078,-22.72755419999993,0 -47.634659599999964,-22.726785199999938,0 -47.63464049999993,-22.72675,0 -47.63461969999997,-22.726715399999932,0 -47.634506399999964,-22.72652679999993,0 -47.63420179999997,-22.725985699999967,0 -47.634181799999965,-22.725950199999943,0 -47.634162799999956,-22.725916499999983,0 -47.633776799999964,-22.725231399999927,0 -47.63376039999997,-22.725205,0 -47.63374739999995,-22.72520739999993,0 -47.633707399999935,-22.72521649999993,0 -47.63224669999994,-22.725526199999933,0 -47.63164219999993,-22.725643,0 -47.631024199999956,-22.725763899999947,0 -47.630843099999936,-22.72578649999997,0 -47.63006509999997,-22.72583469999995,0 -47.629075099999966,-22.725893799999938,0 -47.62867849999998,-22.725901,0 -47.62838359999995,-22.72588959999996,0 -47.628173799999956,-22.725893,0</coordinates></LinearRing></outerBoundaryIs></Polygon></MultiGeometry>
</Placemark>
<Placemark>
<name>Água Branca</name>
<ExtendedData>
<Data name="CD_BAIRRO"><value>3538709027</value></Data>
<Data name="NM_BAIRRO"><value>Água Branca</value></Data>
<Data name="2000"><value>754.9412081155856</value></Data><Data name="2010"><value>2490.3809829746224</value></Data><Data name="2022"><value>3611.44</value></Data><Data name="delta 00 - 10"><value>2.298774733983433</value></Data><Data name="delta 10 - 22"><value>0.45015562867265985</value></Data>
</ExtendedData>
<Style>
<LineStyle><color>ff666666</color><width>1</width></LineStyle>
<PolyStyle><color>4dcccccc</color></PolyStyle>
</Style>
<MultiGeometry><Polygon><outerBoundaryIs><LinearRing><coordinates>-47.61472759999998,-22.757299399999965,0 -47.614067699999964,-22.758015099999966,0 -47.61345209999996,-22.758708199999944,0 -47.613307,-22.758862499999964,0 -47.61323629999998,-22.75894429999994,0 -47.613025,-22.759221199999956,0 -47.61290649999995,-22.759409499999947,0 -47.61288379999996,-22.759445599999935,0 -47.612867,-22.75947969999993,0 -47.612778,-22.75966089999997,0 -47.612507499999936,-22.76024529999995,0 -47.61246969999996,-22.76031779999994,0 -47.612418599999955,-22.760415799999976,0 -47.612272,-22.760730399999943,0 -47.612238599999955,-22.760807599999964,0 -47.61215219999997,-22.761007199999938,0 -47.61211829999996,-22.76107989999997,0 -47.61200749999995,-22.76126949999997,0 -47.611987399999975,-22.761303899999973,0 -47.61196739999997,-22.761338799999976,0 -47.61192769999997,-22.76140769999995,0 -47.611870599999975,-22.76167739999994,0 -47.611862,-22.76171809999994,0 -47.61185429999995,-22.761758199999974,0 -47.611818599999935,-22.761944399999948,0 -47.61176729999994,-22.762212199999965,0 -47.61171889999997,-22.762408499999935,0 -47.61165179999995,-22.762681099999952,0 -47.61120189999997,-22.764158299999963,0 -47.61144779999995,-22.764680399999975,0 -47.61182919999993,-22.765503,0 -47.61190279999994,-22.766288199999963,0 -47.61184079999998,-22.766695099999936,0 -47.61152339999995,-22.767387499999927,0 -47.611338599999954,-22.767568799999935,0 -47.61111089999997,-22.767835799999943,0 -47.61082789999995,-22.768165799999963,0 -47.61066469999997,-22.76840549999997,0 -47.61024089999995,-22.769624299999975,0 -47.61008359999994,-22.770157,0 -47.60992259999995,-22.77073359999997,0 -47.609813299999985,-22.770977399999936,0 -47.60968409999998,-22.771144099999958,0 -47.60952619999995,-22.771292,0 -47.60927309999994,-22.77143669999998,0 -47.60897649999998,-22.77154889999997,0 -47.608482299999935,-22.77158509999998,0 -47.60855219999996,-22.771687399999962,0 -47.608654599999966,-22.77173419999997,0 -47.60884989999994,-22.771785299999976,0 -47.60894429999996,-22.77183,0 -47.60905119999995,-22.77192809999997,0 -47.61172709999994,-22.775007399999936,0 -47.612309299999936,-22.77567739999995,0 -47.61389019999996,-22.774828399999933,0 -47.61416349999996,-22.774707099999944,0 -47.61443929999996,-22.774655699999983,0 -47.614725799999974,-22.77465159999997,0 -47.61488179999998,-22.774609099999964,0 -47.61507229999995,-22.774479199999973,0 -47.61587389999994,-22.774072199999978,0 -47.61709119999995,-22.773293399999943,0 -47.617367,-22.77310129999995,0 -47.61754769999993,-22.77303919999997,0 -47.61779579999995,-22.773024799999973,0 -47.618099,-22.773071699999946,0 -47.619046099999935,-22.773348899999974,0 -47.619556099999954,-22.773567,0 -47.61986939999997,-22.773762199999965,0 -47.62040939999997,-22.774153399999932,0 -47.62063489999997,-22.774275199999977,0 -47.62076689999998,-22.774326599999938,0 -47.620913299999984,-22.774345899999958,0 -47.621101299999964,-22.774324,0 -47.62124249999994,-22.77425919999996,0 -47.621699199999966,-22.773955799999953,0 -47.621806799999945,-22.773920499999974,0 -47.62192639999995,-22.77394849999996,0 -47.622082,-22.774036299999977,0 -47.62221359999995,-22.774091299999952,0 -47.62235069999997,-22.774079599999936,0 -47.62252339999998,-22.77400179999995,0 -47.62250779999994,-22.773965,0 -47.622416,-22.773748699999942,0 -47.622416,-22.773487399999965,0 -47.622304,-22.772878,0 -47.62227919999998,-22.77267269999993,0 -47.62218629999995,-22.771903299999963,0 -47.622127,-22.771709399999963,0 -47.62200829999995,-22.771608699999945,0 -47.621863099999985,-22.771540399999935,0 -47.621608899999956,-22.77141839999996,0 -47.621469,-22.771243599999934,0 -47.62146339999998,-22.771032099999957,0 -47.621456,-22.770851299999947,0 -47.62138,-22.770673099999954,0 -47.62121289999993,-22.77047269999997,0 -47.62112609999997,-22.770301099999983,0 -47.62100069999997,-22.77020669999996,0 -47.620889,-22.770069699999965,0 -47.62083129999996,-22.769915699999956,0 -47.62083709999996,-22.76974759999996,0 -47.620861099999956,-22.769615099999953,0 -47.62089569999995,-22.76946369999996,0 -47.620974,-22.769376299999976,0 -47.62104069999998,-22.769306399999948,0 -47.62113739999995,-22.769224099999974,0 -47.62125869999994,-22.76911389999998,0 -47.62138289999996,-22.769003399999974,0 -47.62154889999994,-22.76891329999995,0 -47.62168939999998,-22.76886559999997,0 -47.62186609999998,-22.768840299999965,0 -47.62198259999997,-22.76879569999994,0 -47.622106,-22.768752,0 -47.622225,-22.768662,0 -47.622414,-22.768511,0 -47.622587399999986,-22.768412699999942,0 -47.62279369999993,-22.768263,0 -47.62291039999997,-22.76813169999997,0 -47.622974599999964,-22.768003299999975,0 -47.62306339999998,-22.767821099999935,0 -47.62310469999994,-22.76768439999995,0 -47.62307969999995,-22.767558,0 -47.623023,-22.76742439999998,0 -47.62291229999994,-22.76733009999998,0 -47.62279509999996,-22.767205299999944,0 -47.62252069999994,-22.76694329999998,0 -47.62232809999995,-22.766717599999936,0 -47.622136299999966,-22.766459099999963,0 -47.62202639999998,-22.766267599999935,0 -47.621928099999934,-22.766179699999952,0 -47.621822,-22.766115299999967,0 -47.621677,-22.766032,0 -47.621559899999966,-22.765927099999942,0 -47.62147109999995,-22.765737399999978,0 -47.621399699999984,-22.765525,0 -47.621293399999956,-22.76542139999998,0 -47.621113299999934,-22.765352099999973,0 -47.620996,-22.765316,0 -47.620861599999955,-22.765256699999952,0 -47.620713,-22.765149,0 -47.620598,-22.765087,0 -47.620521,-22.765031,0 -47.62038,-22.764924,0 -47.620291099999974,-22.76474939999997,0 -47.62110569999993,-22.76418419999993,0 -47.62113869999996,-22.764161299999955,0 -47.62145429999998,-22.76454659999996,0 -47.62178249999994,-22.764947399999983,0 -47.62269149999997,-22.766053399999976,0 -47.62431429999998,-22.76731559999996,0 -47.62420569999995,-22.76747419999998,0 -47.62289929999997,-22.76946689999994,0 -47.623473,-22.771143,0 -47.62406509999994,-22.771773399999972,0 -47.62413849999996,-22.77185149999997,0 -47.624846899999966,-22.772600099999977,0 -47.626574199999936,-22.77452489999996,0 -47.627835199999936,-22.77599349999997,0 -47.629408499999954,-22.777183899999955,0 -47.62972289999993,-22.777386699999965,0 -47.63030539999994,-22.77770469999996,0 -47.63043239999996,-22.777750699999956,0 -47.630501899999956,-22.777763299999947,0 -47.63050169999997,-22.777882099999943,0 -47.63265779999995,-22.778962599999943,0 -47.636201599999936,-22.78076679999998,0 -47.638052899999934,-22.78173819999995,0 -47.639004299999954,-22.781750699999975,0 -47.63905269999998,-22.78175129999994,0 -47.63917589999994,-22.781758699999955,0 -47.64059309999993,-22.781833,0 -47.64241009999995,-22.781948099999966,0 -47.64258559999996,-22.78195839999995,0 -47.644401399999936,-22.782064499999933,0 -47.644445,-22.782067,0 -47.64395519999994,-22.780740799999933,0 -47.643044,-22.77840969999994,0 -47.646967,-22.777452299999936,0 -47.64741779999997,-22.779087699999934,0 -47.65102959999996,-22.778228399999932,0 -47.651109099999985,-22.778213199999982,0 -47.651714099999936,-22.77959839999994,0 -47.651784,-22.779571199999964,0 -47.651745699999935,-22.779356699999937,0 -47.651753,-22.77926219999995,0 -47.65184019999998,-22.77921139999995,0 -47.652901,-22.779284,0 -47.653344199999935,-22.779364,0 -47.65576379999993,-22.779516599999965,0 -47.656192499999975,-22.779494799999952,0 -47.65662119999996,-22.779015199999947,0 -47.65695549999998,-22.778550199999927,0 -47.65724609999995,-22.778237699999977,0 -47.657318799999985,-22.77812149999994,0 -47.65759439999994,-22.77794789999996,0 -47.65755509999997,-22.777731,0 -47.65756779999998,-22.77747519999997,0 -47.65752329999998,-22.77725339999995,0 -47.657426,-22.777094499999976,0 -47.65720419999997,-22.776931599999955,0 -47.65705219999995,-22.776777599999946,0 -47.65702319999997,-22.776683099999957,0 -47.65706129999995,-22.776607599999977,0 -47.657108499999936,-22.776494799999966,0 -47.65709749999996,-22.77645089999993,0 -47.65708769999998,-22.77641179999995,0 -47.65706559999995,-22.77637649999997,0 -47.65696879999996,-22.776222,0 -47.65683949999993,-22.77608259999994,0 -47.65648629999998,-22.775777799999958,0 -47.65614539999996,-22.775487099999964,0 -47.65597539999993,-22.775369,0 -47.65577469999994,-22.775341,0 -47.65556049999998,-22.775374399999976,0 -47.655344499999956,-22.775393299999962,0 -47.65520319999996,-22.77538869999995,0 -47.65513119999997,-22.77534,0 -47.65496029999997,-22.775208299999974,0 -47.654653,-22.77509329999998,0 -47.65438389999997,-22.775015,0 -47.65413749999993,-22.774950399999966,0 -47.653959,-22.77492989999996,0 -47.65384969999997,-22.774880399999972,0 -47.65373129999995,-22.774767699999927,0 -47.65369769999995,-22.774632899999972,0 -47.65365809999997,-22.77452919999996,0 -47.65359069999994,-22.774444399999936,0 -47.653476299999966,-22.774386499999935,0 -47.65321529999994,-22.77430039999996,0 -47.65296379999995,-22.77422059999998,0 -47.652742599999954,-22.774113799999952,0 -47.65260289999998,-22.773988299999928,0 -47.652459,-22.77387159999995,0 -47.652367099999935,-22.773780899999963,0 -47.65219909999996,-22.773713099999952,0 -47.65192259999998,-22.773690399999964,0 -47.651706,-22.773678299999972,0 -47.65160629999997,-22.77367339999995,0 -47.65127879999994,-22.773589,0 -47.65112979999998,-22.77343039999994,0 -47.65102749999994,-22.773221899999953,0 -47.65089949999998,-22.773069,0 -47.65067629999993,-22.772927399999958,0 -47.65048649999994,-22.772913699999947,0 -47.650282,-22.772977099999935,0 -47.649916,-22.773133799999982,0 -47.64915089999994,-22.77343639999998,0 -47.649113899999975,-22.773451,0 -47.649076399999956,-22.773465599999952,0 -47.64905459999994,-22.77347409999993,0 -47.648533499999985,-22.772244,0 -47.64843019999995,-22.77204219999993,0 -47.64840229999993,-22.77203529999997,0 -47.648355299999935,-22.772028199999966,0 -47.64830779999994,-22.772018599999967,0 -47.648074,-22.771983,0 -47.64550929999996,-22.771877099999983,0 -47.645468,-22.771875799999975,0 -47.645426499999985,-22.77187319999996,0 -47.645329,-22.77187,0 -47.644516,-22.771736,0 -47.64382,-22.7717,0 -47.643298,-22.771669,0 -47.643282,-22.771572,0 -47.643263,-22.77155,0 -47.643191,-22.771431,0 -47.643162,-22.771415,0 -47.642986,-22.771198,0 -47.642826,-22.771102,0 -47.642678,-22.771017,0 -47.642392,-22.770866,0 -47.642287,-22.770793,0 -47.641819,-22.770502,0 -47.641381,-22.770212,0 -47.641062,-22.76996,0 -47.640772,-22.769735,0 -47.640499,-22.769511,0 -47.640246,-22.769338,0 -47.640036,-22.769269,0 -47.63981689999997,-22.769156599999974,0 -47.639769299999955,-22.769123299999933,0 -47.63966209999995,-22.76859109999998,0 -47.639592799999946,-22.768228299999976,0 -47.63953249999997,-22.767912699999954,0 -47.63940839999998,-22.767557799999963,0 -47.639180899999985,-22.766979299999946,0 -47.639105,-22.766834699999947,0 -47.63891789999997,-22.766390499999943,0 -47.638446399999964,-22.76535739999997,0 -47.638208599999984,-22.76471,0 -47.63814,-22.764643499999977,0 -47.63810239999998,-22.764607099999978,0 -47.63807,-22.764529599999946,0 -47.638057499999945,-22.764464,0 -47.63805,-22.764424899999938,0 -47.63804209999995,-22.764384199999938,0 -47.63801859999995,-22.764262,0 -47.63798339999994,-22.76414529999994,0 -47.63732349999998,-22.762522299999944,0 -47.63721979999997,-22.762294,0 -47.63720319999993,-22.762257399999953,0 -47.63718359999996,-22.76221229999993,0 -47.637167699999964,-22.762175499999955,0 -47.63681649999995,-22.76135949999997,0 -47.636654599999986,-22.760870299999965,0 -47.636609299999975,-22.76064189999994,0 -47.636600699999974,-22.760598699999946,0 -47.636594799999955,-22.760551199999952,0 -47.636574199999984,-22.760387599999945,0 -47.63656839999993,-22.760341599999947,0 -47.63656869999994,-22.760297099999946,0 -47.63657079999996,-22.75998549999997,0 -47.63662289999996,-22.759279599999957,0 -47.63670959999996,-22.75836879999997,0 -47.63677359999997,-22.75789839999993,0 -47.636934,-22.756857599999933,0 -47.63694009999995,-22.756817499999954,0 -47.636949899999934,-22.756778699999927,0 -47.637014799999974,-22.75652109999993,0 -47.63706939999997,-22.756345099999976,0 -47.637093499999935,-22.75627259999993,0 -47.63710609999998,-22.75623479999996,0 -47.63712449999997,-22.75619389999997,0 -47.63715519999994,-22.756125699999927,0 -47.637324,-22.75581479999994,0 -47.637343199999975,-22.755779299999972,0 -47.637361099999964,-22.755745899999965,0 -47.63739849999996,-22.75567579999995,0 -47.63744829999996,-22.755582499999946,0 -47.63752669999997,-22.755406799999946,0 -47.63757959999998,-22.755345,0 -47.637136,-22.75493309999996,0 -47.63696139999996,-22.754687699999977,0 -47.63682129999995,-22.754413,0 -47.63672559999998,-22.754177599999935,0 -47.63667589999994,-22.753929099999937,0 -47.63664759999995,-22.753664199999946,0 -47.63664929999993,-22.753404199999977,0 -47.636683,-22.753082099999972,0 -47.63674019999996,-22.752744,0 -47.636684799999955,-22.752831499999957,0 -47.63665619999995,-22.752876799999967,0 -47.636589699999945,-22.75298179999993,0 -47.636406299999976,-22.753269399999965,0 -47.636298599999975,-22.753375199999937,0 -47.63590869999996,-22.75382609999997,0 -47.63557739999993,-22.75421229999995,0 -47.63522789999996,-22.754617499999938,0 -47.63509209999995,-22.754760399999952,0 -47.63485879999996,-22.754852599999936,0 -47.634774499999935,-22.754834399999936,0 -47.63450289999997,-22.754781299999934,0 -47.63386929999996,-22.754354899999953,0 -47.63382329999996,-22.754321799999957,0 -47.633784799999944,-22.754293099999927,0 -47.63306279999995,-22.753734099999974,0 -47.63279209999996,-22.753598299999965,0 -47.63272879999994,-22.75357429999997,0 -47.63268919999996,-22.75357939999998,0 -47.632641,-22.75357589999993,0 -47.632624299999975,-22.75357219999995,0 -47.63257989999994,-22.753548399999943,0 -47.63255659999993,-22.75351379999995,0 -47.632546099999956,-22.753482799999972,0 -47.63249129999997,-22.753407799999934,0 -47.632400099999984,-22.753297799999928,0 -47.63187749999997,-22.752941299999975,0 -47.631083,-22.75233259999993,0 -47.63118349999996,-22.752119599999958,0 -47.63134229999997,-22.751806699999975,0 -47.63143429999997,-22.751611599999933,0 -47.63160309999995,-22.751334399999962,0 -47.631777099999965,-22.75098639999993,0 -47.631872699999974,-22.750800899999945,0 -47.63214359999995,-22.750286399999936,0 -47.632257799999934,-22.75007709999994,0 -47.63242369999995,-22.749773199999936,0 -47.63250229999994,-22.749621799999943,0 -47.632691299999976,-22.749257499999942,0 -47.63296109999993,-22.74871909999996,0 -47.63323819999994,-22.748203699999976,0 -47.633414,-22.747806499999967,0 -47.633421,-22.747754,0 -47.633416,-22.747703199999933,0 -47.633396,-22.747644399999956,0 -47.63338849999997,-22.747634499999947,0 -47.633209299999976,-22.747658899999976,0 -47.63304109999996,-22.74768949999998,0 -47.632895,-22.747708199999977,0 -47.632736299999976,-22.747708199999977,0 -47.63245839999996,-22.747682699999928,0 -47.632118599999956,-22.747633399999927,0 -47.631755,-22.747551899999962,0 -47.63151369999997,-22.747492399999942,0 -47.63091909999997,-22.74735819999995,0 -47.63003729999997,-22.747156,0 -47.62955909999994,-22.74706759999998,0 -47.62944259999995,-22.747033599999952,0 -47.629476899999986,-22.74697279999998,0 -47.629485099999954,-22.746915799999954,0 -47.62947939999998,-22.746856599999944,0 -47.62945359999998,-22.746824699999934,0 -47.62941929999994,-22.74680319999993,0 -47.62935479999993,-22.74678549999993,0 -47.62927549999995,-22.74678549999993,0 -47.62937839999995,-22.746718399999963,0 -47.62945249999996,-22.746639899999934,0 -47.62952389999998,-22.74652729999997,0 -47.62961729999995,-22.746337599999947,0 -47.62958069999996,-22.746321399999943,0 -47.62663889999993,-22.745020299999965,0 -47.62662689999996,-22.745150399999943,0 -47.62664659999996,-22.74528639999994,0 -47.626676799999984,-22.74540369999994,0 -47.62671889999996,-22.745599599999935,0 -47.62677389999993,-22.745737799999972,0 -47.62684849999994,-22.745919199999946,0 -47.626879299999985,-22.746051,0 -47.62689259999996,-22.746156799999937,0 -47.62690009999994,-22.746262299999955,0 -47.626940099999956,-22.746437,0 -47.62696209999996,-22.746558499999935,0 -47.626811,-22.746564,0 -47.626527299999964,-22.746574099999975,0 -47.62629829999997,-22.746585899999957,0 -47.62599179999995,-22.746631299999933,0 -47.62568429999993,-22.746707,0 -47.62504439999998,-22.74688889999993,0 -47.62487349999998,-22.746947,0 -47.62467049999998,-22.747027,0 -47.62439869999997,-22.747145699999976,0 -47.62188629999997,-22.748655,0 -47.62184259999998,-22.74868129999993,0 -47.62180109999997,-22.748706,0 -47.62173339999998,-22.749076599999967,0 -47.621654199999966,-22.749423499999978,0 -47.62162069999994,-22.749607399999945,0 -47.62161249999997,-22.749706,0 -47.621612,-22.749735,0 -47.62160249999994,-22.74983679999997,0 -47.62159209999993,-22.75010409999993,0 -47.62159049999997,-22.75014509999994,0 -47.62157789999998,-22.750183,0 -47.62153949999998,-22.750298699999973,0 -47.62146459999997,-22.750420299999973,0 -47.621363299999985,-22.750533399999938,0 -47.62125269999996,-22.750598199999956,0 -47.621218699999986,-22.750618199999963,0 -47.621182,-22.750635599999953,0 -47.62089809999998,-22.750770299999942,0 -47.62078789999998,-22.75083989999996,0 -47.62068939999995,-22.750922,0 -47.620565699999986,-22.751043799999934,0 -47.62033379999997,-22.751281699999936,0 -47.61974249999997,-22.751896099999954,0 -47.61950459999997,-22.752138199999933,0 -47.619001899999944,-22.75264,0 -47.61897319999997,-22.752668599999936,0 -47.618944099999965,-22.75269529999997,0 -47.61868889999994,-22.75292909999996,0 -47.618417,-22.753124399999933,0 -47.61833539999998,-22.75318939999994,0 -47.618294299999945,-22.753224899999964,0 -47.61817659999997,-22.75333459999996,0 -47.61811669999997,-22.753390399999944,0 -47.617992,-22.753510699999936,0 -47.61787579999998,-22.753637899999944,0 -47.61781649999995,-22.753705699999955,0 -47.61771509999994,-22.75383469999997,0 -47.617638099999965,-22.753942199999983,0 -47.61758359999993,-22.754018,0 -47.617559599999936,-22.75405139999998,0 -47.617538,-22.754087599999934,0 -47.617424,-22.754278299999953,0 -47.617403199999956,-22.754313099999933,0 -47.61737759999994,-22.75434409999997,0 -47.61701329999994,-22.75478449999997,0 -47.616785499999935,-22.755058,0 -47.616704,-22.755155799999955,0 -47.616488,-22.75541549999997,0 -47.616058,-22.755896399999983,0 -47.616029,-22.755928799999936,0 -47.61597779999994,-22.755989099999965,0 -47.61588759999995,-22.756085799999937,0 -47.61582569999996,-22.756152199999974,0 -47.61561729999994,-22.756343799999968,0 -47.61539069999998,-22.756552099999965,0 -47.615218,-22.756738,0 -47.61503259999995,-22.756945,0 -47.61496439999996,-22.757019699999944,0 -47.61477679999996,-22.757243,0 -47.61472759999998,-22.757299399999965,0</coordinates></LinearRing></outerBoundaryIs></Polygon></MultiGeometry>
</Placemark>
<Placemark>
<name>Santa Rosa</name>
<ExtendedData>
<Data name="CD_BAIRRO"><value>3538709056</value></Data>
<Data name="NM_BAIRRO"><value>Santa Rosa</value></Data>
<Data name="2000"><value>742.0866718027735</value></Data><Data name="2010"><value>2477.126213592233</value></Data><Data name="2022"><value>8287.93</value></Data><Data name="delta 00 - 10"><value>2.338055119052975</value></Data><Data name="delta 10 - 22"><value>2.3457843021979743</value></Data>
</ExtendedData>
<Style>
<LineStyle><color>ff666666</color><width>1</width></LineStyle>
<PolyStyle><color>4dcccccc</color></PolyStyle>
</Style>
<MultiGeometry><Polygon><outerBoundaryIs><LinearRing><coordinates>-47.635158,-22.692909699999973,0 -47.635197199999936,-22.69286539999996,0 -47.635289099999966,-22.692761599999983,0 -47.63531539999997,-22.692731899999956,0 -47.635342399999956,-22.692701799999952,0 -47.64022369999998,-22.68725409999996,0 -47.64025049999998,-22.687224199999946,0 -47.640154199999984,-22.687122399999964,0 -47.63996059999994,-22.68685279999994,0 -47.639585599999975,-22.686288299999944,0 -47.639376099999936,-22.68597239999997,0 -47.638386699999955,-22.68446169999993,0 -47.63739719999995,-22.68293479999994,0 -47.63639019999994,-22.68139169999995,0 -47.63500639999995,-22.679250699999955,0 -47.63410849999997,-22.677889499999935,0 -47.633731799999964,-22.67732419999993,0 -47.63337259999997,-22.676869299999964,0 -47.632914899999946,-22.676313799999946,0 -47.63233739999998,-22.675755,0 -47.63175649999994,-22.67522859999997,0 -47.630994199999975,-22.674553299999957,0 -47.62939729999994,-22.67317529999997,0 -47.629457799999955,-22.67312009999995,0 -47.62942829999997,-22.673093799999947,0 -47.628675499999986,-22.672423699999968,0 -47.628382199999976,-22.67216179999997,0 -47.627702399999976,-22.67157009999994,0 -47.62768159999996,-22.67158479999995,0 -47.62761439999997,-22.671632399999964,0 -47.625271699999985,-22.67313619999993,0 -47.62583929999994,-22.673829299999966,0 -47.62382429999997,-22.674840399999937,0 -47.62268489999997,-22.67547929999995,0 -47.619376699999975,-22.67714639999997,0 -47.618363099999954,-22.677692,0 -47.617633499999954,-22.67817969999993,0 -47.616836099999944,-22.67877679999998,0 -47.61575869999996,-22.679739499999982,0 -47.615502,-22.680087,0 -47.61507149999994,-22.681183699999963,0 -47.61393819999995,-22.683381,0 -47.61349579999995,-22.684867899999972,0 -47.614049,-22.684983099999954,0 -47.61427429999998,-22.685178899999983,0 -47.61425669999994,-22.685273699999982,0 -47.614137899999946,-22.68526929999996,0 -47.614036699999986,-22.685370499999976,0 -47.61404989999994,-22.68545409999996,0 -47.614124699999934,-22.68554649999993,0 -47.61417749999998,-22.685590599999955,0 -47.61417749999998,-22.68567859999996,0 -47.61417749999998,-22.68591619999995,0 -47.61416869999994,-22.68609669999995,0 -47.61414229999997,-22.686202299999934,0 -47.614054299999964,-22.686334399999964,0 -47.61392659999996,-22.686488399999973,0 -47.61378579999996,-22.686660099999983,0 -47.61364489999994,-22.686884499999962,0 -47.613609699999984,-22.687016599999936,0 -47.61358329999996,-22.687197,0 -47.613548099999946,-22.687676799999963,0 -47.61329719999998,-22.690678399999967,0 -47.613253199999974,-22.690863299999933,0 -47.61327079999995,-22.69099529999994,0 -47.613306,-22.69111849999996,0 -47.61346009999994,-22.69119779999994,0 -47.61359209999995,-22.691189,0 -47.613728599999945,-22.691153799999938,0 -47.61379459999995,-22.691171399999973,0 -47.615247,-22.6921,0 -47.615313,-22.692179299999964,0 -47.61531739999998,-22.692218899999943,0 -47.615313,-22.69231129999997,0 -47.615383399999985,-22.692425699999944,0 -47.615489099999934,-22.692527,0 -47.61551549999996,-22.692588599999965,0 -47.61532619999997,-22.69467039999995,0 -47.61525579999994,-22.694859599999972,0 -47.61507759999995,-22.694941099999937,0 -47.614912499999946,-22.69496309999994,0 -47.614800299999956,-22.695031299999982,0 -47.61466379999996,-22.695092899999963,0 -47.614514199999974,-22.695101699999952,0 -47.614199499999984,-22.69508849999994,0 -47.613733,-22.695044499999938,0 -47.61351289999993,-22.69504009999997,0 -47.611940499999946,-22.69499879999995,0 -47.61166609999998,-22.697925399999974,0 -47.611662199999955,-22.69796789999998,0 -47.61165839999995,-22.69800829999997,0 -47.61165579999994,-22.698039799999947,0 -47.609230099999934,-22.698520599999938,0 -47.607371299999954,-22.698889099999974,0 -47.60733549999998,-22.698897399999964,0 -47.60739559999996,-22.69896159999996,0 -47.607518,-22.69908829999997,0 -47.60879879999993,-22.700395499999956,0 -47.60927849999996,-22.70086989999993,0 -47.609468299999946,-22.701058099999955,0 -47.609630799999934,-22.701219299999934,0 -47.610459,-22.70108,0 -47.611198,-22.700909399999944,0 -47.61139889999998,-22.700835199999972,0 -47.61188069999997,-22.700652,0 -47.61241949999993,-22.70039719999994,0 -47.61306819999993,-22.69993029999995,0 -47.613890099999935,-22.699202699999944,0 -47.61452109999993,-22.698730699999942,0 -47.61506,-22.69843469999995,0 -47.61552769999997,-22.698260199999936,0 -47.616008,-22.698149799999953,0 -47.61661769999995,-22.69809879999997,0 -47.61732019999994,-22.69815019999993,0 -47.618203499999936,-22.698227499999973,0 -47.61923679999995,-22.698330099999964,0 -47.62018819999997,-22.698322299999973,0 -47.62087049999997,-22.698215499999947,0 -47.62155729999995,-22.698019099999954,0 -47.62242089999995,-22.697689699999955,0 -47.62361379999993,-22.697083799999973,0 -47.625121,-22.696280899999977,0 -47.62630989999997,-22.69561029999994,0 -47.62770409999996,-22.694856799999968,0 -47.628801299999964,-22.694332799999927,0 -47.63045889999995,-22.69351309999996,0 -47.63115269999997,-22.693164499999966,0 -47.63169309999995,-22.692998899999964,0 -47.632190099999946,-22.692921299999966,0 -47.63279689999996,-22.69294679999996,0 -47.63338249999998,-22.69302349999998,0 -47.633829799999944,-22.693132899999966,0 -47.634138,-22.69325,0 -47.63446719999996,-22.69341069999996,0 -47.63460759999998,-22.693517399999962,0 -47.63503629999997,-22.69304109999996,0 -47.63506309999997,-22.693011299999966,0 -47.63509039999997,-22.692982099999938,0 -47.635121099999935,-22.69294919999993,0 -47.635158,-22.692909699999973,0</coordinates></LinearRing></outerBoundaryIs></Polygon></MultiGeometry>
</Placemark>
<Placemark>
<name>Jardim Primavera</name>
<ExtendedData>
<Data name="CD_BAIRRO"><value>3538709050</value></Data>
<Data name="NM_BAIRRO"><value>Jardim Primavera</value></Data>
<Data name="2000"><value>676.0785498489425</value></Data><Data name="2010"><value>2549.2658450704225</value></Data><Data name="2022"><value>2617.46</value></Data><Data name="delta 00 - 10"><value>2.770665177352557</value></Data><Data name="delta 10 - 22"><value>0.026750507429990564</value></Data>
</ExtendedData>
<Style>
<LineStyle><color>ff666666</color><width>1</width></LineStyle>
<PolyStyle><color>4dcccccc</color></PolyStyle>
</Style>
<MultiGeometry><Polygon><outerBoundaryIs><LinearRing><coordinates>-47.64664309999995,-22.69242319999995,0 -47.647270299999946,-22.692921099999978,0 -47.65024569999997,-22.695299,0 -47.65152729999994,-22.696325499999944,0 -47.65244279999996,-22.697173299999974,0 -47.652897,-22.69766059999995,0 -47.65321749999998,-22.698112099999946,0 -47.65354139999994,-22.698391499999957,0 -47.65364809999994,-22.698472699999968,0 -47.653882899999985,-22.698651299999938,0 -47.65418219999998,-22.69891439999998,0 -47.65474809999995,-22.699477199999933,0 -47.65549439999995,-22.70025,0 -47.65622469999994,-22.701003499999956,0 -47.656776,-22.701506,0 -47.65733749999998,-22.702020499999946,0 -47.65743719999995,-22.702153299999964,0 -47.65751069999993,-22.702235799999983,0 -47.657537899999966,-22.701965299999927,0 -47.657638099999986,-22.701782899999955,0 -47.658088299999974,-22.701197299999933,0 -47.658249299999966,-22.700933299999974,0 -47.658285,-22.70095139999995,0 -47.65832139999998,-22.700971099999947,0 -47.65858979999996,-22.700524,0 -47.65872179999997,-22.700314299999945,0 -47.659719,-22.698909799999967,0 -47.66026359999995,-22.698189,0 -47.660533699999974,-22.697854699999937,0 -47.661350599999935,-22.696624699999973,0 -47.66137319999996,-22.696590699999945,0 -47.661233299999935,-22.696460199999933,0 -47.66065459999993,-22.696136099999933,0 -47.66018939999998,-22.69588749999997,0 -47.66016539999998,-22.69580579999996,0 -47.660676699999954,-22.695049599999948,0 -47.660961,-22.69450469999998,0 -47.66097209999998,-22.69424749999996,0 -47.660913,-22.694199899999944,0 -47.66090929999996,-22.69413519999995,0 -47.66065189999995,-22.693808,0 -47.660132799999985,-22.693197899999973,0 -47.65978769999998,-22.69287849999995,0 -47.65955509999998,-22.692719,0 -47.65936369999997,-22.692654,0 -47.65914589999994,-22.69247669999993,0 -47.65905619999995,-22.692462,0 -47.658412399999975,-22.69238359999997,0 -47.65745469999996,-22.692299399999968,0 -47.65682689999994,-22.69221959999993,0 -47.656625099999985,-22.692329,0 -47.656099799999936,-22.692080699999963,0 -47.65508339999997,-22.691326199999935,0 -47.654936099999986,-22.691296299999976,0 -47.654954499999974,-22.69120769999995,0 -47.654943499999945,-22.691153199999974,0 -47.65491019999996,-22.691102199999932,0 -47.65484749999996,-22.691074899999933,0 -47.65476019999994,-22.691056699999933,0 -47.654674,-22.691081699999927,0 -47.654726299999936,-22.69092029999996,0 -47.65468929999997,-22.690923699999928,0 -47.654202699999985,-22.690967899999976,0 -47.64604559999998,-22.691709899999978,0 -47.64598769999998,-22.691715199999976,0 -47.645929199999955,-22.691720799999928,0 -47.645833299999936,-22.69173,0 -47.64577509999998,-22.691735499999936,0 -47.64581259999994,-22.691764599999942,0 -47.64664309999995,-22.69242319999995,0</coordinates></LinearRing></outerBoundaryIs></Polygon></MultiGeometry>
</Placemark>
<Placemark>
<name>Agronomia</name>
<ExtendedData>
<Data name="CD_BAIRRO"><value>3538709014</value></Data>
<Data name="NM_BAIRRO"><value>Agronomia</value></Data>
<Data name="2000"><value></value></Data><Data name="2010"><value></value></Data><Data name="2022"><value></value></Data><Data name="delta 00 - 10"><value></value></Data><Data name="delta 10 - 22"><value></value></Data>
</ExtendedData>
<Style>
<LineStyle><color>ff666666</color><width>1</width></LineStyle>
<PolyStyle><color>4dcccccc</color></PolyStyle>
</Style>
<MultiGeometry><Polygon><outerBoundaryIs><LinearRing><coordinates>-47.62372439999996,-22.71747689999995,0 -47.62413539999994,-22.71720019999998,0 -47.62454489999993,-22.716930099999956,0 -47.62470039999994,-22.71683669999993,0 -47.62488089999994,-22.71675019999998,0 -47.625162699999976,-22.716635399999973,0 -47.625319099999956,-22.716578099999936,0 -47.62581129999995,-22.716416599999945,0 -47.62651919999996,-22.716238199999964,0 -47.626763299999936,-22.716191699999968,0 -47.628694,-22.71584779999995,0 -47.629025499999955,-22.715776,0 -47.63065679999994,-22.71539569999993,0 -47.63111319999996,-22.715264799999943,0 -47.63121549999994,-22.715218,0 -47.631606,-22.715039399999966,0 -47.63170059999993,-22.714975799999934,0 -47.63184479999995,-22.714840399999957,0 -47.63232429999994,-22.714305699999954,0 -47.63241539999996,-22.71419839999993,0 -47.63261959999994,-22.713967799999978,0 -47.632719,-22.713852199999963,0 -47.633038099999965,-22.713472599999932,0 -47.63350209999993,-22.712951,0 -47.63405229999995,-22.71231439999997,0 -47.634200299999975,-22.71214969999994,0 -47.63530339999994,-22.710986899999966,0 -47.63534439999995,-22.710968099999945,0 -47.63538509999995,-22.71097,0 -47.63543279999993,-22.71097469999995,0 -47.63547449999993,-22.710994399999947,0 -47.63549059999997,-22.711008599999957,0 -47.635500899999954,-22.71101779999998,0 -47.63551719999998,-22.71104719999994,0 -47.635526599999935,-22.711074399999973,0 -47.63552929999997,-22.71109789999997,0 -47.63552839999994,-22.711121899999966,0 -47.63552329999993,-22.711147799999935,0 -47.63552329999993,-22.711185299999954,0 -47.635626299999956,-22.711222,0 -47.635743599999955,-22.711435,0 -47.636223,-22.712224099999958,0 -47.63624139999996,-22.712255399999947,0 -47.63662819999996,-22.712060399999928,0 -47.637120299999935,-22.71181329999996,0 -47.638011699999936,-22.71138009999993,0 -47.63889819999997,-22.71093469999994,0 -47.63891149999995,-22.710928299999978,0 -47.63980309999994,-22.710503099999983,0 -47.64066939999998,-22.710081699999932,0 -47.64210959999997,-22.709377,0 -47.64245,-22.709212,0 -47.64343139999994,-22.708735,0 -47.643776299999956,-22.708573899999976,0 -47.644081599999936,-22.708438499999943,0 -47.64421869999995,-22.70839,0 -47.64425049999994,-22.708381299999928,0 -47.64435359999993,-22.708393599999965,0 -47.64444659999998,-22.708426499999973,0 -47.644525,-22.708469699999966,0 -47.64493509999994,-22.708717499999977,0 -47.645034,-22.708771299999967,0 -47.64507979999996,-22.70878339999996,0 -47.645187799999974,-22.70878579999993,0 -47.64523959999997,-22.708787,0 -47.64518819999995,-22.708846499999936,0 -47.64519259999997,-22.708957399999974,0 -47.64527209999994,-22.70906089999994,0 -47.645365599999934,-22.709102899999948,0 -47.645398,-22.70901079999993,0 -47.64544689999997,-22.708964599999945,0 -47.64550849999995,-22.708951,0 -47.64558189999997,-22.70896749999997,0 -47.64564169999994,-22.709013699999957,0 -47.64562119999994,-22.70888149999996,0 -47.645618499999955,-22.70865029999993,0 -47.64577389999994,-22.70820249999997,0 -47.646140499999944,-22.70740139999998,0 -47.64633209999994,-22.70712439999994,0 -47.64651339999995,-22.706945,0 -47.646771799999954,-22.70676789999993,0 -47.64679309999997,-22.706705099999965,0 -47.64684429999994,-22.70655409999995,0 -47.64687189999995,-22.70647239999994,0 -47.647135299999945,-22.70569489999997,0 -47.64699719999993,-22.705682399999944,0 -47.64695419999998,-22.705678499999976,0 -47.64691119999998,-22.705674599999952,0 -47.64657729999993,-22.70564449999995,0 -47.645990799999936,-22.705498699999964,0 -47.645399,-22.705297599999938,0 -47.64487419999995,-22.705090799999937,0 -47.64449079999997,-22.704810599999973,0 -47.64403349999998,-22.70438759999996,0 -47.64343329999997,-22.703861099999983,0 -47.642678599999954,-22.703183699999954,0 -47.642064,-22.70266,0 -47.64165329999997,-22.702372899999943,0 -47.64119839999995,-22.702164899999957,0 -47.64073629999996,-22.70192739999993,0 -47.64018669999996,-22.701628099999937,0 -47.63941079999995,-22.701190399999973,0 -47.63889259999996,-22.70090289999996,0 -47.63839959999996,-22.70060479999995,0 -47.63795509999994,-22.70025739999994,0 -47.63738069999994,-22.69977389999997,0 -47.637027899999964,-22.699560899999938,0 -47.63643719999993,-22.699306199999967,0 -47.63598849999994,-22.69904839999998,0 -47.635614799999985,-22.69876789999995,0 -47.635213299999975,-22.69827129999993,0 -47.635009099999934,-22.69781489999997,0 -47.634839,-22.697259799999983,0 -47.63473789999995,-22.696694399999956,0 -47.63472189999993,-22.69619229999995,0 -47.63473789999995,-22.69573809999997,0 -47.634781799999985,-22.695244199999934,0 -47.63480959999998,-22.694807699999956,0 -47.634838599999966,-22.694515699999954,0 -47.63487259999994,-22.694107199999962,0 -47.634860199999935,-22.69385189999997,0 -47.63471619999996,-22.69359979999996,0 -47.63460759999998,-22.693517399999962,0 -47.63446719999996,-22.69341069999996,0 -47.634138,-22.69325,0 -47.633829799999944,-22.693132899999966,0 -47.63338249999998,-22.69302349999998,0 -47.63279689999996,-22.69294679999996,0 -47.632190099999946,-22.692921299999966,0 -47.63169309999995,-22.692998899999964,0 -47.63115269999997,-22.693164499999966,0 -47.63045889999995,-22.69351309999996,0 -47.628801299999964,-22.694332799999927,0 -47.62770409999996,-22.694856799999968,0 -47.62630989999997,-22.69561029999994,0 -47.625121,-22.696280899999977,0 -47.62361379999993,-22.697083799999973,0 -47.62242089999995,-22.697689699999955,0 -47.62155729999995,-22.698019099999954,0 -47.62087049999997,-22.698215499999947,0 -47.62018819999997,-22.698322299999973,0 -47.61923679999995,-22.698330099999964,0 -47.618203499999936,-22.698227499999973,0 -47.61732019999994,-22.69815019999993,0 -47.61661769999995,-22.69809879999997,0 -47.616008,-22.698149799999953,0 -47.61552769999997,-22.698260199999936,0 -47.61506,-22.69843469999995,0 -47.61452109999993,-22.698730699999942,0 -47.613890099999935,-22.699202699999944,0 -47.61306819999993,-22.69993029999995,0 -47.61241949999993,-22.70039719999994,0 -47.61188069999997,-22.700652,0 -47.61139889999998,-22.700835199999972,0 -47.611198,-22.700909399999944,0 -47.610459,-22.70108,0 -47.609630799999934,-22.701219299999934,0 -47.60941059999993,-22.701256499999943,0 -47.609708599999976,-22.701549599999964,0 -47.60995929999996,-22.70190679999996,0 -47.61032679999994,-22.70241169999997,0 -47.61043659999996,-22.702598699999953,0 -47.61048919999996,-22.702686299999982,0 -47.61055669999996,-22.702782499999955,0 -47.61064619999996,-22.702930399999957,0 -47.61104119999993,-22.703627599999948,0 -47.61125419999996,-22.70411189999993,0 -47.61137089999994,-22.704445,0 -47.61150489999994,-22.704819399999963,0 -47.611635399999955,-22.705609399999958,0 -47.61173839999998,-22.706794299999956,0 -47.61170069999997,-22.707234,0 -47.61164569999994,-22.707786899999974,0 -47.611474,-22.708504799999957,0 -47.61139149999997,-22.708758899999964,0 -47.61106179999996,-22.70964159999994,0 -47.61092789999998,-22.709906099999955,0 -47.61065649999995,-22.710373199999935,0 -47.61029589999998,-22.710915899999975,0 -47.60925519999995,-22.712094,0 -47.60653149999996,-22.71529849999996,0 -47.60620179999995,-22.715909799999963,0 -47.606016299999965,-22.716524599999957,0 -47.60596479999998,-22.716998599999954,0 -47.60596829999997,-22.71709139999996,0 -47.60599569999994,-22.717496599999947,0 -47.606078199999956,-22.717970599999944,0 -47.60622239999998,-22.71841029999996,0 -47.60656929999993,-22.71906629999995,0 -47.60657939999993,-22.719452,0 -47.606535399999984,-22.719875399999978,0 -47.60632789999994,-22.720253899999932,0 -47.60612979999996,-22.72052119999995,0 -47.605821599999956,-22.720977199999936,0 -47.60559509999996,-22.72131989999997,0 -47.60532469999998,-22.721533799999975,0 -47.60487949999998,-22.72171659999998,0 -47.60453229999996,-22.72184989999994,0 -47.606756,-22.721619499999974,0 -47.606800299999975,-22.721614899999963,0 -47.60684459999993,-22.721610399999975,0 -47.61425889999998,-22.72086009999998,0 -47.61574159999998,-22.720711299999948,0 -47.61617159999997,-22.720652299999983,0 -47.61690089999996,-22.72052979999995,0 -47.61734349999995,-22.720439599999963,0 -47.617936,-22.720307399999967,0 -47.618973299999936,-22.720004099999983,0 -47.620077299999934,-22.719600699999944,0 -47.621407499999975,-22.718966499999965,0 -47.62176679999993,-22.71875,0 -47.62326939999997,-22.717787399999963,0 -47.62331169999993,-22.717758199999935,0 -47.62334959999998,-22.717732,0 -47.62341619999995,-22.71768629999997,0 -47.62345339999996,-22.717661,0 -47.62372439999996,-22.71747689999995,0</coordinates></LinearRing></outerBoundaryIs></Polygon></MultiGeometry>
</Placemark>
<Placemark>
<name>Jardim Abaeté</name>
<ExtendedData>
<Data name="CD_BAIRRO"><value>3538709016</value></Data>
<Data name="NM_BAIRRO"><value>Jardim Abaeté</value></Data>
<Data name="2000"><value>1693.513005780347</value></Data><Data name="2010"><value>5699.823834196891</value></Data><Data name="2022"><value>6404.5</value></Data><Data name="delta 00 - 10"><value>2.3656805792114315</value></Data><Data name="delta 10 - 22"><value>0.123631218490527</value></Data>
</ExtendedData>
<Style>
<LineStyle><color>ff666666</color><width>1</width></LineStyle>
<PolyStyle><color>4dcccccc</color></PolyStyle>
</Style>
<MultiGeometry><Polygon><outerBoundaryIs><LinearRing><coordinates>-47.606800299999975,-22.721614899999963,0 -47.60676119999994,-22.721721099999968,0 -47.606669899999986,-22.72190269999993,0 -47.60659289999995,-22.722076399999935,0 -47.606449,-22.722402699999975,0 -47.60622779999994,-22.723011699999972,0 -47.60595109999997,-22.723773499999936,0 -47.60567179999998,-22.724473699999976,0 -47.60540249999997,-22.725043599999935,0 -47.60339779999998,-22.72966249999996,0 -47.60308349999997,-22.730486499999927,0 -47.60285719999996,-22.73119829999996,0 -47.60256369999996,-22.732444199999975,0 -47.602205899999944,-22.734048,0 -47.60218729999997,-22.734131499999933,0 -47.60180639999993,-22.735902,0 -47.60179189999997,-22.73596969999994,0 -47.60232879999995,-22.735837199999935,0 -47.60385519999994,-22.735469399999943,0 -47.60401919999998,-22.735423199999957,0 -47.60504579999997,-22.735149599999943,0 -47.605365,-22.73506939999993,0 -47.605719599999986,-22.73496609999995,0 -47.605749799999955,-22.734955599999978,0 -47.60619649999995,-22.73480049999995,0 -47.60671709999997,-22.734568099999933,0 -47.606897,-22.734489199999928,0 -47.606935,-22.734472599999947,0 -47.60697249999998,-22.734455399999945,0 -47.607304599999964,-22.734303799999964,0 -47.607642399999975,-22.734125699999936,0 -47.60781719999994,-22.734026099999937,0 -47.60785269999997,-22.734005899999943,0 -47.60788779999996,-22.73398549999996,0 -47.607939399999964,-22.733955699999967,0 -47.608609799999954,-22.73354729999994,0 -47.60923479999997,-22.73313719999993,0 -47.609276,-22.733129299999973,0 -47.60937809999996,-22.73310989999993,0 -47.61058619999994,-22.732400199999972,0 -47.61091909999993,-22.732195899999965,0 -47.61147219999998,-22.73184809999998,0 -47.611453799999936,-22.731812399999967,0 -47.611445199999935,-22.73179579999993,0 -47.61140579999994,-22.73180039999994,0 -47.611316099999954,-22.73181089999997,0 -47.611174699999935,-22.731829199999936,0 -47.611014799999964,-22.731789299999946,0 -47.61093219999998,-22.731733599999927,0 -47.610803299999986,-22.731654299999946,0 -47.61074979999995,-22.731592499999977,0 -47.61070779999994,-22.731523599999946,0 -47.610665799999936,-22.731463299999973,0 -47.610614399999974,-22.731359899999973,0 -47.61058639999993,-22.73124789999997,0 -47.610581699999955,-22.731136,0 -47.61060039999995,-22.731006699999966,0 -47.61077609999995,-22.730082599999946,0 -47.611037599999975,-22.729364,0 -47.611343799999986,-22.72859649999998,0 -47.61167689999996,-22.727597799999955,0 -47.61172959999993,-22.72745519999995,0 -47.61184739999993,-22.727136499999972,0 -47.61204479999998,-22.726601199999948,0 -47.61220279999998,-22.726172599999927,0 -47.61248989999996,-22.725392099999965,0 -47.61335509999998,-22.723031799999944,0 -47.613829099999975,-22.721847799999978,0 -47.61394359999997,-22.721586699999932,0 -47.61398289999994,-22.721496299999956,0 -47.61420149999998,-22.720992499999966,0 -47.61423789999998,-22.720908399999928,0 -47.61425889999998,-22.72086009999998,0 -47.60684459999993,-22.721610399999975,0 -47.606800299999975,-22.721614899999963,0</coordinates></LinearRing></outerBoundaryIs></Polygon></MultiGeometry>
</Placemark>
<Placemark>
<name>Taquaral</name>
<ExtendedData>
<Data name="CD_BAIRRO"><value>3538709024</value></Data>
<Data name="NM_BAIRRO"><value>Taquaral</value></Data>
<Data name="2000"><value>862.4764705882353</value></Data><Data name="2010"><value></value></Data><Data name="2022"><value>6546.64</value></Data><Data name="delta 00 - 10"><value></value></Data><Data name="delta 10 - 22"><value></value></Data>
</ExtendedData>
<Style>
<LineStyle><color>ff666666</color><width>1</width></LineStyle>
<PolyStyle><color>4dcccccc</color></PolyStyle>
</Style>
<MultiGeometry><Polygon><outerBoundaryIs><LinearRing><coordinates>-47.59240879999993,-22.77677529999994,0 -47.592375699999934,-22.776751499999932,0 -47.59226549999994,-22.77667239999994,0 -47.59212439999993,-22.776552299999935,0 -47.59204439999996,-22.776459199999977,0 -47.59200389999995,-22.776412,0 -47.59191969999995,-22.77628459999994,0 -47.591850499999964,-22.77615519999995,0 -47.59180859999998,-22.776011899999958,0 -47.59178959999997,-22.775867699999935,0 -47.59179659999995,-22.775639299999966,0 -47.591844599999945,-22.77546669999998,0 -47.591892,-22.775342799999976,0 -47.591953699999976,-22.775224,0 -47.59228669999993,-22.77467439999998,0 -47.59232069999996,-22.774656899999968,0 -47.59238849999997,-22.774622,0 -47.593377499999974,-22.774115199999983,0 -47.593253,-22.77390479999997,0 -47.592961799999955,-22.77402449999994,0 -47.59286229999998,-22.77407409999995,0 -47.59285019999993,-22.774080199999958,0 -47.59282509999997,-22.77408879999996,0 -47.59278589999997,-22.77410079999993,0 -47.59277439999994,-22.774104299999976,0 -47.59246369999994,-22.77411929999994,0 -47.59242259999996,-22.774116799999945,0 -47.592277499999966,-22.774155,0 -47.59215359999996,-22.774237099999937,0 -47.591836099999966,-22.77431169999994,0 -47.59180879999997,-22.774295,0 -47.59163149999995,-22.774683399999958,0 -47.59123949999997,-22.775395299999957,0 -47.59080149999994,-22.77616839999996,0 -47.59085659999994,-22.77619809999993,0 -47.59083689999994,-22.776233299999944,0 -47.58951719999993,-22.77859369999993,0 -47.58833819999995,-22.780692399999964,0 -47.58759829999997,-22.782011799999964,0 -47.58728409999998,-22.782558499999936,0 -47.587264199999936,-22.78259309999993,0 -47.587244699999985,-22.782628099999954,0 -47.586447299999975,-22.78405719999995,0 -47.58479,-22.787010099999975,0 -47.58543879999996,-22.787000899999953,0 -47.58618829999995,-22.78671079999998,0 -47.58662789999994,-22.78669249999996,0 -47.58695179999995,-22.78679079999995,0 -47.58743009999995,-22.787177399999962,0 -47.58940389999998,-22.78877239999997,0 -47.59004619999996,-22.789397699999938,0 -47.59096139999997,-22.79054469999994,0 -47.59232019999996,-22.79173,0 -47.592989399999965,-22.792520499999966,0 -47.59365859999997,-22.793311,0 -47.59474089999998,-22.794281199999944,0 -47.59613539999998,-22.795060599999942,0 -47.59629719999998,-22.795228,0 -47.596487,-22.795422599999938,0 -47.596643599999936,-22.79584509999995,0 -47.60294479999993,-22.796688899999936,0 -47.603724899999975,-22.79677049999998,0 -47.605382599999984,-22.796944,0 -47.60699569999997,-22.797023699999954,0 -47.60768459999997,-22.796994299999938,0 -47.610093699999936,-22.796694099999968,0 -47.61055739999995,-22.796564599999954,0 -47.61121239999994,-22.796381399999973,0 -47.611864899999944,-22.79617559999997,0 -47.61435979999993,-22.795341099999973,0 -47.616238299999964,-22.794708499999956,0 -47.61835359999998,-22.794000599999947,0 -47.61986859999996,-22.79349419999994,0 -47.62034319999998,-22.793326,0 -47.62095439999996,-22.793112099999973,0 -47.624130599999944,-22.792017899999962,0 -47.628271,-22.790580699999964,0 -47.628399799999954,-22.790400199999965,0 -47.63004769999998,-22.78887359999993,0 -47.629948,-22.78868669999997,0 -47.62993869999997,-22.788490699999954,0 -47.62999469999994,-22.788360099999977,0 -47.630134699999985,-22.788248099999976,0 -47.63030269999996,-22.78816409999996,0 -47.63043339999996,-22.788136099999974,0 -47.63062929999995,-22.78816409999996,0 -47.630825399999935,-22.788192099999947,0 -47.63091869999994,-22.788136099999974,0 -47.63102139999995,-22.788070699999935,0 -47.631124,-22.788005399999975,0 -47.631236,-22.78788409999993,0 -47.631282699999986,-22.787762699999973,0 -47.63133869999996,-22.787660099999982,0 -47.631488,-22.787445399999967,0 -47.63146939999996,-22.78738009999995,0 -47.631488,-22.787240099999963,0 -47.631357399999956,-22.787146699999937,0 -47.631208,-22.78706269999998,0 -47.631124,-22.787044099999946,0 -47.63091869999994,-22.787044099999946,0 -47.63079739999995,-22.786941399999932,0 -47.630872,-22.786801399999945,0 -47.630984,-22.78671739999993,0 -47.63119869999997,-22.786614699999973,0 -47.631282699999986,-22.78663339999997,0 -47.631413399999985,-22.786745399999973,0 -47.63150669999993,-22.78676409999997,0 -47.63155339999997,-22.78669869999993,0 -47.631534699999975,-22.786549399999956,0 -47.63156269999996,-22.78646539999994,0 -47.631656,-22.78640009999998,0 -47.63174939999993,-22.78639069999997,0 -47.63180539999996,-22.786325399999953,0 -47.63180539999996,-22.78621339999995,0 -47.631777399999976,-22.78615739999998,0 -47.631646699999976,-22.786064099999976,0 -47.631656,-22.785942699999964,0 -47.631665399999974,-22.78585869999995,0 -47.631609399999945,-22.78571869999996,0 -47.631497399999944,-22.785662699999932,0 -47.631609399999945,-22.785513399999957,0 -47.631712,-22.78555069999993,0 -47.63206669999994,-22.785625399999958,0 -47.63247739999997,-22.785541399999943,0 -47.63258,-22.78542939999994,0 -47.63272939999996,-22.785336099999938,0 -47.632664,-22.785037399999965,0 -47.632570699999974,-22.784869399999934,0 -47.632384,-22.784841399999948,0 -47.6323,-22.784794699999964,0 -47.63222539999998,-22.784673399999974,0 -47.63216,-22.784552099999928,0 -47.63202,-22.784440099999983,0 -47.631786699999964,-22.78446809999997,0 -47.631609399999945,-22.78446809999997,0 -47.63133869999996,-22.78446809999997,0 -47.630928,-22.784524099999942,0 -47.630825399999935,-22.784542699999975,0 -47.630750699999965,-22.784542699999975,0 -47.63047009999997,-22.784397699999943,0 -47.63044449999995,-22.784339299999942,0 -47.63041849999996,-22.78427389999996,0 -47.63021869999994,-22.78410409999998,0 -47.62998539999995,-22.783964099999935,0 -47.629733399999964,-22.783964099999935,0 -47.62963069999995,-22.783992099999978,0 -47.62956539999993,-22.784010699999953,0 -47.629425399999946,-22.784066699999983,0 -47.629294699999946,-22.78416009999995,0 -47.62907069999994,-22.784253399999955,0 -47.628669299999956,-22.784286099999974,0 -47.62842669999998,-22.784248699999978,0 -47.62825869999995,-22.784267399999976,0 -47.62799729999995,-22.784286099999974,0 -47.62781069999994,-22.784267399999976,0 -47.62764269999997,-22.784099399999945,0 -47.627362699999935,-22.783968699999946,0 -47.627101299999936,-22.784099399999945,0 -47.62670929999996,-22.78432339999995,0 -47.62618669999995,-22.784790099999952,0 -47.625776,-22.78503269999993,0 -47.625496,-22.78518209999993,0 -47.625234699999965,-22.78518209999993,0 -47.624973299999965,-22.78503269999993,0 -47.624768,-22.78492069999993,0 -47.624618699999985,-22.78454739999995,0 -47.62458129999993,-22.78378209999994,0 -47.62458129999993,-22.783558099999937,0 -47.62463729999996,-22.783296699999937,0 -47.624432,-22.783072699999934,0 -47.62417069999998,-22.78299809999993,0 -47.62389069999995,-22.782942099999957,0 -47.623517299999946,-22.782811399999957,0 -47.62344269999994,-22.782475399999953,0 -47.62349869999997,-22.782232699999952,0 -47.623648,-22.781859399999973,0 -47.623834699999975,-22.78171009999994,0 -47.62411469999995,-22.781430099999966,0 -47.62404,-22.780898099999945,0 -47.62410529999994,-22.780776699999933,0 -47.62425469999994,-22.780590099999927,0 -47.62438529999997,-22.78043139999994,0 -47.62446929999993,-22.78031939999994,0 -47.62446929999993,-22.78030069999994,0 -47.624432,-22.78012339999998,0 -47.62439469999998,-22.780048699999952,0 -47.62431069999997,-22.779927399999963,0 -47.624245299999984,-22.779787399999975,0 -47.624245299999984,-22.779740699999934,0 -47.62428269999998,-22.77951669999993,0 -47.62436669999994,-22.779432699999973,0 -47.624488,-22.77932069999997,0 -47.62450669999998,-22.77932069999997,0 -47.62469329999993,-22.779078099999936,0 -47.62483329999998,-22.778910099999962,0 -47.62488,-22.778779399999962,0 -47.62489869999996,-22.77863009999993,0 -47.62488,-22.77851809999993,0 -47.624852,-22.778480699999932,0 -47.62466529999995,-22.77832209999997,0 -47.624562699999956,-22.778219399999955,0 -47.62449729999997,-22.778154099999938,0 -47.62441329999996,-22.778032699999983,0 -47.624376,-22.777976699999954,0 -47.624357299999986,-22.77788339999995,0 -47.62432,-22.777678099999946,0 -47.624292,-22.77751939999996,0 -47.624292,-22.777370099999928,0 -47.62427329999997,-22.77714609999998,0 -47.624264,-22.77692209999998,0 -47.624236,-22.776782099999934,0 -47.62413329999998,-22.776632699999936,0 -47.62411469999995,-22.77620339999993,0 -47.62413329999998,-22.776110099999983,0 -47.624189299999955,-22.77593269999994,0 -47.62416129999997,-22.77583939999994,0 -47.624068,-22.775746099999935,0 -47.623946699999976,-22.775746099999935,0 -47.623816,-22.775746099999935,0 -47.62360129999996,-22.775746099999935,0 -47.62343329999993,-22.775652699999966,0 -47.62335869999998,-22.775559399999963,0 -47.623256,-22.77541009999993,0 -47.62312529999997,-22.77520469999996,0 -47.623032,-22.77493409999994,0 -47.622882699999934,-22.774448699999937,0 -47.62285469999995,-22.774392699999964,0 -47.62276129999998,-22.774271399999975,0 -47.62264,-22.77413139999993,0 -47.622551499999986,-22.77403309999994,0 -47.62252339999998,-22.77400179999995,0 -47.62235069999997,-22.774079599999936,0 -47.62221359999995,-22.774091299999952,0 -47.622082,-22.774036299999977,0 -47.62192639999995,-22.77394849999996,0 -47.621806799999945,-22.773920499999974,0 -47.621699199999966,-22.773955799999953,0 -47.62124249999994,-22.77425919999996,0 -47.621101299999964,-22.774324,0 -47.620913299999984,-22.774345899999958,0 -47.62076689999998,-22.774326599999938,0 -47.62063489999997,-22.774275199999977,0 -47.62040939999997,-22.774153399999932,0 -47.61986939999997,-22.773762199999965,0 -47.619556099999954,-22.773567,0 -47.619046099999935,-22.773348899999974,0 -47.618099,-22.773071699999946,0 -47.61779579999995,-22.773024799999973,0 -47.61754769999993,-22.77303919999997,0 -47.617367,-22.77310129999995,0 -47.61709119999995,-22.773293399999943,0 -47.61587389999994,-22.774072199999978,0 -47.61507229999995,-22.774479199999973,0 -47.61488179999998,-22.774609099999964,0 -47.614725799999974,-22.77465159999997,0 -47.61443929999996,-22.774655699999983,0 -47.61416349999996,-22.774707099999944,0 -47.61389019999996,-22.774828399999933,0 -47.612309299999936,-22.77567739999995,0 -47.61172709999994,-22.775007399999936,0 -47.60905119999995,-22.77192809999997,0 -47.60894429999996,-22.77183,0 -47.60884989999994,-22.771785299999976,0 -47.608654599999966,-22.77173419999997,0 -47.60855219999996,-22.771687399999962,0 -47.608482299999935,-22.77158509999998,0 -47.607246299999986,-22.771311199999957,0 -47.605709,-22.770961599999964,0 -47.60489009999998,-22.77072709999993,0 -47.60404409999995,-22.770442599999967,0 -47.603706099999954,-22.77036339999995,0 -47.60358839999998,-22.770318199999963,0 -47.60343919999997,-22.770269,0 -47.602903,-22.770144899999934,0 -47.602692,-22.770118,0 -47.60249909999993,-22.77012419999994,0 -47.60230549999994,-22.77015849999998,0 -47.60219979999994,-22.77019139999993,0 -47.60211839999994,-22.77021919999993,0 -47.60192029999996,-22.770313399999964,0 -47.601408,-22.77059859999997,0 -47.60130049999998,-22.770669,0 -47.601207199999976,-22.770745,0 -47.60112529999998,-22.770829099999958,0 -47.60109629999994,-22.770859,0 -47.60107039999997,-22.770888699999944,0 -47.600950299999965,-22.77102629999996,0 -47.60099029999998,-22.771066599999983,0 -47.601025,-22.77112429999994,0 -47.60103159999994,-22.771145399999966,0 -47.601043699999934,-22.77118409999997,0 -47.60105579999998,-22.771222199999954,0 -47.60110769999994,-22.771384299999966,0 -47.60114889999994,-22.771474599999976,0 -47.60118109999996,-22.77153919999995,0 -47.60124879999995,-22.771667299999933,0 -47.601296299999944,-22.77176989999998,0 -47.601311099999975,-22.77181369999994,0 -47.601347199999964,-22.771937099999946,0 -47.60135839999998,-22.77197529999995,0 -47.60136879999993,-22.772014199999944,0 -47.60137609999998,-22.772041499999943,0 -47.601410199999975,-22.77227369999997,0 -47.60141949999996,-22.772515,0 -47.60141729999998,-22.772675299999946,0 -47.60141109999995,-22.772739199999933,0 -47.60138519999998,-22.772873499999946,0 -47.60136339999997,-22.772961099999975,0 -47.601285,-22.773193,0 -47.601184,-22.77341819999998,0 -47.60114779999998,-22.773485,0 -47.601026599999955,-22.77367279999993,0 -47.60084589999997,-22.77393059999997,0 -47.60073309999996,-22.774084899999934,0 -47.60056049999997,-22.774337899999978,0 -47.600536499999976,-22.774373,0 -47.600510499999984,-22.774405599999966,0 -47.60038179999998,-22.774566899999968,0 -47.600280199999986,-22.774685099999942,0 -47.60019939999995,-22.774765299999956,0 -47.59980869999998,-22.775068199999964,0 -47.599581099999966,-22.77520409999994,0 -47.59897379999995,-22.775508699999932,0 -47.597500699999955,-22.776109799999972,0 -47.59645649999993,-22.776555,0 -47.596220399999936,-22.776635,0 -47.596167399999956,-22.776653,0 -47.59614149999993,-22.776661399999966,0 -47.596094799999946,-22.776671499999964,0 -47.595568199999946,-22.776784299999974,0 -47.59513179999993,-22.77688059999997,0 -47.59436089999997,-22.77704259999996,0 -47.59399949999994,-22.77709109999995,0 -47.59374879999996,-22.77709679999998,0 -47.59347319999995,-22.777075,0 -47.593262799999934,-22.777035199999943,0 -47.59314049999995,-22.77700679999998,0 -47.592656699999964,-22.776863599999956,0 -47.59261879999997,-22.77685239999994,0 -47.592580099999964,-22.77684009999996,0 -47.59249909999994,-22.776814399999978,0 -47.59244549999994,-22.77679109999997,0 -47.59240879999993,-22.77677529999994,0</coordinates></LinearRing></outerBoundaryIs></Polygon></MultiGeometry>
</Placemark>
<Placemark>
<name>Santa Rita</name>
<ExtendedData>
<Data name="CD_BAIRRO"><value>3538709022</value></Data>
<Data name="NM_BAIRRO"><value>Santa Rita</value></Data>
<Data name="2000"><value>722.4654605263158</value></Data><Data name="2010"><value>2208.1970588235295</value></Data><Data name="2022"><value>4026.84</value></Data><Data name="delta 00 - 10"><value>2.0564742253766135</value></Data><Data name="delta 10 - 22"><value>0.8235872491132639</value></Data>
</ExtendedData>
<Style>
<LineStyle><color>ff666666</color><width>1</width></LineStyle>
<PolyStyle><color>4dcccccc</color></PolyStyle>
</Style>
<MultiGeometry><Polygon><outerBoundaryIs><LinearRing><coordinates>-47.59603939999994,-22.752363299999956,0 -47.59604509999997,-22.752323199999978,0 -47.59617039999995,-22.751436299999966,0 -47.59556259999994,-22.751001599999938,0 -47.59552129999997,-22.750972099999956,0 -47.59494719999998,-22.750493699999936,0 -47.594831,-22.750452799999948,0 -47.592900199999974,-22.75053719999994,0 -47.592675199999974,-22.75011589999997,0 -47.592628299999944,-22.74994879999997,0 -47.592505399999936,-22.74984939999996,0 -47.592466599999966,-22.749779199999978,0 -47.59189889999993,-22.74971839999995,0 -47.59162829999997,-22.749712199999976,0 -47.59146889999994,-22.749708599999963,0 -47.590616299999965,-22.74964179999995,0 -47.58961929999998,-22.749563699999953,0 -47.589512,-22.74955669999997,0 -47.58850559999996,-22.749491399999954,0 -47.587577299999964,-22.749431699999946,0 -47.58658959999997,-22.749372499999936,0 -47.58649349999996,-22.74936839999998,0 -47.586368499999935,-22.749363099999982,0 -47.584069099999965,-22.74921489999997,0 -47.58396189999996,-22.74920359999993,0 -47.58286229999993,-22.74911039999995,0 -47.58143389999998,-22.74889879999995,0 -47.581388699999934,-22.749076699999932,0 -47.58123219999993,-22.749398699999972,0 -47.58116389999998,-22.749611199999947,0 -47.581138899999985,-22.749783199999968,0 -47.58116659999996,-22.750089499999945,0 -47.58122089999995,-22.750304,0 -47.58129329999997,-22.750614799999937,0 -47.58131869999994,-22.75084839999994,0 -47.581321799999955,-22.751130099999955,0 -47.581307799999934,-22.751305799999955,0 -47.58126089999996,-22.751458199999945,0 -47.58126409999994,-22.751718,0 -47.58127609999997,-22.751923399999953,0 -47.58129239999994,-22.75206259999993,0 -47.581248699999946,-22.75215469999995,0 -47.581165,-22.75227659999996,0 -47.58093779999996,-22.752441499999975,0 -47.58082889999997,-22.75266469999997,0 -47.58073589999998,-22.75291429999993,0 -47.58065309999995,-22.753272299999935,0 -47.580533499999945,-22.75352049999998,0 -47.58044309999997,-22.75364469999994,0 -47.58028159999998,-22.753798399999937,0 -47.58004059999996,-22.754076399999974,0 -47.57987919999994,-22.754317399999934,0 -47.57980829999997,-22.754489099999944,0 -47.57977349999993,-22.754646099999945,0 -47.57979659999995,-22.754933299999948,0 -47.57982149999998,-22.755176699999936,0 -47.57980229999998,-22.755367099999944,0 -47.57972149999995,-22.75553229999997,0 -47.579602799999975,-22.75570719999996,0 -47.57949959999996,-22.755791699999975,0 -47.579463299999986,-22.75592839999996,0 -47.579449899999986,-22.755979199999956,0 -47.57930819999996,-22.756458899999927,0 -47.579153,-22.756798699999933,0 -47.579053,-22.757028,0 -47.57898259999996,-22.757285599999932,0 -47.578993699999955,-22.75737239999995,0 -47.57920809999996,-22.757632799999953,0 -47.579953099999955,-22.758371,0 -47.580562,-22.758828499999936,0 -47.580838,-22.758971499999973,0 -47.581209299999955,-22.759164099999964,0 -47.581983099999945,-22.759458699999982,0 -47.581956899999966,-22.75958369999995,0 -47.58197569999993,-22.759717299999977,0 -47.582044,-22.759842799999944,0 -47.58216,-22.759943499999963,0 -47.58233579999995,-22.760005199999966,0 -47.582473499999935,-22.760004699999968,0 -47.582620299999974,-22.75995779999994,0 -47.58268,-22.759913899999958,0 -47.58273749999995,-22.75991769999996,0 -47.58283319999998,-22.759926099999973,0 -47.58295979999997,-22.759960699999965,0 -47.58348689999997,-22.760189499999967,0 -47.58642639999994,-22.761471,0 -47.58976759999996,-22.762891599999932,0 -47.589941899999985,-22.762965299999962,0 -47.58999789999996,-22.762989,0 -47.59005369999994,-22.763013299999955,0 -47.59139749999997,-22.763598699999932,0 -47.59147729999995,-22.763626599999952,0 -47.59163419999993,-22.763676799999928,0 -47.591672399999936,-22.763689,0 -47.59163159999997,-22.763787599999944,0 -47.59162089999995,-22.76391339999998,0 -47.59163789999997,-22.763997699999948,0 -47.591671,-22.764072299999953,0 -47.59171509999993,-22.764134499999955,0 -47.591787599999975,-22.76420109999998,0 -47.59188979999993,-22.764256699999976,0 -47.592001299999936,-22.764284699999962,0 -47.59209789999994,-22.764287,0 -47.59219939999997,-22.764267699999948,0 -47.59229629999993,-22.76422539999993,0 -47.59239279999997,-22.76414909999994,0 -47.59246129999997,-22.76405129999995,0 -47.59249579999994,-22.763946399999952,0 -47.59250089999995,-22.76386229999997,0 -47.59260429999995,-22.763929099999928,0 -47.592746199999965,-22.763969499999973,0 -47.59368839999996,-22.763951799999973,0 -47.593829599999935,-22.76379359999993,0 -47.594524699999965,-22.762684599999943,0 -47.59465709999995,-22.761851699999966,0 -47.59533769999996,-22.76138279999998,0 -47.59551609999994,-22.761174799999935,0 -47.59565539999994,-22.760983299999964,0 -47.59577869999998,-22.760791799999936,0 -47.59590439999994,-22.760380399999974,0 -47.595995399999936,-22.76064489999993,0 -47.596183199999984,-22.761527299999955,0 -47.596520699999985,-22.76002159999996,0 -47.59687489999993,-22.758374299999957,0 -47.59787719999997,-22.753722,0 -47.59785809999994,-22.75366779999996,0 -47.59783289999996,-22.75359609999998,0 -47.59778109999996,-22.753457899999944,0 -47.59772529999998,-22.75334879999997,0 -47.59762129999996,-22.75324349999994,0 -47.59622529999996,-22.752360799999963,0 -47.59603939999994,-22.752363299999956,0</coordinates></LinearRing></outerBoundaryIs></Polygon></MultiGeometry>
</Placemark>
<Placemark>
<name>Jardim Jupiá</name>
<ExtendedData>
<Data name="CD_BAIRRO"><value>3538709044</value></Data>
<Data name="NM_BAIRRO"><value>Jardim Jupiá</value></Data>
<Data name="2000"><value>818.8149350649351</value></Data><Data name="2010"><value>3435.7019405700426</value></Data><Data name="2022"><value>3013.11</value></Data><Data name="delta 00 - 10"><value>3.1959443989594285</value></Data><Data name="delta 10 - 22"><value>-0.12300017518397625</value></Data>
</ExtendedData>
<Style>
<LineStyle><color>ff666666</color><width>1</width></LineStyle>
<PolyStyle><color>4dcccccc</color></PolyStyle>
</Style>
<MultiGeometry><Polygon><outerBoundaryIs><LinearRing><coordinates>-47.680142,-22.716478,0 -47.680348,-22.717768499999977,0 -47.681800099999975,-22.71752159999994,0 -47.682004,-22.71748569999994,0 -47.682797799999946,-22.71734779999997,0 -47.685087099999976,-22.71736,0 -47.685241,-22.71739589999993,0 -47.685602899999935,-22.717572899999936,0 -47.68573619999995,-22.71761189999995,0 -47.68677719999994,-22.717703,0 -47.68649489999996,-22.719144099999937,0 -47.68703759999994,-22.719201,0 -47.68776769999994,-22.719344499999977,0 -47.688011899999935,-22.71939009999994,0 -47.68810469999994,-22.719385399999965,0 -47.68840669999997,-22.719318399999963,0 -47.68846359999998,-22.71930329999998,0 -47.68851749999993,-22.719317699999976,0 -47.68857349999996,-22.719376099999977,0 -47.68862759999996,-22.71943049999993,0 -47.68866689999993,-22.719432299999937,0 -47.68871269999994,-22.719402099999968,0 -47.688801299999966,-22.719292699999983,0 -47.688842499999964,-22.719254,0 -47.68890159999995,-22.719250199999976,0 -47.68897219999997,-22.719282499999963,0 -47.68977279999996,-22.71979289999996,0 -47.68991579999994,-22.71980979999995,0 -47.69006619999993,-22.719869699999947,0 -47.69019119999996,-22.719927299999938,0 -47.69034349999998,-22.720025799999974,0 -47.690481499999976,-22.720138299999974,0 -47.690705,-22.720277099999976,0 -47.69092159999997,-22.720383699999957,0 -47.691796599999975,-22.72067409999994,0 -47.69181379999998,-22.720637599999975,0 -47.69188339999994,-22.72049009999995,0 -47.691947899999946,-22.72032239999993,0 -47.69199839999993,-22.720085899999958,0 -47.69201529999998,-22.719842399999948,0 -47.69201819999995,-22.719645,0 -47.69195719999993,-22.719578199999944,0 -47.69188429999997,-22.71953389999993,0 -47.69179829999996,-22.71950149999998,0 -47.691710099999966,-22.719373399999938,0 -47.69170839999998,-22.71930279999998,0 -47.69175549999994,-22.719214,0 -47.69178819999996,-22.719173299999966,0 -47.691847,-22.719100199999957,0 -47.691980599999965,-22.718982899999958,0 -47.69204,-22.718871899999954,0 -47.692114799999956,-22.718737399999952,0 -47.69223219999998,-22.718633199999942,0 -47.69244229999998,-22.71849659999998,0 -47.69261359999996,-22.718419499999982,0 -47.692743,-22.71841349999994,0 -47.692875699999945,-22.718463199999974,0 -47.69296979999996,-22.718549699999983,0 -47.693097499999965,-22.718710699999974,0 -47.69320619999996,-22.718893099999946,0 -47.693299,-22.719038599999976,0 -47.69340029999995,-22.71915249999995,0 -47.69348579999996,-22.719246899999973,0 -47.69355159999998,-22.719334,0 -47.69366919999993,-22.719369899999947,0 -47.693758199999934,-22.719389299999932,0 -47.69388279999998,-22.719376499999953,0 -47.693957,-22.719381099999964,0 -47.69405619999998,-22.71937639999993,0 -47.69412649999998,-22.71939119999996,0 -47.69421269999998,-22.719379699999934,0 -47.69428789999995,-22.719346799999983,0 -47.694358499999964,-22.71931,0 -47.69445929999995,-22.719293299999947,0 -47.69454349999995,-22.719286,0 -47.69470679999995,-22.719283399999938,0 -47.694884,-22.71923929999997,0 -47.69513439999997,-22.719225499999936,0 -47.695174099999974,-22.719191299999977,0 -47.69520289999997,-22.719148299999972,0 -47.69522349999994,-22.719077699999957,0 -47.69526119999995,-22.719027799999935,0 -47.69532549999997,-22.718967199999952,0 -47.69540079999996,-22.71888869999998,0 -47.695478,-22.718868199999974,0 -47.69555429999997,-22.718863899999974,0 -47.69563329999994,-22.71883809999997,0 -47.695655099999954,-22.718781599999943,0 -47.69563419999997,-22.718714899999952,0 -47.69557649999996,-22.718655399999932,0 -47.69549469999998,-22.71852389999998,0 -47.69542969999998,-22.71834739999997,0 -47.695358899999974,-22.71818079999997,0 -47.695349,-22.71810469999997,0 -47.695370099999934,-22.71802649999995,0 -47.69541549999997,-22.717947799999934,0 -47.69546849999995,-22.71782049999996,0 -47.695540499999936,-22.717726699999957,0 -47.69561879999998,-22.71768929999996,0 -47.695689399999935,-22.717635,0 -47.69572989999995,-22.717568599999936,0 -47.69572549999998,-22.71749129999995,0 -47.69573129999998,-22.717323,0 -47.69579109999995,-22.71723769999994,0 -47.69592,-22.717131799999947,0 -47.69595769999995,-22.717052,0 -47.69597379999993,-22.71690559999996,0 -47.695933,-22.716776299999935,0 -47.695881,-22.716642699999966,0 -47.695862,-22.716473899999983,0 -47.695830599999965,-22.716369199999974,0 -47.69579269999997,-22.716273399999977,0 -47.69580609999997,-22.71615319999995,0 -47.69589089999994,-22.715966899999955,0 -47.69595719999995,-22.715741,0 -47.69601919999997,-22.715436799999964,0 -47.696106,-22.71532559999997,0 -47.69619069999993,-22.715238,0 -47.69629839999993,-22.715199499999983,0 -47.69637839999996,-22.715146499999946,0 -47.69642639999995,-22.715056199999935,0 -47.696408099999985,-22.714959499999964,0 -47.696327,-22.714857799999947,0 -47.69630659999996,-22.714765299999954,0 -47.69634069999995,-22.714682299999936,0 -47.69640479999998,-22.714574399999947,0 -47.69646929999993,-22.71440549999994,0 -47.696549499999946,-22.71431119999994,0 -47.696653599999934,-22.714283099999932,0 -47.696765099999936,-22.71429009999997,0 -47.696926,-22.714304099999936,0 -47.69699779999996,-22.714293899999973,0 -47.697032699999966,-22.714261,0 -47.69706329999997,-22.71423429999993,0 -47.69703469999996,-22.714215,0 -47.69691259999996,-22.714139199999977,0 -47.696772599999974,-22.71410519999995,0 -47.69651189999996,-22.714090899999974,0 -47.69623379999996,-22.71409179999995,0 -47.695848499999954,-22.71411949999998,0 -47.69563339999996,-22.714185199999974,0 -47.695342799999935,-22.71431579999995,0 -47.695398299999965,-22.714149,0 -47.695398299999965,-22.71402519999998,0 -47.695367,-22.713927699999942,0 -47.694335799999976,-22.712644599999976,0 -47.694300099999964,-22.712567499999977,0 -47.694280299999946,-22.712465299999963,0 -47.694251,-22.71225009999995,0 -47.694237199999975,-22.712044399999968,0 -47.69419039999997,-22.711681099999964,0 -47.69399069999997,-22.71101859999993,0 -47.69397339999995,-22.71088249999997,0 -47.69397539999994,-22.710747399999946,0 -47.694023399999935,-22.710295299999927,0 -47.693953599999986,-22.710099499999956,0 -47.69368119999996,-22.709757499999967,0 -47.693057,-22.709464899999944,0 -47.692844,-22.709307,0 -47.692335199999945,-22.708395699999983,0 -47.69138639999994,-22.70643689999997,0 -47.691335,-22.706261299999937,0 -47.691309399999966,-22.706149299999936,0 -47.69131619999996,-22.706025099999977,0 -47.69134,-22.705920099999958,0 -47.691535399999964,-22.70559019999996,0 -47.69158319999997,-22.705472699999973,0 -47.691589799999974,-22.705391299999974,0 -47.691565899999944,-22.705335499999933,0 -47.690581899999984,-22.704506299999935,0 -47.690143,-22.704007499999932,0 -47.688959899999986,-22.702871199999947,0 -47.688527799999974,-22.70254049999994,0 -47.68814349999997,-22.70285659999996,0 -47.687125,-22.703804399999967,0 -47.68696159999996,-22.704053199999976,0 -47.68688539999994,-22.704209599999956,0 -47.686843899999985,-22.704342199999928,0 -47.686910599999976,-22.704502599999955,0 -47.686927099999934,-22.704686799999934,0 -47.68652069999996,-22.70685489999994,0 -47.686368699999946,-22.707293899999968,0 -47.68516409999995,-22.70649839999993,0 -47.684750399999984,-22.707250599999952,0 -47.68228639999995,-22.709744899999976,0 -47.68150639999993,-22.710673,0 -47.677635099999975,-22.70783169999993,0 -47.676250299999936,-22.706852,0 -47.676338199999975,-22.707167699999957,0 -47.67647269999998,-22.70793729999997,0 -47.676499099999944,-22.708589099999983,0 -47.676504,-22.709412,0 -47.67654539999995,-22.710084199999983,0 -47.676606,-22.710707199999945,0 -47.67662919999998,-22.711392099999955,0 -47.67663539999995,-22.711884699999928,0 -47.676679699999966,-22.71242289999998,0 -47.67675329999997,-22.71294089999998,0 -47.67684639999993,-22.713474,0 -47.676936599999976,-22.713898899999947,0 -47.677097799999956,-22.71455679999997,0 -47.677203,-22.71515919999996,0 -47.677162399999986,-22.715620399999978,0 -47.677079299999946,-22.716213099999948,0 -47.67692819999996,-22.716813,0 -47.676821899999936,-22.717254899999944,0 -47.67665859999994,-22.717690199999936,0 -47.67731229999998,-22.717404399999964,0 -47.677355199999965,-22.717385599999943,0 -47.67743849999994,-22.71734829999997,0 -47.677481899999975,-22.71732869999994,0 -47.677990299999976,-22.717093499999976,0 -47.67801509999998,-22.716991399999927,0 -47.67821769999995,-22.71689669999995,0 -47.67826689999998,-22.71697419999998,0 -47.678954799999985,-22.716664,0 -47.680142,-22.716478,0</coordinates></LinearRing></outerBoundaryIs></Polygon></MultiGeometry>
</Placemark>
<Placemark>
<name>Nhô Quim</name>
<ExtendedData>
<Data name="CD_BAIRRO"><value>3538709047</value></Data>
<Data name="NM_BAIRRO"><value>Nhô Quim</value></Data>
<Data name="2000"><value>856.5589285714286</value></Data><Data name="2010"><value>2485.4574522949974</value></Data><Data name="2022"><value>3287.5</value></Data><Data name="delta 00 - 10"><value>1.901677128554658</value></Data><Data name="delta 10 - 22"><value>0.3226941370347822</value></Data>
</ExtendedData>
<Style>
<LineStyle><color>ff666666</color><width>1</width></LineStyle>
<PolyStyle><color>4dcccccc</color></PolyStyle>
</Style>
<MultiGeometry><Polygon><outerBoundaryIs><LinearRing><coordinates>-47.664475299999935,-22.706245,0 -47.66493249999996,-22.706526199999928,0 -47.665024399999936,-22.70653889999994,0 -47.66510269999998,-22.70649609999998,0 -47.665553399999965,-22.706062299999928,0 -47.66634009999996,-22.70533649999993,0 -47.667546399999935,-22.704196799999977,0 -47.667983499999934,-22.7046,0 -47.668408899999974,-22.705003199999965,0 -47.669038299999954,-22.705616,0 -47.669277199999954,-22.705825699999934,0 -47.66955389999998,-22.70598689999997,0 -47.66963939999994,-22.705981399999928,0 -47.67048939999995,-22.705344599999933,0 -47.67122109999997,-22.704768399999978,0 -47.672086099999945,-22.704102699999964,0 -47.672118599999976,-22.704077499999983,0 -47.67269109999995,-22.70363279999998,0 -47.67243929999995,-22.703418599999964,0 -47.67216909999996,-22.70312519999993,0 -47.67184929999996,-22.70271619999994,0 -47.67150769999995,-22.702277799999933,0 -47.67120929999993,-22.701889499999936,0 -47.67097869999998,-22.701496299999974,0 -47.67081329999996,-22.701169599999957,0 -47.67069449999997,-22.70073979999995,0 -47.67062379999993,-22.700321,0 -47.67057529999994,-22.699923699999943,0 -47.67054649999994,-22.69950019999993,0 -47.669420299999956,-22.699160099999972,0 -47.66938209999995,-22.699148599999944,0 -47.669342599999936,-22.69913639999993,0 -47.66923129999998,-22.699102099999948,0 -47.66910829999995,-22.699473499999954,0 -47.66889659999998,-22.700115099999948,0 -47.66876,-22.700481199999956,0 -47.66874539999998,-22.700520499999982,0 -47.668915899999945,-22.70053029999997,0 -47.66863619999998,-22.701110899999946,0 -47.66814089999997,-22.70152489999998,0 -47.667593099999976,-22.70153829999998,0 -47.667578799999944,-22.701409299999966,0 -47.667538899999954,-22.701404599999933,0 -47.667454599999985,-22.70139489999997,0 -47.667271,-22.701401199999964,0 -47.66699509999995,-22.70141669999998,0 -47.66677009999995,-22.701396599999953,0 -47.666529,-22.701399799999933,0 -47.66617139999994,-22.701412799999957,0 -47.66598339999996,-22.701409799999965,0 -47.665737699999966,-22.70140509999993,0 -47.66552869999998,-22.701395499999933,0 -47.665300599999966,-22.70135279999994,0 -47.66506889999994,-22.70125319999994,0 -47.66487689999997,-22.701139299999966,0 -47.66469719999998,-22.700973399999953,0 -47.664563499999986,-22.700808199999983,0 -47.66436129999994,-22.70052389999995,0 -47.664273099999946,-22.70042069999994,0 -47.66422069999993,-22.700359399999968,0 -47.66417949999993,-22.700311299999953,0 -47.66396649999996,-22.70003509999998,0 -47.66375429999994,-22.699837799999955,0 -47.66352759999995,-22.69966979999998,0 -47.66343759999995,-22.69962469999996,0 -47.663298199999986,-22.699576499999978,0 -47.66319619999996,-22.69955049999993,0 -47.66306519999995,-22.699537,0 -47.66287829999993,-22.699538599999983,0 -47.66274809999993,-22.699549799999943,0 -47.66264419999993,-22.699559499999964,0 -47.66253149999994,-22.69958409999998,0 -47.662442099999964,-22.699634499999945,0 -47.66232069999995,-22.699674899999934,0 -47.66220959999998,-22.699711899999954,0 -47.662081599999965,-22.699765199999945,0 -47.66195829999998,-22.69985369999995,0 -47.661631099999965,-22.700416,0 -47.661569199999974,-22.700614499999972,0 -47.661495499999944,-22.70075739999993,0 -47.66143869999996,-22.700907299999983,0 -47.66135559999998,-22.701170699999977,0 -47.66127229999995,-22.701336599999934,0 -47.66112769999995,-22.701526499999943,0 -47.66107929999998,-22.70156879999996,0 -47.661049,-22.70159519999993,0 -47.661014799999975,-22.701616199999933,0 -47.660922599999935,-22.701672499999972,0 -47.66078589999995,-22.701738899999953,0 -47.66059809999996,-22.701805599999943,0 -47.660401099999945,-22.701830599999937,0 -47.66018349999996,-22.701834,0 -47.65977549999997,-22.701819499999942,0 -47.65945829999998,-22.70180149999993,0 -47.659209299999986,-22.701799199999982,0 -47.65906279999996,-22.701808899999946,0 -47.658869599999946,-22.70186689999997,0 -47.658698399999935,-22.701959099999954,0 -47.65848269999998,-22.702160299999946,0 -47.658351,-22.702315299999952,0 -47.65832539999997,-22.702345299999934,0 -47.65840289999994,-22.70240119999994,0 -47.65925379999993,-22.70367529999993,0 -47.65996469999993,-22.704772,0 -47.660576599999956,-22.705664399999932,0 -47.66096709999994,-22.70625579999995,0 -47.661316699999986,-22.706766499999958,0 -47.661748,-22.707422399999928,0 -47.66231329999994,-22.70822869999995,0 -47.66319319999997,-22.707433099999946,0 -47.66397409999996,-22.706702,0 -47.664475299999935,-22.706245,0</coordinates></LinearRing></outerBoundaryIs></Polygon></MultiGeometry>
</Placemark>
<Placemark>
<name>Santa Helena</name>
<ExtendedData>
<Data name="CD_BAIRRO"><value>3538709068</value></Data>
<Data name="NM_BAIRRO"><value>Santa Helena</value></Data>
<Data name="2000"><value></value></Data><Data name="2010"><value></value></Data><Data name="2022"><value>4082.2</value></Data><Data name="delta 00 - 10"><value></value></Data><Data name="delta 10 - 22"><value></value></Data>
</ExtendedData>
<Style>
<LineStyle><color>ff666666</color><width>1</width></LineStyle>
<PolyStyle><color>4dcccccc</color></PolyStyle>
</Style>
<MultiGeometry><Polygon><outerBoundaryIs><LinearRing><coordinates>-47.673377699999946,-22.783885099999964,0 -47.67204319999996,-22.78338229999997,0 -47.67119859999997,-22.78306509999993,0 -47.670537499999966,-22.78380519999996,0 -47.66944059999997,-22.784942,0 -47.66835119999996,-22.785464599999955,0 -47.66783639999994,-22.785697399999947,0 -47.66785809999993,-22.78572379999997,0 -47.66790949999995,-22.785792199999946,0 -47.668452599999966,-22.786381499999948,0 -47.67016,-22.787968,0 -47.673270799999955,-22.790255399999978,0 -47.67374109999997,-22.78924589999997,0 -47.67418479999998,-22.788292799999965,0 -47.67436249999997,-22.787586199999964,0 -47.67443129999998,-22.787490699999978,0 -47.674522699999955,-22.787409599999933,0 -47.67513319999995,-22.787053799999967,0 -47.67491039999993,-22.786499,0 -47.67609609999994,-22.786412799999937,0 -47.676214899999934,-22.78550409999997,0 -47.67492519999996,-22.784911499999964,0 -47.674111299999936,-22.784455299999934,0 -47.673377699999946,-22.783885099999964,0</coordinates></LinearRing></outerBoundaryIs></Polygon></MultiGeometry>
</Placemark>
<Placemark>
<name>Campestre</name>
<ExtendedData>
<Data name="CD_BAIRRO"><value>3538709029</value></Data>
<Data name="NM_BAIRRO"><value>Campestre</value></Data>
<Data name="2000"><value>822.4827995255041</value></Data><Data name="2010"><value>2555.7649219467403</value></Data><Data name="2022"><value>3339.7</value></Data><Data name="delta 00 - 10"><value>2.1073779578383625</value></Data><Data name="delta 10 - 22"><value>0.3067320751300287</value></Data>
</ExtendedData>
<Style>
<LineStyle><color>ff666666</color><width>1</width></LineStyle>
<PolyStyle><color>4dcccccc</color></PolyStyle>
</Style>
<MultiGeometry><Polygon><outerBoundaryIs><LinearRing><coordinates>-47.65913,-22.760205499999927,0 -47.65716249999997,-22.75804779999993,0 -47.656822199999965,-22.75847559999994,0 -47.656368199999974,-22.758902,0 -47.65571449999993,-22.758213199999943,0 -47.65463109999996,-22.759087499999964,0 -47.65376829999997,-22.75978379999998,0 -47.653570799999954,-22.75997609999996,0 -47.65358809999998,-22.760007499999972,0 -47.65360249999998,-22.760033299999975,0 -47.65362619999996,-22.76007359999994,0 -47.653800099999955,-22.76026289999993,0 -47.65327089999994,-22.760680399999956,0 -47.65324339999995,-22.76065109999996,0 -47.65299079999994,-22.760381,0 -47.65228289999993,-22.759626,0 -47.65077239999994,-22.758019899999965,0 -47.651089799999966,-22.757741099999976,0 -47.65068359999998,-22.75729819999998,0 -47.650390699999946,-22.756964899999957,0 -47.650142,-22.756684099999973,0 -47.649796899999956,-22.75621229999996,0 -47.649235799999985,-22.75549149999995,0 -47.648634,-22.754705499999943,0 -47.64787329999996,-22.753669199999933,0 -47.647795,-22.753871799999956,0 -47.646998199999985,-22.755764299999953,0 -47.646382899999935,-22.757224699999938,0 -47.64631449999996,-22.75739189999996,0 -47.64624619999995,-22.757559199999946,0 -47.646140799999955,-22.757847899999945,0 -47.64602159999998,-22.758063299999947,0 -47.645883399999946,-22.75826969999997,0 -47.64581389999995,-22.758281199999942,0 -47.64574619999996,-22.758273799999927,0 -47.64567989999995,-22.758249399999954,0 -47.645633499999974,-22.75821019999995,0 -47.645595499999956,-22.758145799999966,0 -47.645623,-22.758397799999955,0 -47.64561839999993,-22.75855819999998,0 -47.64561469999995,-22.758730299999968,0 -47.64548739999998,-22.759147499999983,0 -47.645473599999946,-22.759193599999946,0 -47.645442199999934,-22.759301599999958,0 -47.645431299999984,-22.759339299999965,0 -47.64537429999996,-22.759557899999947,0 -47.64528939999997,-22.759948299999962,0 -47.64525119999996,-22.760139099999947,0 -47.645209499999964,-22.760351499999956,0 -47.645160299999986,-22.760682799999927,0 -47.64515409999996,-22.76072789999995,0 -47.645150599999965,-22.760757699999942,0 -47.645095599999934,-22.761357799999928,0 -47.645068099999946,-22.761815799999965,0 -47.645061699999985,-22.761855399999945,0 -47.64499519999998,-22.762269799999956,0 -47.64485769999993,-22.762696,0 -47.64483549999994,-22.76277659999994,0 -47.64482019999997,-22.76283239999998,0 -47.64479189999997,-22.762966199999937,0 -47.64482559999993,-22.763410799999974,0 -47.64484679999998,-22.763523799999973,0 -47.64489439999994,-22.763658299999975,0 -47.64508529999995,-22.763979699999936,0 -47.64524259999996,-22.764299799999947,0 -47.645353099999966,-22.764520699999935,0 -47.64541409999998,-22.76464249999998,0 -47.64548609999997,-22.76494729999996,0 -47.64558669999997,-22.76531689999996,0 -47.64569439999997,-22.765670799999953,0 -47.645818,-22.766025199999945,0 -47.646235299999944,-22.76698639999995,0 -47.64843019999995,-22.77204219999993,0 -47.648533499999985,-22.772244,0 -47.64905459999994,-22.77347409999993,0 -47.649076399999956,-22.773465599999952,0 -47.649113899999975,-22.773451,0 -47.64915089999994,-22.77343639999998,0 -47.649916,-22.773133799999982,0 -47.650282,-22.772977099999935,0 -47.65048649999994,-22.772913699999947,0 -47.65067629999993,-22.772927399999958,0 -47.65089949999998,-22.773069,0 -47.65102749999994,-22.773221899999953,0 -47.65112979999998,-22.77343039999994,0 -47.65127879999994,-22.773589,0 -47.65160629999997,-22.77367339999995,0 -47.651706,-22.773678299999972,0 -47.65192259999998,-22.773690399999964,0 -47.65219909999996,-22.773713099999952,0 -47.652367099999935,-22.773780899999963,0 -47.652459,-22.77387159999995,0 -47.65260289999998,-22.773988299999928,0 -47.652742599999954,-22.774113799999952,0 -47.65296379999995,-22.77422059999998,0 -47.65321529999994,-22.77430039999996,0 -47.653476299999966,-22.774386499999935,0 -47.65359069999994,-22.774444399999936,0 -47.65365809999997,-22.77452919999996,0 -47.65369769999995,-22.774632899999972,0 -47.65373129999995,-22.774767699999927,0 -47.65384969999997,-22.774880399999972,0 -47.653959,-22.77492989999996,0 -47.65413749999993,-22.774950399999966,0 -47.65438389999997,-22.775015,0 -47.654653,-22.77509329999998,0 -47.65496029999997,-22.775208299999974,0 -47.65513119999997,-22.77534,0 -47.65520319999996,-22.77538869999995,0 -47.655344499999956,-22.775393299999962,0 -47.65556049999998,-22.775374399999976,0 -47.65577469999994,-22.775341,0 -47.65597539999993,-22.775369,0 -47.65614539999996,-22.775487099999964,0 -47.65648629999998,-22.775777799999958,0 -47.65683949999993,-22.77608259999994,0 -47.65696879999996,-22.776222,0 -47.65706559999995,-22.77637649999997,0 -47.65708769999998,-22.77641179999995,0 -47.65709749999996,-22.77645089999993,0 -47.657108499999936,-22.776494799999966,0 -47.65706129999995,-22.776607599999977,0 -47.65702319999997,-22.776683099999957,0 -47.65705219999995,-22.776777599999946,0 -47.65720419999997,-22.776931599999955,0 -47.657426,-22.777094499999976,0 -47.65752329999998,-22.77725339999995,0 -47.65756779999998,-22.77747519999997,0 -47.65755509999997,-22.777731,0 -47.65759439999994,-22.77794789999996,0 -47.657732399999986,-22.778157799999974,0 -47.658158,-22.778471099999933,0 -47.65943949999996,-22.779512799999964,0 -47.660002599999984,-22.78000179999998,0 -47.660329099999956,-22.780246499999976,0 -47.66054879999996,-22.780388099999982,0 -47.66066639999997,-22.780387,0 -47.660749,-22.780344299999967,0 -47.66081809999997,-22.780341199999953,0 -47.661702899999966,-22.78089549999993,0 -47.6623,-22.781325,0 -47.662601,-22.78153919999994,0 -47.663383899999985,-22.782203599999946,0 -47.66344,-22.782251199999962,0 -47.66381409999997,-22.78254039999996,0 -47.66416119999997,-22.782798799999966,0 -47.667119499999956,-22.785124199999927,0 -47.667304599999966,-22.784932899999944,0 -47.66758429999993,-22.785197799999935,0 -47.667756,-22.785093699999948,0 -47.66832439999996,-22.785441399999968,0 -47.66835119999996,-22.785464599999955,0 -47.66944059999997,-22.784942,0 -47.670537499999966,-22.78380519999996,0 -47.67119859999997,-22.78306509999993,0 -47.67204319999996,-22.78338229999997,0 -47.672615399999984,-22.782709799999964,0 -47.67295279999996,-22.782930199999953,0 -47.67408089999998,-22.781632899999977,0 -47.673936599999934,-22.781534499999964,0 -47.67389419999995,-22.78150469999997,0 -47.673870499999964,-22.781535599999927,0 -47.67337119999996,-22.78210239999993,0 -47.67331739999997,-22.78205909999997,0 -47.672567399999934,-22.781490099999928,0 -47.674656599999935,-22.779040599999973,0 -47.67490029999993,-22.77876809999998,0 -47.675414399999966,-22.77837779999993,0 -47.675697499999956,-22.778020599999934,0 -47.67578489999994,-22.77782069999995,0 -47.67583129999997,-22.777654,0 -47.67581629999995,-22.777527199999952,0 -47.67568989999995,-22.777386199999967,0 -47.67526509999993,-22.777075899999943,0 -47.67613749999998,-22.776151699999957,0 -47.67950779999995,-22.772581299999956,0 -47.67962479999994,-22.77245739999995,0 -47.679877799999986,-22.772029699999962,0 -47.68030779999998,-22.770824499999947,0 -47.680443099999934,-22.770487,0 -47.68062119999996,-22.770280699999944,0 -47.680883,-22.77010809999996,0 -47.681159899999955,-22.769934099999944,0 -47.68174559999994,-22.76942589999993,0 -47.68109759999993,-22.76903989999994,0 -47.68101309999997,-22.76896119999998,0 -47.68066019999998,-22.768618799999956,0 -47.680431899999974,-22.76840119999997,0 -47.68014009999996,-22.768128599999955,0 -47.68001669999995,-22.76800739999993,0 -47.679538599999944,-22.767546599999946,0 -47.67915679999993,-22.76718189999997,0 -47.678927,-22.76691139999997,0 -47.678400599999975,-22.766290699999956,0 -47.67833639999998,-22.766344299999957,0 -47.678162499999985,-22.766502,0 -47.67811429999995,-22.766538499999967,0 -47.67783659999998,-22.76675979999993,0 -47.677043899999944,-22.765939,0 -47.67701459999995,-22.76591,0 -47.67667819999997,-22.766209599999968,0 -47.67670689999994,-22.766111499999965,0 -47.67667819999997,-22.766006799999957,0 -47.67660349999994,-22.76588789999994,0 -47.67641189999995,-22.765713699999935,0 -47.67617749999994,-22.76548889999998,0 -47.67592959999996,-22.765277699999956,0 -47.675766299999964,-22.76513879999993,0 -47.67567409999998,-22.765007099999934,0 -47.675499799999955,-22.76482889999994,0 -47.67537239999996,-22.76465819999993,0 -47.675316899999984,-22.764528,0 -47.675252099999966,-22.764382499999954,0 -47.67523129999995,-22.764256899999964,0 -47.67516379999995,-22.764101,0 -47.675126699999964,-22.763957,0 -47.67504119999995,-22.763799199999937,0 -47.67495569999994,-22.763709499999948,0 -47.674868,-22.763646199999982,0 -47.67472989999993,-22.763594499999954,0 -47.67462009999997,-22.763533499999937,0 -47.67454219999996,-22.76343339999994,0 -47.67439209999998,-22.763292199999967,0 -47.67424509999995,-22.763183899999945,0 -47.67410559999996,-22.76306,0 -47.67398049999997,-22.762950399999966,0 -47.67394879999995,-22.762850699999944,0 -47.67399759999995,-22.762638699999968,0 -47.67401629999995,-22.762478099999953,0 -47.67401279999996,-22.76237329999998,0 -47.67398449999996,-22.762306099999932,0 -47.67392509999996,-22.762235,0 -47.67378809999997,-22.762179599999968,0 -47.673612299999945,-22.76213279999996,0 -47.67347749999993,-22.76211,0 -47.673402399999986,-22.762116,0 -47.673341,-22.762102099999936,0 -47.673255,-22.762031599999943,0 -47.67321909999998,-22.761901299999977,0 -47.67314649999997,-22.761765799999978,0 -47.67307329999994,-22.76162789999995,0 -47.67299189999994,-22.76151679999998,0 -47.672795399999984,-22.76130939999996,0 -47.672644,-22.761126099999956,0 -47.67247169999996,-22.76090789999995,0 -47.67230609999996,-22.760771099999943,0 -47.67216829999995,-22.760687099999927,0 -47.67208089999997,-22.760648,0 -47.67201959999994,-22.76062049999996,0 -47.67174909999994,-22.760677399999963,0 -47.67166789999993,-22.760584499999936,0 -47.67154549999998,-22.76044749999994,0 -47.67151249999995,-22.760370399999942,0 -47.671468,-22.76023779999997,0 -47.671463,-22.760051,0 -47.67151729999995,-22.759698899999933,0 -47.67153779999995,-22.759243399999946,0 -47.67147749999998,-22.759031599999958,0 -47.67138219999998,-22.75885549999998,0 -47.671200399999975,-22.758585799999935,0 -47.67092059999993,-22.758340499999974,0 -47.670109,-22.757836699999928,0 -47.67004659999998,-22.75776869999993,0 -47.67002019999995,-22.75769759999997,0 -47.669897,-22.757284699999957,0 -47.669844599999976,-22.757186399999966,0 -47.669386799999984,-22.756728899999928,0 -47.66874729999995,-22.75625489999993,0 -47.66830139999996,-22.755066,0 -47.668219499999964,-22.754569199999935,0 -47.668187099999955,-22.753805799999952,0 -47.668224899999984,-22.75377659999998,0 -47.66836809999995,-22.753666099999975,0 -47.66834189999997,-22.753485499999954,0 -47.66826119999996,-22.753286599999967,0 -47.66818939999996,-22.75317579999995,0 -47.668167299999936,-22.753141699999958,0 -47.667998599999976,-22.753301499999964,0 -47.66736579999997,-22.753775599999983,0 -47.66691429999997,-22.754136399999936,0 -47.66644519999994,-22.754511399999956,0 -47.666075399999954,-22.754800099999954,0 -47.665481899999975,-22.755304399999943,0 -47.66536679999996,-22.755400599999973,0 -47.66449079999995,-22.756132599999944,0 -47.663986799999975,-22.75664869999997,0 -47.663663,-22.757029,0 -47.66297179999998,-22.757402,0 -47.661998799999935,-22.758151899999973,0 -47.66196729999996,-22.75817619999998,0 -47.66183369999993,-22.758287799999948,0 -47.66152979999998,-22.758573,0 -47.661118499999986,-22.75888139999995,0 -47.66066179999996,-22.759207199999935,0 -47.66003719999998,-22.75939509999995,0 -47.65959879999997,-22.75978349999997,0 -47.65913,-22.760205499999927,0</coordinates></LinearRing></outerBoundaryIs></Polygon></MultiGeometry>
</Placemark>
<Placemark>
<name>Jardim Itapuã</name>
<ExtendedData>
<Data name="CD_BAIRRO"><value>3538709033</value></Data>
<Data name="NM_BAIRRO"><value>Jardim Itapuã</value></Data>
<Data name="2000"><value>652.8718106995884</value></Data><Data name="2010"><value>2063.1289537712896</value></Data><Data name="2022"><value>2223.11</value></Data><Data name="delta 00 - 10"><value>2.1600827604434816</value></Data><Data name="delta 10 - 22"><value>0.07754292136527564</value></Data>
</ExtendedData>
<Style>
<LineStyle><color>ff666666</color><width>1</width></LineStyle>
<PolyStyle><color>4dcccccc</color></PolyStyle>
</Style>
<MultiGeometry><Polygon><outerBoundaryIs><LinearRing><coordinates>-47.663986799999975,-22.75664869999997,0 -47.66449079999995,-22.756132599999944,0 -47.66536679999996,-22.755400599999973,0 -47.665481899999975,-22.755304399999943,0 -47.666075399999954,-22.754800099999954,0 -47.66644519999994,-22.754511399999956,0 -47.66691429999997,-22.754136399999936,0 -47.66736579999997,-22.753775599999983,0 -47.667998599999976,-22.753301499999964,0 -47.66788239999994,-22.753206699999964,0 -47.66702379999998,-22.752664299999935,0 -47.66664689999993,-22.75236239999998,0 -47.666436499999975,-22.752128399999947,0 -47.666283599999986,-22.751837799999976,0 -47.665995399999986,-22.75102959999998,0 -47.66597479999996,-22.750808699999936,0 -47.666009,-22.75063289999997,0 -47.66605039999996,-22.750535399999933,0 -47.666004199999975,-22.750541299999952,0 -47.66589239999996,-22.75055549999996,0 -47.66568369999993,-22.75056459999996,0 -47.66548569999998,-22.75058489999998,0 -47.66536409999998,-22.75060739999998,0 -47.66527929999995,-22.750631899999973,0 -47.66511179999998,-22.75073279999998,0 -47.664911,-22.750831,0 -47.66471509999997,-22.75090979999993,0 -47.66458009999997,-22.75096209999998,0 -47.66449929999993,-22.750998799999934,0 -47.664404599999955,-22.750998799999934,0 -47.66432159999994,-22.750981199999956,0 -47.66419979999995,-22.750939699999947,0 -47.66403329999997,-22.750889599999937,0 -47.663878599999975,-22.75084929999997,0 -47.663703699999985,-22.750860299999943,0 -47.663591699999984,-22.750921199999937,0 -47.66350669999997,-22.750953,0 -47.66346809999993,-22.75096739999998,0 -47.66343159999997,-22.750984899999935,0 -47.663315599999976,-22.751040199999977,0 -47.66322239999994,-22.75107559999998,0 -47.66311639999998,-22.751109199999973,0 -47.66302729999995,-22.751109499999927,0 -47.662899,-22.75116639999993,0 -47.66274709999993,-22.75121489999998,0 -47.6626,-22.75123579999996,0 -47.66244819999997,-22.75125739999993,0 -47.662283499999944,-22.751320199999952,0 -47.66210929999994,-22.75135849999998,0 -47.66197,-22.751378399999965,0 -47.661845599999936,-22.75139059999998,0 -47.66174689999997,-22.751407,0 -47.661631399999976,-22.751440199999934,0 -47.661503799999934,-22.75144709999995,0 -47.66139789999994,-22.751411399999938,0 -47.66132739999995,-22.751365499999963,0 -47.66116729999993,-22.751332699999978,0 -47.66091729999994,-22.751305299999956,0 -47.660724899999934,-22.751255,0 -47.660495699999956,-22.751206699999955,0 -47.66025749999994,-22.75116559999998,0 -47.65989939999997,-22.75115909999994,0 -47.659515699999986,-22.751192599999968,0 -47.65920859999994,-22.751188599999978,0 -47.65904809999995,-22.75116769999994,0 -47.65899929999995,-22.75116129999998,0 -47.65901329999997,-22.751187399999935,0 -47.659167399999944,-22.75152829999996,0 -47.658329099999946,-22.75150569999994,0 -47.65758969999996,-22.751553299999955,0 -47.65769119999993,-22.751668,0 -47.65731379999994,-22.75200469999993,0 -47.65733719999997,-22.752044799999965,0 -47.65700059999995,-22.75233449999996,0 -47.656588899999974,-22.75212,0 -47.65646429999998,-22.751889499999947,0 -47.656694899999934,-22.751731699999937,0 -47.656593,-22.751504099999977,0 -47.656461699999966,-22.751487399999974,0 -47.65636439999997,-22.75149,0 -47.656253299999946,-22.75154639999994,0 -47.65614489999996,-22.751636099999928,0 -47.65607819999997,-22.751718099999948,0 -47.65607639999996,-22.751857599999937,0 -47.65616229999995,-22.752054099999953,0 -47.65631929999995,-22.752312599999982,0 -47.65648619999996,-22.75256289999993,0 -47.65727849999996,-22.753281399999935,0 -47.65800679999995,-22.754011599999956,0 -47.658029399999975,-22.754034299999944,0 -47.658699,-22.754755,0 -47.65963,-22.755707799999982,0 -47.66061089999994,-22.756698899999947,0 -47.66137189999995,-22.757533199999955,0 -47.66144909999997,-22.757616499999983,0 -47.66149519999993,-22.75766639999995,0 -47.66160359999998,-22.757783399999937,0 -47.66196729999996,-22.75817619999998,0 -47.661998799999935,-22.758151899999973,0 -47.66297179999998,-22.757402,0 -47.663663,-22.757029,0 -47.663986799999975,-22.75664869999997,0</coordinates></LinearRing></outerBoundaryIs></Polygon></MultiGeometry>
</Placemark>
<Placemark>
<name>Conceição</name>
<ExtendedData>
<Data name="CD_BAIRRO"><value>3538709021</value></Data>
<Data name="NM_BAIRRO"><value>Conceição</value></Data>
<Data name="2000"><value>674.9087837837837</value></Data><Data name="2010"><value>2715.090909090909</value></Data><Data name="2022"><value>3549.95</value></Data><Data name="delta 00 - 10"><value>3.0229005375646816</value></Data><Data name="delta 10 - 22"><value>0.3074884484028661</value></Data>
</ExtendedData>
<Style>
<LineStyle><color>ff666666</color><width>1</width></LineStyle>
<PolyStyle><color>4dcccccc</color></PolyStyle>
</Style>
<MultiGeometry><Polygon><outerBoundaryIs><LinearRing><coordinates>-47.55783509999998,-22.735383599999977,0 -47.557848699999965,-22.73543,0 -47.558041,-22.736087,0 -47.558124099999986,-22.73620829999993,0 -47.55819029999998,-22.736416,0 -47.558190699999955,-22.73666879999996,0 -47.558109799999954,-22.73693389999994,0 -47.55804109999997,-22.737359699999956,0 -47.55802929999993,-22.73768789999997,0 -47.55809279999994,-22.73806479999996,0 -47.558286399999986,-22.738277299999936,0 -47.55853109999998,-22.73845529999994,0 -47.55874769999997,-22.738772499999982,0 -47.558893299999966,-22.739095499999962,0 -47.559089,-22.73941549999995,0 -47.559324,-22.73964509999996,0 -47.55949369999996,-22.739800199999934,0 -47.55960729999998,-22.73997339999994,0 -47.55976359999994,-22.74026989999993,0 -47.55978849999997,-22.74056,0 -47.559779799999944,-22.741197099999965,0 -47.559662199999934,-22.742110499999967,0 -47.559523,-22.742676899999935,0 -47.55910239999997,-22.743181,0 -47.55868639999994,-22.743448499999943,0 -47.558630499999936,-22.743484399999943,0 -47.558573,-22.743520299999943,0 -47.558369899999946,-22.74364719999994,0 -47.557704599999965,-22.744007,0 -47.557483599999955,-22.74418609999998,0 -47.55735759999993,-22.744424799999933,0 -47.55743189999998,-22.74535359999993,0 -47.55757659999995,-22.746329599999967,0 -47.55774319999995,-22.746600199999932,0 -47.557765,-22.746635699999956,0 -47.55778819999995,-22.74666979999995,0 -47.55800769999996,-22.746992099999943,0 -47.55880109999998,-22.748037199999942,0 -47.55880529999996,-22.74804279999995,0 -47.55948989999996,-22.748930799999982,0 -47.560516,-22.749699499999963,0 -47.561021799999935,-22.750247399999978,0 -47.56180989999996,-22.75114259999998,0 -47.56223579999994,-22.75157719999993,0 -47.56251759999998,-22.751930899999934,0 -47.56275469999997,-22.75261489999997,0 -47.56272429999996,-22.75300619999996,0 -47.56278179999998,-22.753714099999968,0 -47.56297329999995,-22.75419349999993,0 -47.563235,-22.754705199999933,0 -47.56345529999993,-22.755028299999935,0 -47.563645099999974,-22.755244799999957,0 -47.563899,-22.755418,0 -47.564276,-22.75573,0 -47.564696,-22.756447,0 -47.564978,-22.75702,0 -47.565191,-22.75751669999994,0 -47.56532079999994,-22.758071599999937,0 -47.565331,-22.75811509999994,0 -47.56539959999998,-22.758629499999927,0 -47.565677,-22.75908329999993,0 -47.56579929999998,-22.759599,0 -47.56576239999998,-22.760362399999963,0 -47.56566419999996,-22.76118839999998,0 -47.566004,-22.761106499999983,0 -47.56648139999993,-22.76093419999995,0 -47.568354,-22.760181099999954,0 -47.56878519999998,-22.760030899999947,0 -47.57106679999998,-22.759258099999954,0 -47.57127819999994,-22.759299599999963,0 -47.57166289999998,-22.759375,0 -47.57194849999996,-22.75946769999996,0 -47.572223099999974,-22.759604099999933,0 -47.57238669999998,-22.75972889999997,0 -47.572621,-22.75990989999997,0 -47.57298429999997,-22.760263,0 -47.57332489999993,-22.760565199999974,0 -47.57371989999996,-22.760867599999983,0 -47.57421379999994,-22.761187199999938,0 -47.574522,-22.761388199999942,0 -47.574851799999976,-22.76172379999997,0 -47.57519729999996,-22.762164199999972,0 -47.575549499999966,-22.762495,0 -47.576007499999946,-22.762819399999955,0 -47.57639759999995,-22.763101,0 -47.576689699999974,-22.76327459999993,0 -47.577097,-22.763448599999947,0 -47.57766869999995,-22.763766199999964,0 -47.578096899999935,-22.76398839999996,0 -47.578560799999934,-22.764127799999983,0 -47.57908619999995,-22.764229799999953,0 -47.57972739999997,-22.764352799999983,0 -47.58018189999996,-22.76443969999997,0 -47.580432299999984,-22.76453719999995,0 -47.58066149999996,-22.764688899999953,0 -47.58088819999995,-22.764902099999972,0 -47.58103369999998,-22.76520819999996,0 -47.58105329999995,-22.765492499999937,0 -47.58154689999998,-22.76499249999995,0 -47.58162,-22.76488319999993,0 -47.58175989999995,-22.764784299999974,0 -47.58202719999997,-22.764300299999945,0 -47.58226829999995,-22.76381809999998,0 -47.582701199999974,-22.76400669999998,0 -47.582786899999974,-22.764062399999943,0 -47.58283129999995,-22.764060899999947,0 -47.58291319999995,-22.764056799999935,0 -47.58295829999997,-22.764053899999965,0 -47.58342659999994,-22.76370449999996,0 -47.58346629999994,-22.76353949999998,0 -47.582038899999986,-22.762922299999957,0 -47.58046159999998,-22.762270799999953,0 -47.58075739999998,-22.76186789999997,0 -47.580976,-22.762022199999933,0 -47.581760299999985,-22.761512099999948,0 -47.58343389999993,-22.76022519999998,0 -47.58346569999998,-22.760203799999942,0 -47.58348689999997,-22.760189499999967,0 -47.58295979999997,-22.759960699999965,0 -47.58283319999998,-22.759926099999973,0 -47.58273749999995,-22.75991769999996,0 -47.58268,-22.759913899999958,0 -47.582620299999974,-22.75995779999994,0 -47.582473499999935,-22.760004699999968,0 -47.58233579999995,-22.760005199999966,0 -47.58216,-22.759943499999963,0 -47.582044,-22.759842799999944,0 -47.58197569999993,-22.759717299999977,0 -47.581956899999966,-22.75958369999995,0 -47.581983099999945,-22.759458699999982,0 -47.581209299999955,-22.759164099999964,0 -47.580838,-22.758971499999973,0 -47.580562,-22.758828499999936,0 -47.579953099999955,-22.758371,0 -47.57920809999996,-22.757632799999953,0 -47.578993699999955,-22.75737239999995,0 -47.57898259999996,-22.757285599999932,0 -47.579053,-22.757028,0 -47.579153,-22.756798699999933,0 -47.57930819999996,-22.756458899999927,0 -47.579449899999986,-22.755979199999956,0 -47.579463299999986,-22.75592839999996,0 -47.57949959999996,-22.755791699999975,0 -47.579602799999975,-22.75570719999996,0 -47.57972149999995,-22.75553229999997,0 -47.57980229999998,-22.755367099999944,0 -47.57982149999998,-22.755176699999936,0 -47.57979659999995,-22.754933299999948,0 -47.57977349999993,-22.754646099999945,0 -47.57980829999997,-22.754489099999944,0 -47.57987919999994,-22.754317399999934,0 -47.58004059999996,-22.754076399999974,0 -47.58028159999998,-22.753798399999937,0 -47.58044309999997,-22.75364469999994,0 -47.580533499999945,-22.75352049999998,0 -47.58065309999995,-22.753272299999935,0 -47.58073589999998,-22.75291429999993,0 -47.58082889999997,-22.75266469999997,0 -47.58093779999996,-22.752441499999975,0 -47.581165,-22.75227659999996,0 -47.581248699999946,-22.75215469999995,0 -47.58129239999994,-22.75206259999993,0 -47.58127609999997,-22.751923399999953,0 -47.58126409999994,-22.751718,0 -47.58126089999996,-22.751458199999945,0 -47.581307799999934,-22.751305799999955,0 -47.581321799999955,-22.751130099999955,0 -47.58131869999994,-22.75084839999994,0 -47.58129329999997,-22.750614799999937,0 -47.58122089999995,-22.750304,0 -47.58116659999996,-22.750089499999945,0 -47.581138899999985,-22.749783199999968,0 -47.58116389999998,-22.749611199999947,0 -47.58123219999993,-22.749398699999972,0 -47.581388699999934,-22.749076699999932,0 -47.58143389999998,-22.74889879999995,0 -47.581476,-22.748298,0 -47.581514,-22.747691,0 -47.581531,-22.746955,0 -47.581497,-22.746773,0 -47.58152,-22.74659,0 -47.581628799999976,-22.746316899999954,0 -47.581679,-22.746191,0 -47.58199629999996,-22.74575649999997,0 -47.58215359999997,-22.745574199999965,0 -47.582384899999965,-22.74548859999993,0 -47.58258639999997,-22.745471599999973,0 -47.58277339999995,-22.745377299999973,0 -47.58296089999993,-22.74525079999995,0 -47.58318259999993,-22.74504289999993,0 -47.58351049999993,-22.74473519999998,0 -47.583744499999966,-22.744572199999936,0 -47.58389179999995,-22.74449169999997,0 -47.584019499999954,-22.744413899999927,0 -47.584128799999974,-22.744294,0 -47.584187199999974,-22.744136199999957,0 -47.58416549999998,-22.744009699999935,0 -47.584169299999985,-22.743870199999947,0 -47.58423359999995,-22.743718599999966,0 -47.58434609999995,-22.74357219999996,0 -47.58440559999997,-22.74337049999997,0 -47.584465799999975,-22.74305419999996,0 -47.584582599999976,-22.742762399999947,0 -47.584730899999954,-22.742603199999962,0 -47.58487089999994,-22.74243789999997,0 -47.58519719999998,-22.74200369999994,0 -47.58491289999995,-22.741727099999935,0 -47.58488269999998,-22.741697699999975,0 -47.58506969999996,-22.74160029999996,0 -47.585285899999974,-22.741472,0 -47.585360399999956,-22.74142779999994,0 -47.58583149999998,-22.74110159999998,0 -47.58580889999996,-22.741068499999983,0 -47.58562829999994,-22.740803699999958,0 -47.58543249999997,-22.740543499999944,0 -47.58520109999995,-22.740403,0 -47.58496359999998,-22.74031789999998,0 -47.58475559999994,-22.74019979999997,0 -47.58457019999997,-22.739984799999945,0 -47.58439149999998,-22.739728899999932,0 -47.58417029999998,-22.739490399999966,0 -47.583966799999985,-22.739265099999955,0 -47.58374689999994,-22.73898889999998,0 -47.58355819999997,-22.73869579999996,0 -47.583446599999945,-22.738418,0 -47.58340849999996,-22.738175,0 -47.58334149999996,-22.73782549999993,0 -47.583242,-22.737433,0 -47.583268,-22.737131,0 -47.58330929999994,-22.73692189999997,0 -47.583392199999935,-22.736693599999967,0 -47.583477399999936,-22.736523099999943,0 -47.583513299999936,-22.73638,0 -47.583504199999936,-22.736226599999952,0 -47.58344409999995,-22.736124899999936,0 -47.583375,-22.735972299999958,0 -47.583376,-22.735822,0 -47.583421,-22.735685,0 -47.583477,-22.73562,0 -47.583475299999975,-22.73551809999998,0 -47.583410399999934,-22.73539859999994,0 -47.58338909999998,-22.73535929999997,0 -47.583356899999956,-22.735335599999928,0 -47.58325819999993,-22.735263,0 -47.58317039999997,-22.735198399999945,0 -47.58309049999997,-22.73508529999998,0 -47.58299789999995,-22.734922599999948,0 -47.58287709999996,-22.734596099999976,0 -47.58284209999994,-22.73423349999996,0 -47.582834799999944,-22.733892599999933,0 -47.582831099999964,-22.733729899999958,0 -47.58275659999998,-22.73353789999993,0 -47.582601,-22.73341659999994,0 -47.58245189999997,-22.733273,0 -47.58241829999997,-22.73308129999998,0 -47.58242329999996,-22.732739299999935,0 -47.58247369999998,-22.732507399999974,0 -47.58248119999996,-22.732295699999952,0 -47.582451,-22.73216869999993,0 -47.58228789999998,-22.731953,0 -47.582177,-22.731499,0 -47.582231,-22.731298,0 -47.582275,-22.731062,0 -47.582273,-22.730818,0 -47.582284,-22.730676,0 -47.582281499999965,-22.73053079999994,0 -47.582376299999964,-22.73039259999996,0 -47.58251539999998,-22.73026169999997,0 -47.58263679999993,-22.73014089999998,0 -47.582677,-22.729976299999976,0 -47.58268319999996,-22.729830899999968,0 -47.58262069999995,-22.72973849999994,0 -47.58243659999994,-22.729637599999933,0 -47.582419,-22.729517099999953,0 -47.58245229999994,-22.72934259999994,0 -47.582547499999976,-22.729177599999957,0 -47.58256749999998,-22.729075699999953,0 -47.582501599999944,-22.72895029999995,0 -47.582304599999986,-22.72880619999995,0 -47.582133099999965,-22.728662499999928,0 -47.581979299999944,-22.728493,0 -47.58191249999993,-22.728280499999983,0 -47.581917799999985,-22.727969599999938,0 -47.58186569999998,-22.727726599999983,0 -47.581793699999935,-22.72741949999994,0 -47.58171149999998,-22.727191,0 -47.581492099999934,-22.726989,0 -47.58117569999996,-22.72673489999994,0 -47.58099359999994,-22.72650159999995,0 -47.58081389999995,-22.726141499999983,0 -47.580667699999935,-22.725953799999957,0 -47.58041149999997,-22.725703099999976,0 -47.58023629999997,-22.72549559999993,0 -47.580003499999975,-22.725310699999966,0 -47.579755499999976,-22.725116799999967,0 -47.579600099999936,-22.72498159999998,0 -47.57943329999995,-22.724784399999976,0 -47.57926549999996,-22.724555,0 -47.57923839999995,-22.724518,0 -47.579210699999976,-22.724480099999937,0 -47.579191099999946,-22.72445349999998,0 -47.579204,-22.723292,0 -47.578993,-22.722734,0 -47.578871,-22.722093,0 -47.578651,-22.721359,0 -47.578405,-22.721007,0 -47.578147,-22.719834,0 -47.577885,-22.718939,0 -47.577798,-22.718085,0 -47.577555,-22.717004,0 -47.577197,-22.716216,0 -47.577176,-22.715499,0 -47.577082,-22.714438,0 -47.577037,-22.713756,0 -47.577095,-22.713188,0 -47.577039,-22.71297,0 -47.576263799999936,-22.71019089999993,0 -47.57546529999996,-22.709784599999978,0 -47.57486479999994,-22.709252799999945,0 -47.57417859999998,-22.70786329999993,0 -47.57376689999995,-22.707057,0 -47.573801199999934,-22.705993399999954,0 -47.573769,-22.705527,0 -47.573862,-22.705293,0 -47.57393,-22.705094,0 -47.573952,-22.70499,0 -47.573969,-22.704747,0 -47.573959,-22.704411,0 -47.573955,-22.70425,0 -47.573999,-22.704075,0 -47.57408689999994,-22.703957,0 -47.574229,-22.703895,0 -47.574365,-22.703892,0 -47.574475,-22.703843,0 -47.574587,-22.70384,0 -47.574745,-22.703743,0 -47.574778,-22.703604,0 -47.57476,-22.703407,0 -47.574706,-22.703247,0 -47.574676,-22.703074,0 -47.574692,-22.702796,0 -47.574741,-22.702772,0 -47.57473,-22.702402,0 -47.574765,-22.70232,0 -47.574835,-22.702191,0 -47.574874,-22.701809,0 -47.574956,-22.701656,0 -47.575099,-22.701456,0 -47.575219,-22.701325,0 -47.575479,-22.700914,0 -47.57556,-22.700715,0 -47.57573,-22.700606,0 -47.572198499999956,-22.692345099999955,0 -47.572181,-22.692306,0 -47.569331,-22.692468299999973,0 -47.56827769999995,-22.692528299999935,0 -47.56712369999997,-22.69261119999993,0 -47.56709749999993,-22.69265319999994,0 -47.566971799999976,-22.692854299999965,0 -47.56676119999997,-22.69304489999996,0 -47.56652569999994,-22.69329639999995,0 -47.56631,-22.693611199999964,0 -47.566094,-22.69394719999997,0 -47.56587909999996,-22.694176899999945,0 -47.56558929999994,-22.694507199999975,0 -47.56530559999993,-22.694796199999928,0 -47.56494669999995,-22.69522969999997,0 -47.56472009999993,-22.695581299999958,0 -47.564634299999966,-22.695967199999927,0 -47.56452929999995,-22.696518699999956,0 -47.56439369999998,-22.696941399999957,0 -47.564268099999936,-22.697261199999957,0 -47.564111699999955,-22.697599099999934,0 -47.563895,-22.69801289999998,0 -47.56363159999995,-22.698349399999927,0 -47.56348859999997,-22.698548899999935,0 -47.56329989999995,-22.69888789999993,0 -47.563191,-22.699055,0 -47.562968,-22.699561,0 -47.562823299999934,-22.699763299999972,0 -47.56273519999996,-22.699886499999934,0 -47.562692,-22.699947,0 -47.562543,-22.700213,0 -47.56242,-22.700549,0 -47.562371,-22.700693,0 -47.562147,-22.701103,0 -47.562049,-22.701368,0 -47.561903,-22.701740899999947,0 -47.56179549999996,-22.702049199999976,0 -47.56166829999995,-22.702300399999956,0 -47.56151559999995,-22.70265379999995,0 -47.56135139999998,-22.703320899999937,0 -47.56103959999996,-22.704147899999953,0 -47.560920899999985,-22.704344599999956,0 -47.560875099999976,-22.704420399999947,0 -47.56083209999997,-22.70446009999995,0 -47.56045849999998,-22.704804699999954,0 -47.560083,-22.705106199999932,0 -47.55916039999994,-22.705995499999972,0 -47.55906989999994,-22.70633479999998,0 -47.55914819999998,-22.706739399999947,0 -47.559487099999956,-22.707477899999958,0 -47.56008149999997,-22.70866259999997,0 -47.56027679999994,-22.709269699999936,0 -47.56033659999997,-22.709712399999944,0 -47.56016649999998,-22.71061519999995,0 -47.55970219999995,-22.711850599999934,0 -47.55890149999993,-22.71334669999993,0 -47.558725,-22.714097399999957,0 -47.55879349999998,-22.714337299999954,0 -47.55910239999997,-22.714501499999983,0 -47.559330699999975,-22.714603199999942,0 -47.55940419999996,-22.714636,0 -47.55972449999996,-22.714778799999976,0 -47.5608,-22.715502399999934,0 -47.56094959999996,-22.715829799999938,0 -47.56092679999995,-22.716166699999974,0 -47.560752399999956,-22.71663669999998,0 -47.56062479999997,-22.717096699999956,0 -47.560521,-22.717479099999935,0 -47.56042329999997,-22.717898699999978,0 -47.560335399999985,-22.718202599999927,0 -47.560241099999985,-22.718522699999937,0 -47.56020929999994,-22.71880459999994,0 -47.56021949999996,-22.719072299999937,0 -47.560170899999946,-22.71935929999995,0 -47.56009309999996,-22.719624599999975,0 -47.55994959999998,-22.719806199999937,0 -47.55987109999995,-22.719936899999936,0 -47.55961909999996,-22.720139599999982,0 -47.55940739999994,-22.720271099999934,0 -47.559113099999934,-22.72056189999995,0 -47.55875009999994,-22.72090369999995,0 -47.55851629999995,-22.721181599999966,0 -47.55844519999994,-22.721492099999978,0 -47.558352499999955,-22.721948699999928,0 -47.558324899999946,-22.722405799999933,0 -47.558269199999984,-22.722756199999935,0 -47.55813639999997,-22.723431,0 -47.557937599999946,-22.724043799999947,0 -47.55779169999994,-22.72451049999995,0 -47.55774239999994,-22.724668299999962,0 -47.55763669999993,-22.725047599999982,0 -47.55758049999997,-22.72544769999996,0 -47.557549,-22.72578219999997,0 -47.55751759999998,-22.726082299999973,0 -47.55751449999997,-22.72629569999998,0 -47.55750739999996,-22.72636689999996,0 -47.55750339999997,-22.726407199999983,0 -47.55749769999994,-22.726447699999937,0 -47.55749049999997,-22.726498899999967,0 -47.557476399999985,-22.726569599999948,0 -47.55746809999994,-22.726611299999945,0 -47.557457899999974,-22.726652,0 -47.557452299999966,-22.72667439999998,0 -47.55744839999994,-22.72670119999998,0 -47.55744249999998,-22.726742399999978,0 -47.557437,-22.726782899999932,0 -47.557435399999974,-22.726795099999947,0 -47.557429799999966,-22.72683669999998,0 -47.55742339999995,-22.726876299999958,0 -47.55740549999996,-22.726987599999973,0 -47.55737369999997,-22.727196899999967,0 -47.557351,-22.727597299999957,0 -47.55738139999994,-22.72796,0 -47.55739539999996,-22.728401299999973,0 -47.55738649999995,-22.728850699999953,0 -47.557368,-22.729196,0 -47.557329799999934,-22.72957109999993,0 -47.55723509999996,-22.730041,0 -47.557147499999985,-22.730551099999957,0 -47.55706929999997,-22.731122599999935,0 -47.557052399999975,-22.731528199999957,0 -47.557057,-22.731783099999973,0 -47.55702069999995,-22.732163299999968,0 -47.55699549999997,-22.732507899999973,0 -47.557016199999964,-22.732903799999974,0 -47.557077,-22.733244,0 -47.55715639999994,-22.73345539999997,0 -47.557270399999936,-22.733741099999975,0 -47.55738259999998,-22.73405249999996,0 -47.55747679999996,-22.73443179999998,0 -47.55763839999997,-22.73482,0 -47.55769249999997,-22.734979099999975,0 -47.557751199999984,-22.73518779999995,0 -47.55781409999997,-22.735334699999953,0 -47.55783509999998,-22.735383599999977,0</coordinates></LinearRing></outerBoundaryIs></Polygon></MultiGeometry>
</Placemark>
<Placemark>
<name>Piracicamirim</name>
<ExtendedData>
<Data name="CD_BAIRRO"><value>3538709008</value></Data>
<Data name="NM_BAIRRO"><value>Piracicamirim</value></Data>
<Data name="2000"><value>963.309067357513</value></Data><Data name="2010"><value>2878.5751161590088</value></Data><Data name="2022"><value>3529.59</value></Data><Data name="delta 00 - 10"><value>1.9882155309254272</value></Data><Data name="delta 10 - 22"><value>0.22615872699881637</value></Data>
</ExtendedData>
<Style>
<LineStyle><color>ff666666</color><width>1</width></LineStyle>
<PolyStyle><color>4dcccccc</color></PolyStyle>
</Style>
<MultiGeometry><Polygon><outerBoundaryIs><LinearRing><coordinates>-47.62696209999996,-22.746558499999935,0 -47.626940099999956,-22.746437,0 -47.62690009999994,-22.746262299999955,0 -47.62689259999996,-22.746156799999937,0 -47.626879299999985,-22.746051,0 -47.62684849999994,-22.745919199999946,0 -47.62677389999993,-22.745737799999972,0 -47.62671889999996,-22.745599599999935,0 -47.626676799999984,-22.74540369999994,0 -47.62664659999996,-22.74528639999994,0 -47.62662689999996,-22.745150399999943,0 -47.62663889999993,-22.745020299999965,0 -47.62958069999996,-22.746321399999943,0 -47.62961729999995,-22.746337599999947,0 -47.62987659999993,-22.74581089999998,0 -47.62994249999997,-22.74561209999996,0 -47.630134699999985,-22.74523369999997,0 -47.63035149999996,-22.744850199999973,0 -47.63062189999994,-22.74449569999996,0 -47.63079339999996,-22.744248899999945,0 -47.630872599999975,-22.744102099999964,0 -47.63089549999995,-22.744060299999944,0 -47.63096619999993,-22.743963599999972,0 -47.63094,-22.743931799999928,0 -47.630868,-22.743844,0 -47.630857799999944,-22.74382929999996,0 -47.63073779999996,-22.743631599999958,0 -47.63059709999993,-22.74337859999997,0 -47.63058079999996,-22.743338499999936,0 -47.63052559999994,-22.74315789999997,0 -47.63050789999994,-22.743073299999935,0 -47.630478299999936,-22.742872499999976,0 -47.63047069999993,-22.74280719999996,0 -47.63046239999994,-22.74261409999997,0 -47.63046409999998,-22.742516699999953,0 -47.630468399999984,-22.74245959999996,0 -47.63048259999994,-22.74233289999995,0 -47.63048489999994,-22.74232,0 -47.63048909999998,-22.742304099999956,0 -47.63054169999998,-22.74216629999995,0 -47.63132929999995,-22.74059969999996,0 -47.63133039999997,-22.740596899999957,0 -47.63133369999997,-22.740598499999976,0 -47.631370199999935,-22.740615699999978,0 -47.631564,-22.73999079999993,0 -47.631516199999965,-22.73965529999998,0 -47.631422,-22.739445099999955,0 -47.63121929999994,-22.739079499999946,0 -47.63090569999997,-22.738632,0 -47.630864299999985,-22.73852549999998,0 -47.63084079999993,-22.738440499999967,0 -47.630838799999935,-22.73830179999993,0 -47.63083059999997,-22.738215599999933,0 -47.63079609999994,-22.738125599999933,0 -47.630733099999986,-22.73804119999994,0 -47.63067259999997,-22.737978,0 -47.63056789999996,-22.73792229999998,0 -47.63050259999994,-22.737896,0 -47.630318699999975,-22.737934799999948,0 -47.630163,-22.73799719999994,0 -47.630074899999954,-22.738067199999932,0 -47.630012599999986,-22.73815469999994,0 -47.62992,-22.73830929999997,0 -47.629907799999955,-22.73836549999993,0 -47.629672,-22.73845689999996,0 -47.62951469999996,-22.738500199999976,0 -47.62931119999996,-22.738549199999966,0 -47.62882979999995,-22.738635699999975,0 -47.62836109999995,-22.73872309999996,0 -47.62784769999996,-22.73873519999995,0 -47.62722659999997,-22.738759699999946,0 -47.62643029999998,-22.73879069999998,0 -47.62578789999998,-22.73881849999998,0 -47.62568529999993,-22.738838,0 -47.62514619999996,-22.739045499999975,0 -47.62452719999993,-22.739202099999943,0 -47.624489,-22.739211799999964,0 -47.624481199999934,-22.739192199999934,0 -47.62386249999997,-22.739386599999932,0 -47.623275199999966,-22.739565,0 -47.62264959999993,-22.739789799999983,0 -47.62207209999997,-22.73999189999995,0 -47.62146709999996,-22.740203599999973,0 -47.62102179999994,-22.740365699999927,0 -47.62087769999994,-22.740417099999945,0 -47.620482799999934,-22.740555899999947,0 -47.619725,-22.740828699999952,0 -47.619592799999964,-22.740885499999933,0 -47.619388399999934,-22.740983599999936,0 -47.61863529999994,-22.741383,0 -47.61855469999995,-22.741417799999965,0 -47.61789219999997,-22.741679499999975,0 -47.61790649999995,-22.741696599999955,0 -47.618905799999936,-22.74285969999994,0 -47.619577799999945,-22.74359869999995,0 -47.62057269999997,-22.744537799999932,0 -47.62137779999995,-22.745459299999936,0 -47.62231989999998,-22.746555,0 -47.622344199999986,-22.74657659999997,0 -47.62227729999995,-22.746742499999982,0 -47.622143499999936,-22.747146199999975,0 -47.62212479999994,-22.747217199999966,0 -47.62206349999997,-22.747425199999952,0 -47.62196719999997,-22.747757499999977,0 -47.621912099999975,-22.747959699999967,0 -47.62189109999997,-22.74805559999993,0 -47.62184979999995,-22.748301399999946,0 -47.62182649999994,-22.748488299999963,0 -47.62180109999997,-22.748706,0 -47.62184259999998,-22.74868129999993,0 -47.62188629999997,-22.748655,0 -47.62439869999997,-22.747145699999976,0 -47.62467049999998,-22.747027,0 -47.62487349999998,-22.746947,0 -47.62504439999998,-22.74688889999993,0 -47.62568429999993,-22.746707,0 -47.62599179999995,-22.746631299999933,0 -47.62629829999997,-22.746585899999957,0 -47.626527299999964,-22.746574099999975,0 -47.626811,-22.746564,0 -47.62696209999996,-22.746558499999935,0</coordinates></LinearRing></outerBoundaryIs></Polygon></MultiGeometry>
</Placemark>
<Placemark>
<name>Ondinhas</name>
<ExtendedData>
<Data name="CD_BAIRRO"><value>3538709062</value></Data>
<Data name="NM_BAIRRO"><value>Ondinhas</value></Data>
<Data name="2000"><value>754.4280303030303</value></Data><Data name="2010"><value>2225.0697674418607</value></Data><Data name="2022"><value>5228.89</value></Data><Data name="delta 00 - 10"><value>1.949346628263692</value></Data><Data name="delta 10 - 22"><value>1.3499892347248061</value></Data>
</ExtendedData>
<Style>
<LineStyle><color>ff666666</color><width>1</width></LineStyle>
<PolyStyle><color>4dcccccc</color></PolyStyle>
</Style>
<MultiGeometry><Polygon><outerBoundaryIs><LinearRing><coordinates>-47.68530049999998,-22.691473,0 -47.68528639999994,-22.691530799999953,0 -47.68516939999995,-22.692011899999954,0 -47.685292,-22.69239,0 -47.685482099999945,-22.692674099999977,0 -47.68553269999995,-22.69285149999996,0 -47.68550509999994,-22.693115599999942,0 -47.68552049999994,-22.693388699999957,0 -47.685647899999935,-22.693916599999966,0 -47.68646329999996,-22.696181,0 -47.686617,-22.69628689999996,0 -47.68664669999998,-22.69635,0 -47.686657699999955,-22.696441599999957,0 -47.686634,-22.696577499999933,0 -47.68661169999996,-22.69677459999997,0 -47.68661569999995,-22.69692029999993,0 -47.68663819999995,-22.697043899999983,0 -47.68671309999996,-22.697221299999967,0 -47.68686779999996,-22.697538399999928,0 -47.68700359999997,-22.697769199999982,0 -47.68709729999995,-22.69790359999996,0 -47.68717129999993,-22.698065499999927,0 -47.68726779999997,-22.69829569999996,0 -47.68750419999998,-22.698290199999974,0 -47.68828149999996,-22.698359799999935,0 -47.68874939999995,-22.698954399999934,0 -47.688792,-22.699097499999937,0 -47.68893889999998,-22.699298599999963,0 -47.68937009999996,-22.699876699999948,0 -47.68979159999998,-22.700277,0 -47.68997529999996,-22.700508,0 -47.69027779999993,-22.70094819999997,0 -47.689942,-22.701047699999947,0 -47.689534099999946,-22.701201,0 -47.689397499999984,-22.701274699999942,0 -47.689286599999946,-22.70135579999993,0 -47.68915709999993,-22.70148839999996,0 -47.689095399999985,-22.701575799999944,0 -47.68880089999993,-22.701997699999936,0 -47.688527799999974,-22.70254049999994,0 -47.688959899999986,-22.702871199999947,0 -47.690143,-22.704007499999932,0 -47.690581899999984,-22.704506299999935,0 -47.691565899999944,-22.705335499999933,0 -47.691589799999974,-22.705391299999974,0 -47.69158319999997,-22.705472699999973,0 -47.691535399999964,-22.70559019999996,0 -47.69134,-22.705920099999958,0 -47.69131619999996,-22.706025099999977,0 -47.691309399999966,-22.706149299999936,0 -47.691335,-22.706261299999937,0 -47.69138639999994,-22.70643689999997,0 -47.692335199999945,-22.708395699999983,0 -47.692844,-22.709307,0 -47.693057,-22.709464899999944,0 -47.69368119999996,-22.709757499999967,0 -47.693953599999986,-22.710099499999956,0 -47.694023399999935,-22.710295299999927,0 -47.69397539999994,-22.710747399999946,0 -47.69397339999995,-22.71088249999997,0 -47.69399069999997,-22.71101859999993,0 -47.69419039999997,-22.711681099999964,0 -47.694237199999975,-22.712044399999968,0 -47.694251,-22.71225009999995,0 -47.694280299999946,-22.712465299999963,0 -47.694300099999964,-22.712567499999977,0 -47.694335799999976,-22.712644599999976,0 -47.695367,-22.713927699999942,0 -47.695398299999965,-22.71402519999998,0 -47.695398299999965,-22.714149,0 -47.695342799999935,-22.71431579999995,0 -47.69563339999996,-22.714185199999974,0 -47.695848499999954,-22.71411949999998,0 -47.69623379999996,-22.71409179999995,0 -47.69651189999996,-22.714090899999974,0 -47.696772599999974,-22.71410519999995,0 -47.69691259999996,-22.714139199999977,0 -47.69703469999996,-22.714215,0 -47.69706329999997,-22.71423429999993,0 -47.69708689999993,-22.714201299999957,0 -47.69711459999996,-22.714163799999938,0 -47.69718419999998,-22.714071899999965,0 -47.69719889999993,-22.71400319999998,0 -47.69716949999997,-22.71395309999997,0 -47.69704509999997,-22.713927099999978,0 -47.696879,-22.71388049999996,0 -47.69677559999997,-22.713832699999955,0 -47.69665889999993,-22.71381,0 -47.696554599999956,-22.713797,0 -47.69646749999998,-22.71381729999996,0 -47.69634929999995,-22.713903699999946,0 -47.69624959999993,-22.71394209999994,0 -47.69615339999996,-22.713915199999974,0 -47.696049699999946,-22.713812899999937,0 -47.69596039999993,-22.71376269999996,0 -47.69587309999997,-22.713688599999955,0 -47.69581379999994,-22.713593899999978,0 -47.69577259999994,-22.71349,0 -47.695776199999955,-22.71340269999996,0 -47.695833,-22.713297599999976,0 -47.69592769999997,-22.71326279999994,0 -47.69608479999994,-22.713231599999972,0 -47.69622059999995,-22.713245,0 -47.69634649999995,-22.71325879999995,0 -47.69643439999993,-22.713239899999962,0 -47.696588599999984,-22.713152099999945,0 -47.69670549999995,-22.713090299999976,0 -47.69685839999994,-22.71307459999997,0 -47.696997599999975,-22.713086699999963,0 -47.69716469999997,-22.713163,0 -47.69738189999998,-22.71319589999996,0 -47.697589799999946,-22.713201,0 -47.697736299999974,-22.71314559999996,0 -47.697842399999956,-22.713130299999932,0 -47.697968199999934,-22.713139299999966,0 -47.69817119999993,-22.713131399999952,0 -47.69840549999998,-22.713159299999973,0 -47.69860589999996,-22.71317369999997,0 -47.698806,-22.713175299999932,0 -47.699040199999956,-22.713156599999934,0 -47.69922029999998,-22.713112299999977,0 -47.69943139999998,-22.71308609999994,0 -47.69963859999996,-22.713071199999945,0 -47.699875599999984,-22.71308,0 -47.700072699999964,-22.71306919999995,0 -47.70020309999995,-22.713020599999936,0 -47.70028279999997,-22.712948599999947,0 -47.700325099999986,-22.71284369999995,0 -47.700318799999934,-22.71273979999995,0 -47.70033059999997,-22.71267039999998,0 -47.70036859999993,-22.712614299999927,0 -47.70046449999995,-22.712574099999927,0 -47.70060149999995,-22.712567699999965,0 -47.70085569999998,-22.71260189999998,0 -47.701003199999946,-22.71263739999995,0 -47.70119269999998,-22.71262509999997,0 -47.701349,-22.71261,0 -47.70145739999998,-22.71263749999997,0 -47.701572399999975,-22.712709399999937,0 -47.70165859999997,-22.71274879999993,0 -47.70177019999994,-22.71274939999995,0 -47.70189519999997,-22.712720299999944,0 -47.701977699999986,-22.712644199999943,0 -47.70203249999997,-22.712578599999972,0 -47.70204119999994,-22.712513299999955,0 -47.702016,-22.712428599999953,0 -47.70199809999997,-22.712364,0 -47.701998499999945,-22.71226649999994,0 -47.70203759999998,-22.71216469999996,0 -47.702104099999985,-22.712123799999972,0 -47.702212,-22.712105099999974,0 -47.702337099999966,-22.712117099999944,0 -47.70247219999993,-22.712139399999955,0 -47.702644,-22.712182499999983,0 -47.70275749999996,-22.71223649999996,0 -47.70289349999996,-22.712265,0 -47.70305749999994,-22.712254,0 -47.70326179999995,-22.71221319999995,0 -47.70336139999995,-22.712196399999982,0 -47.70347119999997,-22.71215479999995,0 -47.70357569999993,-22.712064699999928,0 -47.70365549999997,-22.71197139999998,0 -47.703753,-22.71189929999997,0 -47.70383689999994,-22.711823,0 -47.70389339999997,-22.71176,0 -47.70392739999994,-22.711645699999963,0 -47.70394889999994,-22.711526299999946,0 -47.70395369999994,-22.711392899999964,0 -47.70395309999998,-22.711321,0 -47.70392969999995,-22.711208899999974,0 -47.70388139999994,-22.71106919999994,0 -47.70380409999996,-22.71093129999997,0 -47.703695599999946,-22.710816499999964,0 -47.703576,-22.71067,0 -47.70351329999994,-22.71056559999994,0 -47.70350519999994,-22.710410199999956,0 -47.703520099999935,-22.710148499999946,0 -47.70355579999995,-22.709914099999935,0 -47.70362669999997,-22.709573499999976,0 -47.70367319999997,-22.709383899999978,0 -47.70369059999996,-22.70922539999998,0 -47.703676299999984,-22.709112,0 -47.703628599999945,-22.70893659999996,0 -47.70356949999996,-22.70879789999998,0 -47.703494,-22.708652,0 -47.70341369999994,-22.708502599999974,0 -47.70332039999994,-22.70831789999994,0 -47.70321759999996,-22.708114699999953,0 -47.703143799999964,-22.708029,0 -47.703116499999965,-22.707960199999945,0 -47.703109,-22.70787269999994,0 -47.70313669999996,-22.707774099999938,0 -47.703207299999974,-22.707709499999964,0 -47.703391299999964,-22.707640599999934,0 -47.703556499999934,-22.707619,0 -47.70378419999997,-22.707623499999954,0 -47.703984,-22.707653499999935,0 -47.70443789999996,-22.707667699999945,0 -47.70479359999996,-22.707688,0 -47.70507429999998,-22.70771119999995,0 -47.70518459999994,-22.707743499999935,0 -47.70533339999997,-22.70772919999996,0 -47.705498399999954,-22.707707599999935,0 -47.70567479999994,-22.707705199999964,0 -47.70579379999998,-22.707707599999935,0 -47.70591269999994,-22.707745599999953,0 -47.706027,-22.707757199999946,0 -47.706143,-22.707758399999932,0 -47.70629589999993,-22.707708499999967,0 -47.70643559999996,-22.707641899999942,0 -47.706546,-22.707572599999935,0 -47.70659409999996,-22.707485799999972,0 -47.70665779999996,-22.707358399999976,0 -47.70671059999995,-22.70729319999998,0 -47.706785699999955,-22.707285,0 -47.706878899999936,-22.707307799999967,0 -47.70694589999994,-22.707350799999972,0 -47.706964899999946,-22.707466799999963,0 -47.706954199999984,-22.70764689999993,0 -47.70695379999995,-22.707809399999974,0 -47.706978799999945,-22.707891399999937,0 -47.707033499999966,-22.707947699999977,0 -47.707124299999975,-22.707943899999975,0 -47.70720509999995,-22.707888599999933,0 -47.70733009999998,-22.707726699999967,0 -47.707456599999944,-22.70757839999993,0 -47.70755249999996,-22.707533,0 -47.70771079999997,-22.70741709999993,0 -47.70794989999996,-22.707274299999938,0 -47.707741699999985,-22.707098299999927,0 -47.70739089999995,-22.706780899999956,0 -47.70704839999996,-22.70634659999996,0 -47.70674769999994,-22.705728499999964,0 -47.70652219999994,-22.70485139999994,0 -47.70651379999998,-22.704032799999936,0 -47.70662239999996,-22.703406299999983,0 -47.706831199999954,-22.702671299999963,0 -47.70695929999994,-22.702309299999968,0 -47.707276699999966,-22.701574299999947,0 -47.70756069999993,-22.70054689999995,0 -47.70770269999997,-22.699018299999977,0 -47.707686,-22.69773189999995,0 -47.707719399999974,-22.696930099999975,0 -47.707686,-22.696270199999958,0 -47.70764429999997,-22.695769,0 -47.70751059999998,-22.69530119999996,0 -47.70734349999998,-22.694858499999953,0 -47.70715979999994,-22.694557799999927,0 -47.706909199999984,-22.694365699999935,0 -47.70675049999994,-22.69416519999993,0 -47.70431839999998,-22.691734699999927,0 -47.703885699999944,-22.691289799999936,0 -47.70361379999997,-22.690975799999933,0 -47.70334079999998,-22.690577899999937,0 -47.703085499999986,-22.690291099999968,0 -47.70277379999993,-22.69011439999997,0 -47.70227609999995,-22.689911799999948,0 -47.701571799999954,-22.689791699999944,0 -47.70076889999996,-22.689734899999962,0 -47.69956029999997,-22.689728599999967,0 -47.69885879999998,-22.68966919999997,0 -47.69817909999995,-22.689577,0 -47.69746159999994,-22.689459,0 -47.69653909999994,-22.689239699999973,0 -47.695804599999974,-22.68908609999994,0 -47.69512019999996,-22.688990199999978,0 -47.694371599999954,-22.68894169999993,0 -47.69299349999994,-22.688954699999954,0 -47.691904,-22.688941099999965,0 -47.69117249999994,-22.688892599999974,0 -47.690369299999986,-22.68880379999996,0 -47.68913269999996,-22.688895099999968,0 -47.68866749999995,-22.688984199999936,0 -47.68826709999996,-22.689069599999982,0 -47.68758509999998,-22.68922189999995,0 -47.68695629999996,-22.689338299999974,0 -47.686393899999985,-22.68935229999994,0 -47.68578059999993,-22.689279399999975,0 -47.68521109999995,-22.68911939999998,0 -47.685034299999984,-22.689046599999983,0 -47.684558299999935,-22.688850499999944,0 -47.683856799999944,-22.68847439999996,0 -47.68325649999997,-22.688120499999968,0 -47.68259509999996,-22.68766519999997,0 -47.68204859999997,-22.687301399999967,0 -47.68154979999997,-22.687098599999956,0 -47.681016399999976,-22.68695349999996,0 -47.68039319999997,-22.686886,0 -47.67991329999995,-22.686915,0 -47.679443499999934,-22.686962,0 -47.68018029999996,-22.688132699999983,0 -47.68020569999993,-22.688171099999977,0 -47.68029819999998,-22.688233,0 -47.68146929999995,-22.68973019999993,0 -47.682240899999954,-22.690640299999927,0 -47.68280159999995,-22.691355199999975,0 -47.683234599999935,-22.69190439999994,0 -47.68366309999993,-22.69242689999993,0 -47.683785899999975,-22.692574599999944,0 -47.683961899999986,-22.692824499999972,0 -47.68414379999996,-22.692682799999943,0 -47.68495759999996,-22.69172219999996,0 -47.68506409999998,-22.691633299999978,0 -47.68530049999998,-22.691473,0</coordinates></LinearRing></outerBoundaryIs></Polygon></MultiGeometry>
</Placemark>
<Placemark>
<name>Jardim São Francisco</name>
<ExtendedData>
<Data name="CD_BAIRRO"><value>3538709023</value></Data>
<Data name="NM_BAIRRO"><value>Jardim São Francisco</value></Data>
<Data name="2000"><value>719.0250783699059</value></Data><Data name="2010"><value>2494.849891225526</value></Data><Data name="2022"><value>3630.86</value></Data><Data name="delta 00 - 10"><value>2.469767559264516</value></Data><Data name="delta 10 - 22"><value>0.45534206798166954</value></Data>
</ExtendedData>
<Style>
<LineStyle><color>ff666666</color><width>1</width></LineStyle>
<PolyStyle><color>4dcccccc</color></PolyStyle>
</Style>
<MultiGeometry><Polygon><outerBoundaryIs><LinearRing><coordinates>-47.59180879999997,-22.774295,0 -47.591836099999966,-22.77431169999994,0 -47.592560799999944,-22.77299549999998,0 -47.59328829999998,-22.771474799999964,0 -47.594354399999986,-22.768837599999927,0 -47.59474919999997,-22.76742429999996,0 -47.595094899999935,-22.765976,0 -47.595445799999936,-22.76450189999997,0 -47.59552019999995,-22.764444,0 -47.59554289999994,-22.764375899999948,0 -47.596183199999984,-22.761527299999955,0 -47.595995399999936,-22.76064489999993,0 -47.59590439999994,-22.760380399999974,0 -47.59577869999998,-22.760791799999936,0 -47.59565539999994,-22.760983299999964,0 -47.59551609999994,-22.761174799999935,0 -47.59533769999996,-22.76138279999998,0 -47.59465709999995,-22.761851699999966,0 -47.594524699999965,-22.762684599999943,0 -47.593829599999935,-22.76379359999993,0 -47.59368839999996,-22.763951799999973,0 -47.592746199999965,-22.763969499999973,0 -47.59260429999995,-22.763929099999928,0 -47.59250089999995,-22.76386229999997,0 -47.59249579999994,-22.763946399999952,0 -47.59246129999997,-22.76405129999995,0 -47.59239279999997,-22.76414909999994,0 -47.59229629999993,-22.76422539999993,0 -47.59219939999997,-22.764267699999948,0 -47.59209789999994,-22.764287,0 -47.592001299999936,-22.764284699999962,0 -47.59188979999993,-22.764256699999976,0 -47.591787599999975,-22.76420109999998,0 -47.59171509999993,-22.764134499999955,0 -47.591671,-22.764072299999953,0 -47.59163789999997,-22.763997699999948,0 -47.59162089999995,-22.76391339999998,0 -47.59163159999997,-22.763787599999944,0 -47.591672399999936,-22.763689,0 -47.59163419999993,-22.763676799999928,0 -47.59147729999995,-22.763626599999952,0 -47.59139749999997,-22.763598699999932,0 -47.59005369999994,-22.763013299999955,0 -47.58999789999996,-22.762989,0 -47.589941899999985,-22.762965299999962,0 -47.58976759999996,-22.762891599999932,0 -47.58642639999994,-22.761471,0 -47.58348689999997,-22.760189499999967,0 -47.58346569999998,-22.760203799999942,0 -47.58343389999993,-22.76022519999998,0 -47.581760299999985,-22.761512099999948,0 -47.580976,-22.762022199999933,0 -47.58075739999998,-22.76186789999997,0 -47.58046159999998,-22.762270799999953,0 -47.582038899999986,-22.762922299999957,0 -47.58346629999994,-22.76353949999998,0 -47.58342659999994,-22.76370449999996,0 -47.58295829999997,-22.764053899999965,0 -47.58291319999995,-22.764056799999935,0 -47.58283129999995,-22.764060899999947,0 -47.582786899999974,-22.764062399999943,0 -47.582701199999974,-22.76400669999998,0 -47.58226829999995,-22.76381809999998,0 -47.58202719999997,-22.764300299999945,0 -47.58175989999995,-22.764784299999974,0 -47.58162,-22.76488319999993,0 -47.58154689999998,-22.76499249999995,0 -47.58105329999995,-22.765492499999937,0 -47.58150239999998,-22.766827599999942,0 -47.581676,-22.767024,0 -47.58188069999994,-22.76727059999996,0 -47.58209029999995,-22.767612399999962,0 -47.582186899999954,-22.767556299999967,0 -47.583716799999934,-22.769745599999965,0 -47.584047199999986,-22.77021129999997,0 -47.58439619999996,-22.77070649999996,0 -47.58523089999994,-22.77195349999994,0 -47.585253799999975,-22.77198759999993,0 -47.58527789999994,-22.772023799999943,0 -47.585641599999974,-22.772569399999952,0 -47.58592119999997,-22.77295179999993,0 -47.586198699999954,-22.773293499999966,0 -47.586510499999974,-22.773613299999965,0 -47.586847,-22.77389409999995,0 -47.58723939999993,-22.774175299999968,0 -47.58759459999993,-22.77439149999998,0 -47.59048579999995,-22.77599349999997,0 -47.59080149999994,-22.77616839999996,0 -47.59123949999997,-22.775395299999957,0 -47.59163149999995,-22.774683399999958,0 -47.59180879999997,-22.774295,0</coordinates></LinearRing></outerBoundaryIs></Polygon></MultiGeometry>
</Placemark>
<Placemark>
<name>São Dimas</name>
<ExtendedData>
<Data name="CD_BAIRRO"><value>3538709013</value></Data>
<Data name="NM_BAIRRO"><value>São Dimas</value></Data>
<Data name="2000"><value>1545.2934315531002</value></Data><Data name="2010"><value>5300.5756756756755</value></Data><Data name="2022"><value>6809.11</value></Data><Data name="delta 00 - 10"><value>2.430141853607908</value></Data><Data name="delta 10 - 22"><value>0.28459820529437646</value></Data>
</ExtendedData>
<Style>
<LineStyle><color>ff666666</color><width>1</width></LineStyle>
<PolyStyle><color>4dcccccc</color></PolyStyle>
</Style>
<MultiGeometry><Polygon><outerBoundaryIs><LinearRing><coordinates>-47.640323799999976,-22.713453899999934,0 -47.640775,-22.714283699999953,0 -47.64126969999995,-22.71507829999996,0 -47.64172959999996,-22.71589659999995,0 -47.64221149999997,-22.716700499999945,0 -47.64247039999998,-22.717189,0 -47.64270979999998,-22.71752369999996,0 -47.64354339999994,-22.71754029999994,0 -47.643858499999965,-22.71740589999996,0 -47.644267,-22.716814899999974,0 -47.644397099999935,-22.716654699999935,0 -47.645300599999985,-22.716248899999982,0 -47.64589089999998,-22.715207499999963,0 -47.64618479999996,-22.714807899999983,0 -47.64624619999995,-22.71472,0 -47.647018799999955,-22.71404739999997,0 -47.64754319999997,-22.71363279999997,0 -47.64752329999993,-22.713382099999933,0 -47.64751789999997,-22.713317399999937,0 -47.647388399999954,-22.71295859999998,0 -47.647132099999965,-22.712271399999963,0 -47.64711519999997,-22.71222629999994,0 -47.64709769999996,-22.712183099999947,0 -47.64678719999995,-22.711419899999953,0 -47.646772,-22.71138259999998,0 -47.64681649999994,-22.71135709999993,0 -47.64652449999994,-22.71072959999998,0 -47.64649159999993,-22.710663,0 -47.64638069999995,-22.710439599999972,0 -47.645944199999974,-22.709712599999932,0 -47.64564169999994,-22.709013699999957,0 -47.64558189999997,-22.70896749999997,0 -47.64550849999995,-22.708951,0 -47.64544689999997,-22.708964599999945,0 -47.645398,-22.70901079999993,0 -47.645365599999934,-22.709102899999948,0 -47.64527209999994,-22.70906089999994,0 -47.64519259999997,-22.708957399999974,0 -47.64518819999995,-22.708846499999936,0 -47.64523959999997,-22.708787,0 -47.645187799999974,-22.70878579999993,0 -47.64507979999996,-22.70878339999996,0 -47.645034,-22.708771299999967,0 -47.64493509999994,-22.708717499999977,0 -47.644525,-22.708469699999966,0 -47.64444659999998,-22.708426499999973,0 -47.64435359999993,-22.708393599999965,0 -47.64425049999994,-22.708381299999928,0 -47.64421869999995,-22.70839,0 -47.644081599999936,-22.708438499999943,0 -47.643776299999956,-22.708573899999976,0 -47.64343139999994,-22.708735,0 -47.64245,-22.709212,0 -47.64210959999997,-22.709377,0 -47.64066939999998,-22.710081699999932,0 -47.63980309999994,-22.710503099999983,0 -47.63891149999995,-22.710928299999978,0 -47.63889819999997,-22.71093469999994,0 -47.638011699999936,-22.71138009999993,0 -47.637120299999935,-22.71181329999996,0 -47.63662819999996,-22.712060399999928,0 -47.63624139999996,-22.712255399999947,0 -47.63618779999996,-22.712283299999967,0 -47.63620609999998,-22.712317499999983,0 -47.63660669999996,-22.713058,0 -47.636652099999935,-22.713142199999936,0 -47.63671009999996,-22.713241899999957,0 -47.63712319999996,-22.713953299999957,0 -47.63758149999995,-22.714781099999982,0 -47.63762719999994,-22.714766699999927,0 -47.63830169999994,-22.71446969999994,0 -47.63864719999998,-22.714468499999953,0 -47.638919199999975,-22.714380799999958,0 -47.63943469999998,-22.71388829999995,0 -47.640323799999976,-22.713453899999934,0</coordinates></LinearRing></outerBoundaryIs></Polygon></MultiGeometry>
</Placemark>
<Placemark>
<name>Unisul</name>
<ExtendedData>
<Data name="CD_BAIRRO"><value>3538709070</value></Data>
<Data name="NM_BAIRRO"><value>Unisul</value></Data>
<Data name="2000"><value></value></Data><Data name="2010"><value></value></Data><Data name="2022"><value></value></Data><Data name="delta 00 - 10"><value></value></Data><Data name="delta 10 - 22"><value></value></Data>
</ExtendedData>
<Style>
<LineStyle><color>ff666666</color><width>1</width></LineStyle>
<PolyStyle><color>4dcccccc</color></PolyStyle>
</Style>
<MultiGeometry><Polygon><outerBoundaryIs><LinearRing><coordinates>-47.615591,-22.802121099999965,0 -47.61531739999998,-22.80274339999994,0 -47.614322399999935,-22.80242529999998,0 -47.61230779999994,-22.801770699999963,0 -47.61223159999997,-22.801734599999975,0 -47.61220709999998,-22.801765099999955,0 -47.611476799999934,-22.802674399999944,0 -47.610081399999956,-22.802689399999963,0 -47.61014669999997,-22.801687699999945,0 -47.60986589999993,-22.80166289999994,0 -47.60989919999997,-22.801328299999966,0 -47.605049,-22.79987069999993,0 -47.604994199999965,-22.799853199999973,0 -47.60483489999996,-22.799662599999976,0 -47.60320919999998,-22.797238499999935,0 -47.60294479999993,-22.796688899999936,0 -47.596643599999936,-22.79584509999995,0 -47.59664289999995,-22.795881299999962,0 -47.596636,-22.79624089999993,0 -47.59662449999996,-22.796833299999946,0 -47.596267,-22.798220699999945,0 -47.596015499999965,-22.798635899999965,0 -47.59511619999995,-22.79956009999995,0 -47.594590799999935,-22.799933799999963,0 -47.593245499999966,-22.80024409999993,0 -47.59259519999995,-22.800495,0 -47.591150099999936,-22.80141539999994,0 -47.59013409999994,-22.802747599999975,0 -47.589900599999964,-22.80333969999998,0 -47.589937599999985,-22.804646599999955,0 -47.59024769999996,-22.80530989999994,0 -47.59075519999993,-22.805920899999933,0 -47.59156,-22.806574299999966,0 -47.593391699999984,-22.807825299999934,0 -47.59453159999998,-22.808485,0 -47.595356,-22.80880559999997,0 -47.59742079999995,-22.809265799999935,0 -47.59911389999996,-22.810063499999956,0 -47.60050519999993,-22.81029259999997,0 -47.601718699999935,-22.810214299999927,0 -47.603310599999986,-22.809866099999965,0 -47.60398929999997,-22.809821299999953,0 -47.605074599999966,-22.809942,0 -47.60541959999995,-22.81007619999997,0 -47.606773199999964,-22.810603199999946,0 -47.60765849999996,-22.811255199999948,0 -47.608542899999975,-22.811906499999964,0 -47.609005699999955,-22.812084,0 -47.60963929999997,-22.812108399999943,0 -47.61041229999995,-22.811819199999945,0 -47.611334099999965,-22.811102499999947,0 -47.612064,-22.810401599999977,0 -47.613199399999985,-22.808889699999952,0 -47.61368429999993,-22.808357199999932,0 -47.61406059999996,-22.807944,0 -47.615995699999985,-22.80626079999996,0 -47.61736629999996,-22.804804,0 -47.61888779999998,-22.802349899999967,0 -47.61927529999997,-22.801860099999942,0 -47.620767099999966,-22.800895399999945,0 -47.62225779999994,-22.800350599999945,0 -47.62248429999994,-22.800231399999973,0 -47.62349409999996,-22.799700299999927,0 -47.62392049999994,-22.799337799999932,0 -47.62464179999995,-22.798194799999976,0 -47.624834299999975,-22.79788979999995,0 -47.62512789999994,-22.797092299999974,0 -47.625631099999964,-22.795126299999936,0 -47.62664029999996,-22.79286559999997,0 -47.628214,-22.790660499999944,0 -47.628271,-22.790580699999964,0 -47.624130599999944,-22.792017899999962,0 -47.62095439999996,-22.793112099999973,0 -47.62034319999998,-22.793326,0 -47.61986859999996,-22.79349419999994,0 -47.61835359999998,-22.794000599999947,0 -47.616238299999964,-22.794708499999956,0 -47.61435979999993,-22.795341099999973,0 -47.61447869999995,-22.79566159999996,0 -47.61478379999994,-22.79648389999994,0 -47.614847,-22.796654299999943,0 -47.61486729999996,-22.79691779999996,0 -47.61465979999997,-22.797626099999945,0 -47.61442219999998,-22.798063,0 -47.61402749999996,-22.79922789999995,0 -47.61378609999997,-22.79966859999996,0 -47.61350249999998,-22.799959799999954,0 -47.61329529999995,-22.800133,0 -47.61297369999994,-22.800350699999967,0 -47.61236439999993,-22.80061889999996,0 -47.614012199999934,-22.801101699999947,0 -47.61384739999994,-22.801584599999956,0 -47.615590699999984,-22.80211929999996,0 -47.615591,-22.802121099999965,0</coordinates></LinearRing></outerBoundaryIs></Polygon></MultiGeometry>
</Placemark>
<Placemark>
<name>Guamium</name>
<ExtendedData>
<Data name="CD_BAIRRO"><value>3538709055</value></Data>
<Data name="NM_BAIRRO"><value>Guamium</value></Data>
<Data name="2000"><value>795.5281385281386</value></Data><Data name="2010"><value>2280.286703601108</value></Data><Data name="2022"><value>3152.28</value></Data><Data name="delta 00 - 10"><value>1.8663809526838653</value></Data><Data name="delta 10 - 22"><value>0.38240511380512376</value></Data>
</ExtendedData>
<Style>
<LineStyle><color>ff666666</color><width>1</width></LineStyle>
<PolyStyle><color>4dcccccc</color></PolyStyle>
</Style>
<MultiGeometry><Polygon><outerBoundaryIs><LinearRing><coordinates>-47.62503309999994,-22.669265699999983,0 -47.62587109999998,-22.669958099999974,0 -47.627702399999976,-22.67157009999994,0 -47.628382199999976,-22.67216179999997,0 -47.628675499999986,-22.672423699999968,0 -47.62942829999997,-22.673093799999947,0 -47.629457799999955,-22.67312009999995,0 -47.62939729999994,-22.67317529999997,0 -47.630994199999975,-22.674553299999957,0 -47.63175649999994,-22.67522859999997,0 -47.63233739999998,-22.675755,0 -47.632914899999946,-22.676313799999946,0 -47.63337259999997,-22.676869299999964,0 -47.633731799999964,-22.67732419999993,0 -47.63410849999997,-22.677889499999935,0 -47.63500639999995,-22.679250699999955,0 -47.63639019999994,-22.68139169999995,0 -47.63739719999995,-22.68293479999994,0 -47.638386699999955,-22.68446169999993,0 -47.639376099999936,-22.68597239999997,0 -47.639585599999975,-22.686288299999944,0 -47.63996059999994,-22.68685279999994,0 -47.640154199999984,-22.687122399999964,0 -47.64025049999998,-22.687224199999946,0 -47.640657799999985,-22.687655199999938,0 -47.64162249999998,-22.68844459999997,0 -47.64303449999994,-22.689558899999952,0 -47.644752799999935,-22.69092,0 -47.64481469999998,-22.690969499999937,0 -47.64577509999998,-22.691735499999936,0 -47.645833299999936,-22.69173,0 -47.645929199999955,-22.691720799999928,0 -47.64598769999998,-22.691715199999976,0 -47.64604559999998,-22.691709899999978,0 -47.654202699999985,-22.690967899999976,0 -47.65468929999997,-22.690923699999928,0 -47.654726299999936,-22.69092029999996,0 -47.65474779999994,-22.69085689999997,0 -47.654704299999935,-22.690611,0 -47.65458789999997,-22.689953,0 -47.654242,-22.68800559999994,0 -47.65415869999998,-22.687546899999973,0 -47.65389609999994,-22.6861,0 -47.653832,-22.68574769999998,0 -47.653795499999944,-22.685131799999965,0 -47.65372949999994,-22.684015899999963,0 -47.65364619999997,-22.683348,0 -47.65355559999995,-22.683081899999934,0 -47.653300299999955,-22.682331399999953,0 -47.65326179999994,-22.680587699999933,0 -47.65298309999997,-22.67732449999994,0 -47.65282679999996,-22.675283,0 -47.65256359999995,-22.672832599999936,0 -47.651733099999944,-22.66510219999998,0 -47.651261,-22.664951,0 -47.651071,-22.664817,0 -47.65097,-22.66475,0 -47.650414,-22.664395,0 -47.650222,-22.664192,0 -47.650017,-22.663943,0 -47.649796,-22.663602,0 -47.649652,-22.663351,0 -47.649546,-22.663111,0 -47.649539,-22.662903,0 -47.64946,-22.662755,0 -47.649418,-22.662583,0 -47.649308,-22.662216,0 -47.649031,-22.662061,0 -47.64892409999993,-22.662000599999942,0 -47.64866209999997,-22.66213639999995,0 -47.648423099999945,-22.662273399999947,0 -47.648262399999965,-22.66233909999994,0 -47.64814489999998,-22.662369799999965,0 -47.64803379999995,-22.662383199999965,0 -47.64794049999995,-22.662376499999937,0 -47.64783969999996,-22.662383,0 -47.64770809999993,-22.662413,0 -47.64735109999998,-22.662572,0 -47.646951799999954,-22.662662199999943,0 -47.646682699999985,-22.662739,0 -47.64456869999998,-22.663791299999957,0 -47.64185939999993,-22.665236499999935,0 -47.64168189999998,-22.665271899999937,0 -47.641541899999936,-22.66529209999993,0 -47.641413299999954,-22.66533039999996,0 -47.641045599999984,-22.665498499999956,0 -47.640916699999934,-22.665534899999955,0 -47.64077589999994,-22.665544099999977,0 -47.64046159999998,-22.665517399999942,0 -47.64029309999995,-22.665536,0 -47.64012749999995,-22.66557949999998,0 -47.63929,-22.665804099999946,0 -47.639129,-22.6658,0 -47.63900169999994,-22.665768699999944,0 -47.63890559999993,-22.665730699999983,0 -47.638807199999974,-22.66565449999996,0 -47.63858739999995,-22.665459599999963,0 -47.637944699999935,-22.664958799999965,0 -47.63748369999996,-22.66459949999995,0 -47.637116599999956,-22.664361699999972,0 -47.63671019999998,-22.66475459999998,0 -47.636248199999955,-22.665241399999957,0 -47.635976899999946,-22.665579199999968,0 -47.635945,-22.66555519999997,0 -47.63585789999996,-22.665489699999966,0 -47.635826099999974,-22.665414,0 -47.63579329999993,-22.66527489999993,0 -47.63577819999995,-22.66512819999997,0 -47.63581869999996,-22.66497149999998,0 -47.63581279999994,-22.664889099999982,0 -47.635738,-22.664817099999937,0 -47.63568419999996,-22.66475049999997,0 -47.63569789999997,-22.664670399999977,0 -47.63569409999997,-22.664606,0 -47.63566629999997,-22.664573299999972,0 -47.635585299999946,-22.66456329999994,0 -47.635541599999954,-22.66459889999993,0 -47.63548069999996,-22.664627199999927,0 -47.63532059999994,-22.664576199999942,0 -47.635178,-22.664478799999927,0 -47.63495359999996,-22.66429009999996,0 -47.634838799999955,-22.664147699999944,0 -47.63478679999997,-22.66409679999998,0 -47.634667,-22.664062199999933,0 -47.634506,-22.66403239999994,0 -47.634349499999985,-22.66397409999996,0 -47.634228,-22.66395579999994,0 -47.63406689999994,-22.66395749999998,0 -47.63400859999996,-22.664002099999948,0 -47.633919299999945,-22.664004099999943,0 -47.63385219999998,-22.663928599999963,0 -47.63381819999995,-22.663725299999953,0 -47.63381039999996,-22.663470099999927,0 -47.63380269999993,-22.66327389999998,0 -47.633801,-22.663057899999956,0 -47.63378239999997,-22.66287,0 -47.63370429999998,-22.662678,0 -47.63361139999995,-22.662552,0 -47.63340919999996,-22.662487099999964,0 -47.63321909999996,-22.66236729999997,0 -47.63312309999998,-22.662208299999975,0 -47.63303209999998,-22.661932,0 -47.632879,-22.661622799999975,0 -47.63267989999997,-22.661430699999983,0 -47.632381899999984,-22.661188399999958,0 -47.632005299999946,-22.660843099999965,0 -47.63170839999998,-22.660563799999977,0 -47.631385,-22.660074,0 -47.63123409999997,-22.659786899999972,0 -47.63103359999997,-22.65949919999997,0 -47.630847399999936,-22.659244199999932,0 -47.63067639999997,-22.658997799999952,0 -47.63053169999995,-22.658798899999965,0 -47.63040549999994,-22.658644,0 -47.63017519999994,-22.65837879999998,0 -47.62999259999998,-22.658277399999974,0 -47.62971939999994,-22.658154699999955,0 -47.62956729999996,-22.65806649999996,0 -47.629278899999974,-22.657920499999932,0 -47.628925,-22.65779619999995,0 -47.62865689999995,-22.657763099999954,0 -47.628470799999945,-22.65776619999997,0 -47.62824219999993,-22.657823399999927,0 -47.62806,-22.657898,0 -47.62783179999997,-22.65799979999997,0 -47.627564,-22.65807989999996,0 -47.627303799999936,-22.65813689999993,0 -47.627127,-22.658179099999927,0 -47.62696729999993,-22.658194599999945,0 -47.626775899999984,-22.658285199999966,0 -47.62655209999997,-22.658441799999935,0 -47.62637829999994,-22.65854919999998,0 -47.62624009999996,-22.658543099999974,0 -47.62606839999995,-22.658481799999947,0 -47.625955199999964,-22.658505399999967,0 -47.62584959999998,-22.658612199999936,0 -47.625689299999976,-22.65877,0 -47.625622,-22.658938499999977,0 -47.62566739999994,-22.65910059999993,0 -47.625622299999975,-22.659221899999977,0 -47.62556,-22.65937279999997,0 -47.625512699999945,-22.659522599999946,0 -47.625421,-22.65964,0 -47.62532489999995,-22.659691599999974,0 -47.62517619999994,-22.659746799999937,0 -47.62502269999993,-22.65978739999997,0 -47.62488179999997,-22.659806799999956,0 -47.624715299999934,-22.659728899999948,0 -47.62457949999998,-22.65956239999997,0 -47.624503199999936,-22.65942949999993,0 -47.62436519999994,-22.659382299999947,0 -47.62423679999995,-22.659452899999962,0 -47.62412519999998,-22.659509499999956,0 -47.624003399999935,-22.659467699999936,0 -47.62382839999998,-22.659359699999982,0 -47.623684099999934,-22.65928729999996,0 -47.62353219999994,-22.659269799999947,0 -47.62335139999993,-22.65927789999995,0 -47.62322469999998,-22.65929639999996,0 -47.62315419999993,-22.659383799999944,0 -47.623149299999966,-22.659498699999972,0 -47.62316009999995,-22.65969679999995,0 -47.623131,-22.65983119999993,0 -47.62305619999995,-22.659862799999928,0 -47.62288659999996,-22.659762799999953,0 -47.62268919999997,-22.659639099999936,0 -47.62247819999993,-22.659486199999947,0 -47.62236649999994,-22.65936469999997,0 -47.622356,-22.659201,0 -47.62239789999995,-22.658921,0 -47.622445,-22.658709199999976,0 -47.622411399999976,-22.658537899999942,0 -47.62217829999997,-22.658258,0 -47.621957099999975,-22.658088499999963,0 -47.621568099999934,-22.65782189999993,0 -47.62122769999996,-22.657595199999946,0 -47.62101579999995,-22.657536799999946,0 -47.62065169999994,-22.657586599999945,0 -47.620386199999984,-22.657550799999967,0 -47.62015439999993,-22.65740509999995,0 -47.62000879999994,-22.657219,0 -47.62000309999996,-22.656955099999948,0 -47.62001339999995,-22.65669029999998,0 -47.619965399999955,-22.656543299999953,0 -47.61985249999998,-22.656412599999953,0 -47.6197,-22.65633509999998,0 -47.61947969999994,-22.65631,0 -47.61928729999994,-22.65630679999998,0 -47.61902809999998,-22.656227399999977,0 -47.61878489999998,-22.65614089999997,0 -47.618667699999946,-22.656132599999978,0 -47.61858339999998,-22.656088099999977,0 -47.618516899999975,-22.655933799999957,0 -47.618488,-22.655723199999954,0 -47.61847779999994,-22.65549119999997,0 -47.61844819999993,-22.655389699999944,0 -47.61836069999998,-22.65535529999994,0 -47.61815009999998,-22.655278299999964,0 -47.61800069999998,-22.65527839999993,0 -47.617873799999984,-22.655291399999953,0 -47.617763199999956,-22.655267299999934,0 -47.617754,-22.655185399999937,0 -47.61782479999994,-22.65504329999993,0 -47.61785669999995,-22.654920199999935,0 -47.61783459999998,-22.654825,0 -47.617834699999946,-22.654723599999954,0 -47.61789239999996,-22.654613499999982,0 -47.61792219999995,-22.654534399999932,0 -47.617909399999974,-22.654449099999965,0 -47.617836,-22.65433939999997,0 -47.617710699999975,-22.65423359999994,0 -47.61763079999997,-22.654187199999967,0 -47.617580299999986,-22.65409539999996,0 -47.61754109999998,-22.653973,0 -47.61750069999994,-22.65389689999995,0 -47.617382,-22.65384389999997,0 -47.617281799999944,-22.653796899999975,0 -47.61717319999997,-22.653593099999966,0 -47.617111799999975,-22.653514899999948,0 -47.61696169999993,-22.653432299999963,0 -47.616818,-22.653316899999936,0 -47.61672559999994,-22.65320909999997,0 -47.61671149999995,-22.65304329999998,0 -47.61669569999998,-22.652684799999975,0 -47.616597,-22.652588,0 -47.61652769999995,-22.652556,0 -47.61644809999996,-22.652502399999946,0 -47.61641419999995,-22.65226329999996,0 -47.616377399999976,-22.65213929999993,0 -47.616293,-22.652066299999944,0 -47.616151499999944,-22.65198349999997,0 -47.61606519999998,-22.651891499999977,0 -47.61601319999994,-22.651784799999973,0 -47.61594269999995,-22.65170059999997,0 -47.61247149999997,-22.65334669999993,0 -47.61239629999994,-22.65338239999994,0 -47.61125019999997,-22.653925899999933,0 -47.61117749999994,-22.65396039999996,0 -47.611155,-22.65397109999998,0 -47.61391519999995,-22.65859409999996,0 -47.616108699999984,-22.66223229999997,0 -47.61646179999997,-22.66266879999995,0 -47.616783199999986,-22.66302369999994,0 -47.617682799999955,-22.66374559999997,0 -47.617714099999944,-22.66377069999993,0 -47.61774609999998,-22.66379479999995,0 -47.619664899999975,-22.665237899999966,0 -47.623064399999976,-22.66777389999993,0 -47.62503309999994,-22.669265699999983,0</coordinates></LinearRing></outerBoundaryIs></Polygon></MultiGeometry>
</Placemark>
<Placemark>
<name>Clube de Campo</name>
<ExtendedData>
<Data name="CD_BAIRRO"><value>3538709004</value></Data>
<Data name="NM_BAIRRO"><value>Clube de Campo</value></Data>
<Data name="2000"><value>1760.7169811320755</value></Data><Data name="2010"><value>4160.43961352657</value></Data><Data name="2022"><value>4991.69</value></Data><Data name="delta 00 - 10"><value>1.3629235465495209</value></Data><Data name="delta 10 - 22"><value>0.19979869044868215</value></Data>
</ExtendedData>
<Style>
<LineStyle><color>ff666666</color><width>1</width></LineStyle>
<PolyStyle><color>4dcccccc</color></PolyStyle>
</Style>
<MultiGeometry><Polygon><outerBoundaryIs><LinearRing><coordinates>-47.646771799999954,-22.70676789999993,0 -47.64651339999995,-22.706945,0 -47.64633209999994,-22.70712439999994,0 -47.646140499999944,-22.70740139999998,0 -47.64577389999994,-22.70820249999997,0 -47.645618499999955,-22.70865029999993,0 -47.64562119999994,-22.70888149999996,0 -47.64564169999994,-22.709013699999957,0 -47.645944199999974,-22.709712599999932,0 -47.64638069999995,-22.710439599999972,0 -47.64649159999993,-22.710663,0 -47.64652449999994,-22.71072959999998,0 -47.64681649999994,-22.71135709999993,0 -47.646772,-22.71138259999998,0 -47.64678719999995,-22.711419899999953,0 -47.64709769999996,-22.712183099999947,0 -47.64711519999997,-22.71222629999994,0 -47.647132099999965,-22.712271399999963,0 -47.647388399999954,-22.71295859999998,0 -47.64751789999997,-22.713317399999937,0 -47.64752329999993,-22.713382099999933,0 -47.64754319999997,-22.71363279999997,0 -47.64752189999996,-22.71475719999995,0 -47.647493699999984,-22.714829299999963,0 -47.64748759999998,-22.714844899999946,0 -47.647467699999936,-22.714895699999943,0 -47.64751419999993,-22.714958299999978,0 -47.647553,-22.714943499999947,0 -47.64768289999995,-22.714894,0 -47.64783669999997,-22.714858,0 -47.64802929999996,-22.714833299999952,0 -47.648186,-22.714833899999974,0 -47.64833509999994,-22.71484709999993,0 -47.648641399999974,-22.71490849999998,0 -47.64945809999995,-22.715182699999957,0 -47.64957919999995,-22.715210199999945,0 -47.64963869999997,-22.715214899999978,0 -47.64971379999997,-22.71520579999998,0 -47.649783699999944,-22.71519109999997,0 -47.649915,-22.715153399999963,0 -47.65004769999996,-22.71510379999995,0 -47.65007039999995,-22.715090799999928,0 -47.65014089999994,-22.715050799999972,0 -47.65025149999997,-22.714988,0 -47.650714499999935,-22.714791599999955,0 -47.65166169999998,-22.714382499999942,0 -47.65165269999994,-22.71435269999995,0 -47.65164109999995,-22.714314299999955,0 -47.65151529999997,-22.71389729999993,0 -47.65126769999995,-22.712939,0 -47.65111689999998,-22.71222389999997,0 -47.65107139999998,-22.71162149999998,0 -47.65116309999996,-22.710898,0 -47.65136229999996,-22.70967559999997,0 -47.651381399999934,-22.709009799999933,0 -47.651335,-22.708359599999937,0 -47.651228499999945,-22.70748709999998,0 -47.65110629999998,-22.706922,0 -47.650856799999985,-22.70643139999993,0 -47.65047709999993,-22.706051199999933,0 -47.649959799999976,-22.70575919999993,0 -47.64946949999995,-22.705654099999947,0 -47.64855749999998,-22.705686899999932,0 -47.647811899999965,-22.705716199999927,0 -47.647349099999985,-22.70570159999994,0 -47.64730739999993,-22.705700299999933,0 -47.647265699999934,-22.705699,0 -47.647135299999945,-22.70569489999997,0 -47.64687189999995,-22.70647239999994,0 -47.64684429999994,-22.70655409999995,0 -47.64679309999997,-22.706705099999965,0 -47.646771799999954,-22.70676789999993,0</coordinates></LinearRing></outerBoundaryIs></Polygon></MultiGeometry>
</Placemark>
<Placemark>
<name>Ondas</name>
<ExtendedData>
<Data name="CD_BAIRRO"><value>3538709061</value></Data>
<Data name="NM_BAIRRO"><value>Ondas</value></Data>
<Data name="2000"><value>830.498046875</value></Data><Data name="2010"><value>2422.2755102040815</value></Data><Data name="2022"><value>5212.63</value></Data><Data name="delta 00 - 10"><value>1.916654071997671</value></Data><Data name="delta 10 - 22"><value>1.1519558687858864</value></Data>
</ExtendedData>
<Style>
<LineStyle><color>ff666666</color><width>1</width></LineStyle>
<PolyStyle><color>4dcccccc</color></PolyStyle>
</Style>
<MultiGeometry><Polygon><outerBoundaryIs><LinearRing><coordinates>-47.683961899999986,-22.692824499999972,0 -47.683785899999975,-22.692574599999944,0 -47.68366309999993,-22.69242689999993,0 -47.683234599999935,-22.69190439999994,0 -47.68280159999995,-22.691355199999975,0 -47.682240899999954,-22.690640299999927,0 -47.68146929999995,-22.68973019999993,0 -47.68029819999998,-22.688233,0 -47.68020569999993,-22.688171099999977,0 -47.68018029999996,-22.688132699999983,0 -47.679443499999934,-22.686962,0 -47.67930329999996,-22.686976,0 -47.67867009999998,-22.687114099999974,0 -47.678161099999954,-22.687261399999954,0 -47.677782399999955,-22.687503499999934,0 -47.67746069999998,-22.687818299999947,0 -47.677125399999966,-22.68825069999997,0 -47.67690719999996,-22.68860369999993,0 -47.676746099999946,-22.688954299999978,0 -47.676657,-22.689319199999943,0 -47.676562,-22.689770799999962,0 -47.67629119999998,-22.690774,0 -47.67602679999993,-22.691508099999965,0 -47.67580929999997,-22.692093,0 -47.675459699999976,-22.692890099999943,0 -47.675132099999985,-22.693752399999937,0 -47.67488759999998,-22.694376,0 -47.67466879999995,-22.694879699999944,0 -47.674387399999944,-22.695328899999936,0 -47.674105699999984,-22.695588399999963,0 -47.67372869999997,-22.695837,0 -47.67339649999997,-22.695996199999968,0 -47.673068099999966,-22.696060299999942,0 -47.672706199999936,-22.696146599999963,0 -47.672329,-22.69623349999995,0 -47.67201679999994,-22.696276099999977,0 -47.67188189999996,-22.696297899999934,0 -47.67183649999998,-22.696305199999983,0 -47.67176439999997,-22.69633159999995,0 -47.67172629999993,-22.696348099999966,0 -47.671649,-22.69638169999996,0 -47.67142069999994,-22.696573599999965,0 -47.67126539999998,-22.696789,0 -47.671105899999986,-22.69710539999994,0 -47.67092869999993,-22.69745469999998,0 -47.67082069999998,-22.697804899999937,0 -47.670691799999986,-22.698195899999973,0 -47.670635499999946,-22.69855309999997,0 -47.67056979999995,-22.699017699999956,0 -47.67054649999994,-22.69950019999993,0 -47.67057529999994,-22.699923699999943,0 -47.67062379999993,-22.700321,0 -47.67069449999997,-22.70073979999995,0 -47.67081329999996,-22.701169599999957,0 -47.67097869999998,-22.701496299999974,0 -47.67120929999993,-22.701889499999936,0 -47.67150769999995,-22.702277799999933,0 -47.67184929999996,-22.70271619999994,0 -47.67216909999996,-22.70312519999993,0 -47.67243929999995,-22.703418599999964,0 -47.67269109999995,-22.70363279999998,0 -47.673283599999934,-22.704106299999978,0 -47.673766899999976,-22.704440399999953,0 -47.67415209999996,-22.70460719999994,0 -47.67466269999994,-22.704750099999956,0 -47.675032399999964,-22.704867099999944,0 -47.67533039999995,-22.705092099999945,0 -47.675704199999984,-22.705542699999967,0 -47.67595219999998,-22.70597369999996,0 -47.67612989999998,-22.706463199999973,0 -47.67617869999998,-22.70659489999997,0 -47.676250299999936,-22.706852,0 -47.677635099999975,-22.70783169999993,0 -47.68150639999993,-22.710673,0 -47.68228639999995,-22.709744899999976,0 -47.684750399999984,-22.707250599999952,0 -47.68516409999995,-22.70649839999993,0 -47.686368699999946,-22.707293899999968,0 -47.68652069999996,-22.70685489999994,0 -47.686927099999934,-22.704686799999934,0 -47.686910599999976,-22.704502599999955,0 -47.686843899999985,-22.704342199999928,0 -47.68688539999994,-22.704209599999956,0 -47.68696159999996,-22.704053199999976,0 -47.687125,-22.703804399999967,0 -47.68814349999997,-22.70285659999996,0 -47.688527799999974,-22.70254049999994,0 -47.68880089999993,-22.701997699999936,0 -47.689095399999985,-22.701575799999944,0 -47.68915709999993,-22.70148839999996,0 -47.689286599999946,-22.70135579999993,0 -47.689397499999984,-22.701274699999942,0 -47.689534099999946,-22.701201,0 -47.689942,-22.701047699999947,0 -47.69027779999993,-22.70094819999997,0 -47.68997529999996,-22.700508,0 -47.68979159999998,-22.700277,0 -47.68937009999996,-22.699876699999948,0 -47.68893889999998,-22.699298599999963,0 -47.688792,-22.699097499999937,0 -47.68874939999995,-22.698954399999934,0 -47.68828149999996,-22.698359799999935,0 -47.68750419999998,-22.698290199999974,0 -47.68726779999997,-22.69829569999996,0 -47.68717129999993,-22.698065499999927,0 -47.68709729999995,-22.69790359999996,0 -47.68700359999997,-22.697769199999982,0 -47.68686779999996,-22.697538399999928,0 -47.68671309999996,-22.697221299999967,0 -47.68663819999995,-22.697043899999983,0 -47.68661569999995,-22.69692029999993,0 -47.68661169999996,-22.69677459999997,0 -47.686634,-22.696577499999933,0 -47.686657699999955,-22.696441599999957,0 -47.68664669999998,-22.69635,0 -47.686617,-22.69628689999996,0 -47.68646329999996,-22.696181,0 -47.685647899999935,-22.693916599999966,0 -47.68552049999994,-22.693388699999957,0 -47.68550509999994,-22.693115599999942,0 -47.68553269999995,-22.69285149999996,0 -47.685482099999945,-22.692674099999977,0 -47.685292,-22.69239,0 -47.68516939999995,-22.692011899999954,0 -47.68528639999994,-22.691530799999953,0 -47.68530049999998,-22.691473,0 -47.68506409999998,-22.691633299999978,0 -47.68495759999996,-22.69172219999996,0 -47.68414379999996,-22.692682799999943,0 -47.683961899999986,-22.692824499999972,0</coordinates></LinearRing></outerBoundaryIs></Polygon></MultiGeometry>
</Placemark>
<Placemark>
<name>Monte Líbano</name>
<ExtendedData>
<Data name="CD_BAIRRO"><value>3538709032</value></Data>
<Data name="NM_BAIRRO"><value>Monte Líbano</value></Data>
<Data name="2000"><value>498.3640710382514</value></Data><Data name="2010"><value>1776.7696319018405</value></Data><Data name="2022"><value>2015.89</value></Data><Data name="delta 00 - 10"><value>2.5652041051038497</value></Data><Data name="delta 10 - 22"><value>0.1345815258234727</value></Data>
</ExtendedData>
<Style>
<LineStyle><color>ff666666</color><width>1</width></LineStyle>
<PolyStyle><color>4dcccccc</color></PolyStyle>
</Style>
<MultiGeometry><Polygon><outerBoundaryIs><LinearRing><coordinates>-47.65571449999993,-22.758213199999943,0 -47.656368199999974,-22.758902,0 -47.656822199999965,-22.75847559999994,0 -47.65716249999997,-22.75804779999993,0 -47.65913,-22.760205499999927,0 -47.65959879999997,-22.75978349999997,0 -47.66003719999998,-22.75939509999995,0 -47.66066179999996,-22.759207199999935,0 -47.661118499999986,-22.75888139999995,0 -47.66152979999998,-22.758573,0 -47.66183369999993,-22.758287799999948,0 -47.66196729999996,-22.75817619999998,0 -47.66160359999998,-22.757783399999937,0 -47.66149519999993,-22.75766639999995,0 -47.66144909999997,-22.757616499999983,0 -47.66137189999995,-22.757533199999955,0 -47.66061089999994,-22.756698899999947,0 -47.65963,-22.755707799999982,0 -47.658699,-22.754755,0 -47.658029399999975,-22.754034299999944,0 -47.65800679999995,-22.754011599999956,0 -47.65727849999996,-22.753281399999935,0 -47.65648619999996,-22.75256289999993,0 -47.65631929999995,-22.752312599999982,0 -47.65616229999995,-22.752054099999953,0 -47.65607639999996,-22.751857599999937,0 -47.65607819999997,-22.751718099999948,0 -47.65614489999996,-22.751636099999928,0 -47.656253299999946,-22.75154639999994,0 -47.65636439999997,-22.75149,0 -47.656461699999966,-22.751487399999974,0 -47.656593,-22.751504099999977,0 -47.656694899999934,-22.751731699999937,0 -47.65646429999998,-22.751889499999947,0 -47.656588899999974,-22.75212,0 -47.65700059999995,-22.75233449999996,0 -47.65733719999997,-22.752044799999965,0 -47.65731379999994,-22.75200469999993,0 -47.65769119999993,-22.751668,0 -47.65758969999996,-22.751553299999955,0 -47.658329099999946,-22.75150569999994,0 -47.659167399999944,-22.75152829999996,0 -47.65901329999997,-22.751187399999935,0 -47.65899929999995,-22.75116129999998,0 -47.65892679999996,-22.751026399999944,0 -47.65881449999995,-22.75081739999996,0 -47.65820139999994,-22.749745299999972,0 -47.65807049999995,-22.74970419999994,0 -47.657888699999944,-22.74969,0 -47.65772539999995,-22.749744,0 -47.657470899999964,-22.74987909999993,0 -47.65766879999995,-22.750185699999975,0 -47.65768369999995,-22.75022359999997,0 -47.65767249999993,-22.75027179999995,0 -47.657609,-22.75038559999996,0 -47.657523,-22.75044079999998,0 -47.657448199999976,-22.750468299999966,0 -47.65740709999994,-22.750458,0 -47.65735849999993,-22.75041319999997,0 -47.65712019999995,-22.75006529999996,0 -47.65658229999997,-22.749265299999934,0 -47.65572489999994,-22.74975519999998,0 -47.65560069999998,-22.74975519999998,0 -47.65529429999998,-22.749328599999956,0 -47.65528439999997,-22.749316799999974,0 -47.65515889999995,-22.749388499999952,0 -47.65382109999996,-22.750152499999956,0 -47.653372099999956,-22.750396099999932,0 -47.65275619999994,-22.750751699999967,0 -47.65223809999998,-22.75105309999998,0 -47.65180019999997,-22.751307899999972,0 -47.651207899999974,-22.751652399999955,0 -47.650175,-22.752268,0 -47.64927809999995,-22.752798199999972,0 -47.64923569999996,-22.752823899999953,0 -47.648163,-22.753451,0 -47.64809779999996,-22.75348139999994,0 -47.648051,-22.753492799999947,0 -47.64800059999993,-22.753487699999937,0 -47.64795779999997,-22.753483399999936,0 -47.64787329999996,-22.753669199999933,0 -47.648634,-22.754705499999943,0 -47.649235799999985,-22.75549149999995,0 -47.649796899999956,-22.75621229999996,0 -47.650142,-22.756684099999973,0 -47.650390699999946,-22.756964899999957,0 -47.65068359999998,-22.75729819999998,0 -47.651089799999966,-22.757741099999976,0 -47.65077239999994,-22.758019899999965,0 -47.65228289999993,-22.759626,0 -47.65299079999994,-22.760381,0 -47.65324339999995,-22.76065109999996,0 -47.65327089999994,-22.760680399999956,0 -47.653800099999955,-22.76026289999993,0 -47.65362619999996,-22.76007359999994,0 -47.65360249999998,-22.760033299999975,0 -47.65358809999998,-22.760007499999972,0 -47.653570799999954,-22.75997609999996,0 -47.65376829999997,-22.75978379999998,0 -47.65463109999996,-22.759087499999964,0 -47.65571449999993,-22.758213199999943,0</coordinates></LinearRing></outerBoundaryIs></Polygon></MultiGeometry>
</Placemark>
<Placemark>
<name>Monte Alegre</name>
<ExtendedData>
<Data name="CD_BAIRRO"><value>3538709020</value></Data>
<Data name="NM_BAIRRO"><value>Monte Alegre</value></Data>
<Data name="2000"><value>889.6416666666667</value></Data><Data name="2010"><value>5492.046511627907</value></Data><Data name="2022"><value>12007.46</value></Data><Data name="delta 00 - 10"><value>5.173324291571971</value></Data><Data name="delta 10 - 22"><value>1.1863361817088556</value></Data>
</ExtendedData>
<Style>
<LineStyle><color>ff666666</color><width>1</width></LineStyle>
<PolyStyle><color>4dcccccc</color></PolyStyle>
</Style>
<MultiGeometry><Polygon><outerBoundaryIs><LinearRing><coordinates>-47.569159,-22.685237,0 -47.569109,-22.685483,0 -47.568986,-22.685748,0 -47.568887,-22.685965,0 -47.568821699999944,-22.686276,0 -47.56873879999995,-22.686392699999942,0 -47.56864219999994,-22.686658399999942,0 -47.56852769999995,-22.687040199999956,0 -47.568431299999986,-22.68751839999993,0 -47.56837909999996,-22.687909499999932,0 -47.56827879999997,-22.688247099999955,0 -47.568056199999944,-22.68871219999994,0 -47.56791979999997,-22.689032099999963,0 -47.567827799999975,-22.689333,0 -47.56768889999995,-22.689860799999963,0 -47.567581,-22.690264499999955,0 -47.56748719999996,-22.690683699999965,0 -47.56745209999997,-22.69106279999994,0 -47.56739319999997,-22.691507,0 -47.567356899999936,-22.691830399999958,0 -47.56733409999998,-22.692127,0 -47.567238299999985,-22.69244759999998,0 -47.56715329999997,-22.69256889999997,0 -47.56712369999997,-22.69261119999993,0 -47.56827769999995,-22.692528299999935,0 -47.569331,-22.692468299999973,0 -47.572181,-22.692306,0 -47.572198499999956,-22.692345099999955,0 -47.57573,-22.700606,0 -47.57556,-22.700715,0 -47.575479,-22.700914,0 -47.575219,-22.701325,0 -47.575099,-22.701456,0 -47.574956,-22.701656,0 -47.574874,-22.701809,0 -47.574835,-22.702191,0 -47.574765,-22.70232,0 -47.57473,-22.702402,0 -47.574741,-22.702772,0 -47.574692,-22.702796,0 -47.574676,-22.703074,0 -47.574706,-22.703247,0 -47.57476,-22.703407,0 -47.574778,-22.703604,0 -47.574745,-22.703743,0 -47.574587,-22.70384,0 -47.574475,-22.703843,0 -47.574365,-22.703892,0 -47.574229,-22.703895,0 -47.57408689999994,-22.703957,0 -47.573999,-22.704075,0 -47.573955,-22.70425,0 -47.573959,-22.704411,0 -47.573969,-22.704747,0 -47.573952,-22.70499,0 -47.57393,-22.705094,0 -47.573862,-22.705293,0 -47.573769,-22.705527,0 -47.573801199999934,-22.705993399999954,0 -47.57376689999995,-22.707057,0 -47.57417859999998,-22.70786329999993,0 -47.57486479999994,-22.709252799999945,0 -47.57546529999996,-22.709784599999978,0 -47.576263799999936,-22.71019089999993,0 -47.57981159999997,-22.71025529999997,0 -47.57985249999996,-22.710251,0 -47.57989329999998,-22.710247,0 -47.58006489999997,-22.710230499999966,0 -47.58014739999993,-22.710222599999952,0 -47.59942849999993,-22.70836939999998,0 -47.60574679999996,-22.707617899999946,0 -47.607266899999956,-22.711401,0 -47.60654279999994,-22.715241399999968,0 -47.60653149999996,-22.71529849999996,0 -47.60925519999995,-22.712094,0 -47.61029589999998,-22.710915899999975,0 -47.61065649999995,-22.710373199999935,0 -47.61092789999998,-22.709906099999955,0 -47.61106179999996,-22.70964159999994,0 -47.61139149999997,-22.708758899999964,0 -47.611474,-22.708504799999957,0 -47.61164569999994,-22.707786899999974,0 -47.61170069999997,-22.707234,0 -47.61173839999998,-22.706794299999956,0 -47.611635399999955,-22.705609399999958,0 -47.61150489999994,-22.704819399999963,0 -47.61137089999994,-22.704445,0 -47.61125419999996,-22.70411189999993,0 -47.61104119999993,-22.703627599999948,0 -47.61064619999996,-22.702930399999957,0 -47.61055669999996,-22.702782499999955,0 -47.61048919999996,-22.702686299999982,0 -47.61043659999996,-22.702598699999953,0 -47.61032679999994,-22.70241169999997,0 -47.60995929999996,-22.70190679999996,0 -47.609708599999976,-22.701549599999964,0 -47.60941059999993,-22.701256499999943,0 -47.60816,-22.70136109999993,0 -47.60678339999998,-22.70146019999993,0 -47.60601359999998,-22.701529599999958,0 -47.605497499999956,-22.70152429999996,0 -47.60504019999996,-22.701475,0 -47.604575799999964,-22.701480699999934,0 -47.60400059999995,-22.701567,0 -47.603450399999986,-22.701693,0 -47.60279329999997,-22.701872799999933,0 -47.601892299999975,-22.702252899999962,0 -47.60098289999996,-22.702678499999934,0 -47.60047769999994,-22.702917599999978,0 -47.600018499999976,-22.703007399999933,0 -47.599189699999954,-22.703069699999958,0 -47.598223099999984,-22.70301379999995,0 -47.59701809999996,-22.702855399999976,0 -47.596243399999935,-22.70268509999994,0 -47.59559239999993,-22.702431099999956,0 -47.59499089999997,-22.702096899999958,0 -47.594418,-22.701678699999945,0 -47.593840099999966,-22.701157499999965,0 -47.593226699999946,-22.700525099999936,0 -47.59259429999997,-22.69983449999995,0 -47.59224539999997,-22.699329899999952,0 -47.59189889999993,-22.69870949999995,0 -47.591406699999936,-22.697561599999972,0 -47.59081159999994,-22.696095199999945,0 -47.59032529999996,-22.69504379999995,0 -47.59002379999998,-22.694511,0 -47.58975809999998,-22.69417459999994,0 -47.58932609999994,-22.693811799999935,0 -47.58818039999994,-22.693072,0 -47.587365199999965,-22.692515299999968,0 -47.586401799999976,-22.69183369999996,0 -47.585485,-22.691040699999974,0 -47.58478669999994,-22.690421699999945,0 -47.58423079999994,-22.689961599999947,0 -47.58327809999997,-22.68931379999998,0 -47.583245,-22.689291199999957,0 -47.583207899999934,-22.689265399999954,0 -47.58317459999995,-22.689243199999964,0 -47.58301929999993,-22.68913969999994,0 -47.58212609999998,-22.688472599999955,0 -47.581207699999936,-22.68779349999994,0 -47.58077629999997,-22.68755239999996,0 -47.58012249999996,-22.68732449999993,0 -47.579145799999935,-22.687115699999936,0 -47.57722039999993,-22.686708099999976,0 -47.57563659999994,-22.686340299999927,0 -47.57455729999998,-22.686035799999956,0 -47.573508499999946,-22.685806,0 -47.57255889999993,-22.685661299999936,0 -47.571425499999975,-22.685505199999966,0 -47.570199499999944,-22.685255499999982,0 -47.569544,-22.68519079999993,0 -47.569159,-22.685237,0</coordinates></LinearRing></outerBoundaryIs></Polygon></MultiGeometry>
</Placemark>
<Placemark>
<name>Jardim Planalto</name>
<ExtendedData>
<Data name="CD_BAIRRO"><value>3538709040</value></Data>
<Data name="NM_BAIRRO"><value>Jardim Planalto</value></Data>
<Data name="2000"><value>565.2276825969342</value></Data><Data name="2010"><value>1622.1993620414673</value></Data><Data name="2022"><value>2228.62</value></Data><Data name="delta 00 - 10"><value>1.8699927692647411</value></Data><Data name="delta 10 - 22"><value>0.37382620912597236</value></Data>
</ExtendedData>
<Style>
<LineStyle><color>ff666666</color><width>1</width></LineStyle>
<PolyStyle><color>4dcccccc</color></PolyStyle>
</Style>
<MultiGeometry><Polygon><outerBoundaryIs><LinearRing><coordinates>-47.674062299999946,-22.74841719999995,0 -47.674192,-22.748318499999982,0 -47.67456679999998,-22.74798859999993,0 -47.67476409999995,-22.747815499999945,0 -47.67507619999998,-22.74756279999997,0 -47.67516329999995,-22.747491599999933,0 -47.67540759999997,-22.747294499999953,0 -47.67588319999993,-22.74690929999997,0 -47.676255599999934,-22.74662189999998,0 -47.676610299999936,-22.746401,0 -47.676757,-22.746371799999963,0 -47.676831,-22.746332499999937,0 -47.677634799999964,-22.74590989999996,0 -47.67776509999993,-22.745836399999973,0 -47.67791559999995,-22.745783899999935,0 -47.67807869999996,-22.74577929999998,0 -47.67822019999994,-22.745793499999934,0 -47.678180699999984,-22.74574119999994,0 -47.678158199999984,-22.745680899999968,0 -47.67815439999998,-22.74561719999997,0 -47.678169699999955,-22.745555099999933,0 -47.67819549999996,-22.74550869999996,0 -47.67825749999997,-22.74544949999995,0 -47.678338,-22.745414099999948,0 -47.678426799999954,-22.745407,0 -47.678512799999964,-22.745429099999967,0 -47.67844,-22.745380099999977,0 -47.678337,-22.74529179999996,0 -47.67824249999995,-22.745215599999938,0 -47.678130399999986,-22.745091799999955,0 -47.678022699999985,-22.744931599999973,0 -47.677873699999964,-22.744674,0 -47.67774849999995,-22.744358699999964,0 -47.67756119999996,-22.743685099999936,0 -47.677435299999956,-22.743417299999976,0 -47.67715259999994,-22.74299419999994,0 -47.676805599999966,-22.742564899999934,0 -47.67652119999997,-22.74225739999997,0 -47.67639019999996,-22.74214809999995,0 -47.67623679999997,-22.742020099999934,0 -47.67608279999996,-22.741970099999946,0 -47.675964299999976,-22.741967,0 -47.675806799999975,-22.74200289999993,0 -47.67531589999993,-22.742182399999933,0 -47.67496219999998,-22.742295699999943,0 -47.67410649999994,-22.74231549999996,0 -47.67351559999997,-22.742308599999944,0 -47.672888,-22.742128799999932,0 -47.671595399999944,-22.741429,0 -47.67107149999998,-22.741156199999978,0 -47.670506699999976,-22.740852299999972,0 -47.670031499999936,-22.740467399999943,0 -47.66975219999995,-22.740287299999977,0 -47.66939629999996,-22.74018659999996,0 -47.669408,-22.73921969999998,0 -47.67006049999998,-22.739030399999933,0 -47.67010319999997,-22.73917419999998,0 -47.670652,-22.739378599999952,0 -47.670694,-22.739394499999946,0 -47.670947799999965,-22.738889399999948,0 -47.67096619999995,-22.73885279999996,0 -47.67098429999993,-22.738816799999938,0 -47.67118829999998,-22.738409699999977,0 -47.67182939999998,-22.737374,0 -47.671876699999984,-22.73733539999995,0 -47.67191359999998,-22.73730539999997,0 -47.671952199999964,-22.73727589999993,0 -47.67331709999996,-22.736234499999966,0 -47.66937489999998,-22.735012,0 -47.66928849999994,-22.734985199999983,0 -47.66910269999994,-22.734927599999935,0 -47.669017199999985,-22.735018799999978,0 -47.668947,-22.735108199999956,0 -47.66890129999996,-22.735223,0 -47.668748499999936,-22.735193699999968,0 -47.66870929999993,-22.735186099999964,0 -47.66867949999994,-22.735306,0 -47.66864919999995,-22.735417799999937,0 -47.66857269999997,-22.73556,0 -47.66831309999998,-22.735812799999962,0 -47.66812859999993,-22.73606929999994,0 -47.66798759999995,-22.73630509999998,0 -47.66791249999994,-22.73651529999995,0 -47.667857099999935,-22.73684959999997,0 -47.66786369999994,-22.737067099999933,0 -47.66794289999996,-22.737260099999958,0 -47.66803109999995,-22.73739649999993,0 -47.668269599999974,-22.737668799999938,0 -47.668551599999944,-22.737945899999943,0 -47.66868869999996,-22.738112399999977,0 -47.668782299999975,-22.738337199999933,0 -47.668916699999954,-22.738710399999945,0 -47.66896779999996,-22.73891109999994,0 -47.668997099999956,-22.739026399999943,0 -47.66901819999998,-22.739301099999977,0 -47.669001,-22.739611,0 -47.66894769999993,-22.740110799999968,0 -47.668912,-22.740309199999956,0 -47.668876799999964,-22.740455,0 -47.668803,-22.74059749999998,0 -47.66876959999996,-22.740660799999944,0 -47.66875529999993,-22.740857199999937,0 -47.66871179999998,-22.74098239999995,0 -47.66870789999996,-22.741063899999972,0 -47.66871709999998,-22.741136799999936,0 -47.66874809999996,-22.741227099999946,0 -47.66880039999995,-22.74137819999993,0 -47.668977,-22.741895599999964,0 -47.66908139999998,-22.742241399999955,0 -47.669773299999974,-22.74434109999993,0 -47.66973529999996,-22.744353599999954,0 -47.66972789999994,-22.744357099999945,0 -47.66976489999996,-22.74443569999994,0 -47.669821799999966,-22.74453449999993,0 -47.669893499999944,-22.744624399999964,0 -47.66998659999996,-22.74472069999996,0 -47.67011679999996,-22.74481739999993,0 -47.67010979999998,-22.744823199999928,0 -47.670082,-22.74484639999997,0 -47.669888199999946,-22.745019199999945,0 -47.669789099999946,-22.745091499999944,0 -47.66929349999998,-22.745321599999954,0 -47.66914619999994,-22.745272099999966,0 -47.669070799999986,-22.745312399999932,0 -47.66909629999998,-22.74534289999997,0 -47.669277199999954,-22.745559199999946,0 -47.66972479999998,-22.74604249999993,0 -47.67005379999995,-22.74640249999993,0 -47.67018269999994,-22.746591399999943,0 -47.670239899999956,-22.746730199999945,0 -47.67023309999996,-22.746927399999947,0 -47.67016109999997,-22.747142699999927,0 -47.67002639999998,-22.74730489999996,0 -47.669943,-22.747452,0 -47.66979029999993,-22.747653,0 -47.669681099999934,-22.74781319999994,0 -47.66955159999998,-22.747947,0 -47.66944,-22.748043,0 -47.669326,-22.748166099999935,0 -47.669186199999956,-22.748245699999927,0 -47.66903279999997,-22.748321199999964,0 -47.668839,-22.748370699999953,0 -47.66873579999998,-22.748412,0 -47.66863049999995,-22.748514299999954,0 -47.66849539999998,-22.74871459999997,0 -47.66839519999996,-22.74884049999997,0 -47.66833419999995,-22.748887399999944,0 -47.66820289999998,-22.74898049999996,0 -47.668000699999936,-22.749108399999955,0 -47.66776029999994,-22.749168399999974,0 -47.66753319999998,-22.74921569999998,0 -47.66733,-22.74929179999998,0 -47.66715789999995,-22.74938359999993,0 -47.66682389999994,-22.749692099999947,0 -47.66679389999996,-22.74971979999998,0 -47.666769099999954,-22.74975139999998,0 -47.66671009999993,-22.74982659999995,0 -47.666547299999934,-22.750020199999938,0 -47.666510399999936,-22.750120699999968,0 -47.66648879999997,-22.750222899999983,0 -47.66650649999997,-22.75039259999994,0 -47.666455,-22.750451399999974,0 -47.66632569999996,-22.750482099999942,0 -47.666205899999966,-22.75051609999997,0 -47.66609619999997,-22.75052969999996,0 -47.66605039999996,-22.750535399999933,0 -47.666009,-22.75063289999997,0 -47.66597479999996,-22.750808699999936,0 -47.665995399999986,-22.75102959999998,0 -47.666283599999986,-22.751837799999976,0 -47.666436499999975,-22.752128399999947,0 -47.66664689999993,-22.75236239999998,0 -47.66702379999998,-22.752664299999935,0 -47.66788239999994,-22.753206699999964,0 -47.667998599999976,-22.753301499999964,0 -47.668167299999936,-22.753141699999958,0 -47.66860079999998,-22.75281209999997,0 -47.66907289999995,-22.752453299999956,0 -47.66938249999998,-22.75219039999996,0 -47.66983149999993,-22.751844,0 -47.67010479999993,-22.751633199999958,0 -47.67040709999998,-22.751382599999943,0 -47.67106519999993,-22.750837,0 -47.67243739999998,-22.749699499999963,0 -47.67289619999997,-22.74932039999993,0 -47.673362199999985,-22.748950699999966,0 -47.674062299999946,-22.74841719999995,0</coordinates></LinearRing></outerBoundaryIs></Polygon></MultiGeometry>
</Placemark>
<Placemark>
<name>Mário Dedini</name>
<ExtendedData>
<Data name="CD_BAIRRO"><value>3538709054</value></Data>
<Data name="NM_BAIRRO"><value>Mário Dedini</value></Data>
<Data name="2000"><value>524.3869137670197</value></Data><Data name="2010"><value>2114.0275246419938</value></Data><Data name="2022"><value>2021.17</value></Data><Data name="delta 00 - 10"><value>3.03142692760109</value></Data><Data name="delta 10 - 22"><value>-0.04392446340438207</value></Data>
</ExtendedData>
<Style>
<LineStyle><color>ff666666</color><width>1</width></LineStyle>
<PolyStyle><color>4dcccccc</color></PolyStyle>
</Style>
<MultiGeometry><Polygon><outerBoundaryIs><LinearRing><coordinates>-47.65393149999994,-22.664528299999972,0 -47.654097099999944,-22.66547339999994,0 -47.653838,-22.66538,0 -47.65355,-22.66526,0 -47.653352,-22.665265,0 -47.652728,-22.665132,0 -47.652617,-22.665135,0 -47.652356,-22.665095,0 -47.652108,-22.665102,0 -47.651733099999944,-22.66510219999998,0 -47.65256359999995,-22.672832599999936,0 -47.65282679999996,-22.675283,0 -47.65298309999997,-22.67732449999994,0 -47.65326179999994,-22.680587699999933,0 -47.653300299999955,-22.682331399999953,0 -47.65355559999995,-22.683081899999934,0 -47.653601099999946,-22.683091299999944,0 -47.65368529999995,-22.683108699999934,0 -47.65384119999993,-22.68309949999997,0 -47.653997,-22.68306289999998,0 -47.654142099999945,-22.68301269999995,0 -47.65429359999996,-22.68291329999994,0 -47.65441619999996,-22.682796699999983,0 -47.65457449999997,-22.682622899999956,0 -47.654710499999965,-22.68244809999993,0 -47.654926099999955,-22.68232489999997,0 -47.65509959999997,-22.682303299999944,0 -47.65522469999996,-22.682260199999973,0 -47.65534629999996,-22.68224209999994,0 -47.65544109999996,-22.682218899999953,0 -47.65553959999994,-22.682154799999978,0 -47.655597099999966,-22.682117699999935,0 -47.65571939999995,-22.682147,0 -47.655877799999985,-22.68215989999993,0 -47.65595379999996,-22.682159499999955,0 -47.656026699999984,-22.68215909999998,0 -47.65630089999996,-22.68213739999993,0 -47.65658819999993,-22.682105899999954,0 -47.657076899999936,-22.68197179999993,0 -47.65735959999995,-22.68187709999995,0 -47.657538099999954,-22.68185989999995,0 -47.657558499999936,-22.68187169999993,0 -47.657726399999945,-22.681959699999936,0 -47.657815599999935,-22.68207209999997,0 -47.65783179999994,-22.682204199999944,0 -47.65778739999996,-22.682323,0 -47.657677199999966,-22.68243309999997,0 -47.657538199999976,-22.682516299999975,0 -47.65729479999993,-22.68257479999994,0 -47.65714649999995,-22.682637099999965,0 -47.65701219999994,-22.682773,0 -47.656939499999964,-22.682917,0 -47.656851,-22.683042899999975,0 -47.656731699999966,-22.683159399999965,0 -47.65657379999993,-22.683363399999962,0 -47.656439,-22.68356209999996,0 -47.65627449999994,-22.68370219999997,0 -47.65608,-22.68377049999998,0 -47.655857699999956,-22.683856499999933,0 -47.65570269999995,-22.68394159999997,0 -47.655715199999975,-22.68403,0 -47.65578369999997,-22.684083699999974,0 -47.65594909999993,-22.684109299999932,0 -47.65614469999997,-22.68415079999994,0 -47.65634529999994,-22.684224099999938,0 -47.65654209999997,-22.684315699999956,0 -47.65668079999995,-22.684397299999944,0 -47.65673609999993,-22.684479099999976,0 -47.656818699999974,-22.68472429999997,0 -47.656827799999974,-22.68491439999997,0 -47.65680219999996,-22.68505719999996,0 -47.65672829999994,-22.685148599999934,0 -47.656645399999945,-22.68520019999994,0 -47.656537699999944,-22.685240799999974,0 -47.65636329999995,-22.685361799999953,0 -47.65624079999998,-22.685484799999983,0 -47.656214699999964,-22.685575899999947,0 -47.65618519999998,-22.68567889999997,0 -47.65618789999996,-22.68579559999995,0 -47.656214199999965,-22.68598659999998,0 -47.65621259999995,-22.68614629999996,0 -47.65626439999994,-22.68627289999995,0 -47.65630779999998,-22.686350499999946,0 -47.656296699999984,-22.686452,0 -47.65624749999995,-22.686582199999975,0 -47.656231599999956,-22.68670709999998,0 -47.65625529999994,-22.686809599999947,0 -47.656343799999945,-22.686918799999944,0 -47.656488199999956,-22.686997599999927,0 -47.656633099999965,-22.68704809999997,0 -47.65689809999998,-22.687036099999943,0 -47.65712569999994,-22.687077899999963,0 -47.657236299999965,-22.687111199999947,0 -47.65734429999998,-22.68712869999996,0 -47.657464699999935,-22.68708419999996,0 -47.657598,-22.68699689999994,0 -47.65771189999998,-22.68687559999995,0 -47.65785439999996,-22.68684559999997,0 -47.65806459999993,-22.686842199999944,0 -47.658250899999985,-22.68685869999996,0 -47.65843,-22.686921799999936,0 -47.65858449999996,-22.68698409999996,0 -47.65876479999997,-22.68702479999996,0 -47.65889919999995,-22.687024899999983,0 -47.659001699999976,-22.687006199999928,0 -47.659158,-22.686986399999967,0 -47.65928919999993,-22.687000199999943,0 -47.659477799999934,-22.687041,0 -47.65966569999995,-22.687088,0 -47.659694499999944,-22.687086499999964,0 -47.66000269999995,-22.686086299999943,0 -47.66003349999994,-22.685986299999968,0 -47.66019629999994,-22.685471399999983,0 -47.66076719999995,-22.68495759999996,0 -47.66073179999995,-22.68493559999996,0 -47.65921849999995,-22.68399439999996,0 -47.66111559999996,-22.681477599999937,0 -47.66113969999998,-22.68144559999996,0 -47.66142559999997,-22.681630799999937,0 -47.66145469999998,-22.681602099999964,0 -47.661556099999984,-22.681502,0 -47.66158569999993,-22.681472799999938,0 -47.661615,-22.681444299999953,0 -47.662833,-22.680258,0 -47.662860799999976,-22.68023089999997,0 -47.662890699999934,-22.68020139999993,0 -47.662945,-22.680148,0 -47.662967299999934,-22.680109899999934,0 -47.66298859999995,-22.68007369999998,0 -47.66301649999997,-22.680045199999938,0 -47.66488089999996,-22.678196699999944,0 -47.66490909999993,-22.67816879999998,0 -47.664937899999984,-22.678140499999927,0 -47.665419,-22.677669,0 -47.665450799999974,-22.67763789999998,0 -47.66806539999993,-22.675181099999975,0 -47.66797989999998,-22.674983899999972,0 -47.667927099999986,-22.67478929999993,0 -47.66788789999998,-22.674461099999974,0 -47.667861,-22.674059799999952,0 -47.66787069999998,-22.67374579999995,0 -47.66790339999994,-22.673137099999963,0 -47.66794439999995,-22.67274809999998,0 -47.667999,-22.672391199999936,0 -47.66808039999995,-22.67214389999998,0 -47.66827129999996,-22.671850499999948,0 -47.66848939999994,-22.671592699999962,0 -47.66868089999997,-22.67143649999997,0 -47.66890009999997,-22.67134159999995,0 -47.66934159999994,-22.671161299999937,0 -47.66966659999997,-22.67096049999998,0 -47.669961299999954,-22.670757899999955,0 -47.67030529999994,-22.67044549999997,0 -47.670943499999964,-22.669774,0 -47.67121869999994,-22.669510099999968,0 -47.671554399999934,-22.66921689999998,0 -47.671923,-22.66882819999995,0 -47.672308,-22.668338799999958,0 -47.67277309999997,-22.667825299999947,0 -47.67320559999996,-22.667357699999968,0 -47.67367129999997,-22.666880299999946,0 -47.67404009999996,-22.666524099999947,0 -47.67497979999996,-22.665571099999966,0 -47.67545389999998,-22.665058399999964,0 -47.67574689999998,-22.66473629999996,0 -47.67596329999998,-22.664382699999976,0 -47.67614669999995,-22.663996099999963,0 -47.67633029999996,-22.66361109999997,0 -47.67655119999995,-22.663234699999975,0 -47.67687629999995,-22.662762099999952,0 -47.677134,-22.66240019999998,0 -47.67728609999995,-22.662090599999942,0 -47.67739469999998,-22.661769899999967,0 -47.677453199999945,-22.66152589999996,0 -47.677534399999956,-22.66112389999995,0 -47.67764079999995,-22.660676,0 -47.67771389999996,-22.660272599999928,0 -47.677761,-22.65991459999998,0 -47.67783069999996,-22.659568399999955,0 -47.67793259999996,-22.659233599999936,0 -47.67809209999996,-22.65879309999997,0 -47.67823869999995,-22.658389799999952,0 -47.67826489999993,-22.658112199999948,0 -47.67824189999993,-22.657780099999968,0 -47.678169699999955,-22.657385099999942,0 -47.678070299999945,-22.656947899999977,0 -47.67798819999996,-22.656453099999965,0 -47.678003099999955,-22.65592859999998,0 -47.67844809999997,-22.654903099999956,0 -47.67883009999997,-22.65431949999993,0 -47.679218599999956,-22.653867899999966,0 -47.679461199999935,-22.653452,0 -47.67965859999998,-22.652931699999954,0 -47.67928139999998,-22.652861299999927,0 -47.67903279999996,-22.652853799999946,0 -47.67876549999994,-22.652897499999938,0 -47.67857289999995,-22.652982399999928,0 -47.67831129999996,-22.653046899999936,0 -47.677991099999986,-22.653065699999956,0 -47.67769819999995,-22.653063199999963,0 -47.67742109999995,-22.653041,0 -47.67724939999994,-22.652997,0 -47.67707729999995,-22.65295229999998,0 -47.67694289999997,-22.652902499999982,0 -47.67690559999994,-22.65288869999995,0 -47.67655849999994,-22.653620199999978,0 -47.67642009999997,-22.653879,0 -47.676291599999956,-22.654196399999933,0 -47.67614419999995,-22.654468299999962,0 -47.67537919999995,-22.655480299999965,0 -47.67300129999995,-22.65836369999994,0 -47.672595799999954,-22.658685599999956,0 -47.671955,-22.659153199999935,0 -47.67142929999994,-22.659328,0 -47.670581099999936,-22.65956659999995,0 -47.66878879999996,-22.66007079999997,0 -47.667935099999966,-22.660237699999982,0 -47.667541599999936,-22.660248699999954,0 -47.66587539999995,-22.659991299999945,0 -47.66530009999997,-22.659956199999954,0 -47.66450359999993,-22.659842,0 -47.66446289999993,-22.659874199999933,0 -47.663796,-22.660373,0 -47.663715,-22.660549,0 -47.663607,-22.66069,0 -47.663512,-22.660808,0 -47.663438,-22.660822,0 -47.663346,-22.661044,0 -47.663349,-22.661148,0 -47.663165,-22.661211,0 -47.663097,-22.661421,0 -47.6631,-22.661536,0 -47.662908,-22.66175,0 -47.662867,-22.662005,0 -47.662663,-22.662219,0 -47.662545,-22.662442,0 -47.662374,-22.662516,0 -47.662136,-22.662823,0 -47.661932,-22.663036,0 -47.661678,-22.663263,0 -47.661569,-22.663335,0 -47.661449,-22.663465,0 -47.660213099999964,-22.663623899999948,0 -47.660166499999946,-22.663630699999942,0 -47.65974149999994,-22.66344909999998,0 -47.659470699999986,-22.663333399999942,0 -47.65917019999995,-22.663238899999953,0 -47.65885429999997,-22.663139499999943,0 -47.658641,-22.663098299999945,0 -47.658340599999974,-22.663040299999977,0 -47.658077599999956,-22.663085,0 -47.65775679999996,-22.663139499999943,0 -47.657560699999976,-22.66319119999997,0 -47.657075299999974,-22.663201499999957,0 -47.65674809999996,-22.663208399999974,0 -47.656530499999974,-22.663170299999933,0 -47.656558,-22.663122199999975,0 -47.65701039999993,-22.662331199999983,0 -47.657378499999936,-22.66226169999993,0 -47.65728989999997,-22.661514799999964,0 -47.65728349999995,-22.661460899999952,0 -47.657794199999955,-22.661842299999932,0 -47.65786889999998,-22.661850899999934,0 -47.65791559999997,-22.661842299999932,0 -47.657967,-22.661794,0 -47.65805779999994,-22.66169629999996,0 -47.65700259999994,-22.66090029999998,0 -47.65694119999995,-22.660854,0 -47.65581089999995,-22.659998499999972,0 -47.654544499999986,-22.65903559999998,0 -47.653999,-22.65950739999994,0 -47.65396029999994,-22.659540899999968,0 -47.65396939999994,-22.659648799999957,0 -47.65396479999998,-22.659735,0 -47.654123599999934,-22.660760599999946,0 -47.65428229999998,-22.660933,0 -47.65465709999995,-22.661133699999937,0 -47.655038899999965,-22.661338099999966,0 -47.655202299999985,-22.661385499999938,0 -47.655426499999976,-22.661441499999967,0 -47.655702,-22.661458799999934,0 -47.655740599999945,-22.661451,0 -47.65593549999994,-22.661411399999963,0 -47.656085,-22.661376899999937,0 -47.656281099999944,-22.661376899999937,0 -47.65637449999997,-22.66139849999996,0 -47.65650059999996,-22.661476,0 -47.65647249999995,-22.661505699999964,0 -47.65641679999993,-22.661564399999975,0 -47.65662039999995,-22.661794499999928,0 -47.65664129999993,-22.662458899999933,0 -47.65625819999997,-22.663066799999967,0 -47.65623549999998,-22.663102799999933,0 -47.65601959999998,-22.663053299999945,0 -47.65551969999996,-22.662924699999962,0 -47.655449799999985,-22.662906799999973,0 -47.65512289999998,-22.662842099999978,0 -47.654976499999975,-22.662822799999958,0 -47.65482869999994,-22.66280329999995,0 -47.65443669999996,-22.662791699999957,0 -47.654394399999944,-22.66279039999995,0 -47.65393229999995,-22.66280839999996,0 -47.65373129999995,-22.662816299999974,0 -47.65368319999993,-22.662815199999955,0 -47.65393149999994,-22.664528299999972,0</coordinates></LinearRing></outerBoundaryIs></Polygon></MultiGeometry>
</Placemark>
<Placemark>
<name>São Judas</name>
<ExtendedData>
<Data name="CD_BAIRRO"><value>3538709012</value></Data>
<Data name="NM_BAIRRO"><value>São Judas</value></Data>
<Data name="2000"><value>1638.7769171185128</value></Data><Data name="2010"><value>7745.082840236686</value></Data><Data name="2022"><value>6608.51</value></Data><Data name="delta 00 - 10"><value>3.726136156381179</value></Data><Data name="delta 10 - 22"><value>-0.1467476673499276</value></Data>
</ExtendedData>
<Style>
<LineStyle><color>ff666666</color><width>1</width></LineStyle>
<PolyStyle><color>4dcccccc</color></PolyStyle>
</Style>
<MultiGeometry><Polygon><outerBoundaryIs><LinearRing><coordinates>-47.63294069999995,-22.719082799999967,0 -47.63299879999994,-22.720111,0 -47.633000899999956,-22.720150899999965,0 -47.633054899999934,-22.72117,0 -47.63312689999998,-22.722231199999953,0 -47.633192099999974,-22.723157899999933,0 -47.63319219999994,-22.723159599999974,0 -47.63319539999998,-22.723220199999957,0 -47.633199899999966,-22.72330169999998,0 -47.633235499999955,-22.72405679999997,0 -47.633234,-22.724103299999967,0 -47.63323339999994,-22.72412429999997,0 -47.633274,-22.724105,0 -47.63343149999997,-22.724031,0 -47.63466359999995,-22.723447299999975,0 -47.63542079999996,-22.72307559999996,0 -47.63550189999995,-22.723035899999957,0 -47.63553779999995,-22.72301829999998,0 -47.63557429999997,-22.72300169999994,0 -47.63638089999995,-22.72263479999998,0 -47.63641759999996,-22.722618099999977,0 -47.63729219999993,-22.72220969999995,0 -47.63816469999995,-22.721767099999965,0 -47.639049099999966,-22.72133919999993,0 -47.639935299999934,-22.720925699999952,0 -47.64083249999993,-22.72049979999997,0 -47.640369799999974,-22.719734899999935,0 -47.640346299999976,-22.71969359999997,0 -47.64039169999995,-22.719692299999963,0 -47.64040069999993,-22.719692099999975,0 -47.640333199999986,-22.719588699999974,0 -47.639935399999956,-22.718875399999945,0 -47.63942939999998,-22.71801769999996,0 -47.638977899999986,-22.71722929999993,0 -47.63849869999996,-22.716397299999983,0 -47.63805449999995,-22.715597499999944,0 -47.63758149999995,-22.714781099999982,0 -47.63712319999996,-22.713953299999957,0 -47.63671009999996,-22.713241899999957,0 -47.636652099999935,-22.713142199999936,0 -47.63660669999996,-22.713058,0 -47.63620609999998,-22.712317499999983,0 -47.63618779999996,-22.712283299999967,0 -47.63624139999996,-22.712255399999947,0 -47.636223,-22.712224099999958,0 -47.635743599999955,-22.711435,0 -47.635626299999956,-22.711222,0 -47.63552329999993,-22.711185299999954,0 -47.63552329999993,-22.711147799999935,0 -47.63552839999994,-22.711121899999966,0 -47.63552929999997,-22.71109789999997,0 -47.635526599999935,-22.711074399999973,0 -47.63551719999998,-22.71104719999994,0 -47.635500899999954,-22.71101779999998,0 -47.63549059999997,-22.711008599999957,0 -47.63547449999993,-22.710994399999947,0 -47.63543279999993,-22.71097469999995,0 -47.63538509999995,-22.71097,0 -47.63534439999995,-22.710968099999945,0 -47.63530339999994,-22.710986899999966,0 -47.634200299999975,-22.71214969999994,0 -47.63405229999995,-22.71231439999997,0 -47.63350209999993,-22.712951,0 -47.633038099999965,-22.713472599999932,0 -47.632719,-22.713852199999963,0 -47.63272449999994,-22.71393839999996,0 -47.63272859999995,-22.714001499999938,0 -47.63273429999998,-22.714091,0 -47.63275779999998,-22.714451199999928,0 -47.63278059999993,-22.71473249999997,0 -47.63280919999994,-22.716033599999946,0 -47.63277849999997,-22.71611859999996,0 -47.63281049999995,-22.716638099999955,0 -47.632830499999955,-22.717079599999977,0 -47.63294069999995,-22.719082799999967,0</coordinates></LinearRing></outerBoundaryIs></Polygon></MultiGeometry>
</Placemark>
<Placemark>
<name>Dois Córregos</name>
<ExtendedData>
<Data name="CD_BAIRRO"><value>3538709018</value></Data>
<Data name="NM_BAIRRO"><value>Dois Córregos</value></Data>
<Data name="2000"><value>1135.6008298755187</value></Data><Data name="2010"><value>3282.5860373647984</value></Data><Data name="2022"><value>5104.52</value></Data><Data name="delta 00 - 10"><value>1.8906160959081246</value></Data><Data name="delta 10 - 22"><value>0.5550300713817141</value></Data>
</ExtendedData>
<Style>
<LineStyle><color>ff666666</color><width>1</width></LineStyle>
<PolyStyle><color>4dcccccc</color></PolyStyle>
</Style>
<MultiGeometry><Polygon><outerBoundaryIs><LinearRing><coordinates>-47.59867459999998,-22.750097899999957,0 -47.59870019999994,-22.750114199999928,0 -47.59877209999996,-22.75016,0 -47.59958429999995,-22.75067779999995,0 -47.603240599999936,-22.75289209999994,0 -47.603705,-22.752427599999976,0 -47.604189099999985,-22.752042399999937,0 -47.604594599999984,-22.751832899999954,0 -47.60496779999994,-22.751661199999944,0 -47.60531739999993,-22.751519,0 -47.60563539999998,-22.751396899999975,0 -47.605989499999964,-22.751269299999933,0 -47.61050289999997,-22.74982239999997,0 -47.610544699999934,-22.749809,0 -47.61087589999994,-22.750174199999947,0 -47.61120069999998,-22.75047859999995,0 -47.61166739999993,-22.750823099999934,0 -47.61201229999995,-22.75102329999993,0 -47.61226759999994,-22.751105799999948,0 -47.61247849999995,-22.75114149999996,0 -47.61257309999996,-22.75118889999993,0 -47.61265919999994,-22.751254399999937,0 -47.61273449999993,-22.75138929999997,0 -47.61275489999997,-22.75150009999993,0 -47.61274489999994,-22.751611399999945,0 -47.614973599999985,-22.74965149999997,0 -47.615282399999955,-22.749392,0 -47.61536559999996,-22.74933379999993,0 -47.615458,-22.74926979999998,0 -47.61562349999997,-22.749197,0 -47.615674199999944,-22.74918279999997,0 -47.61654359999994,-22.748929199999964,0 -47.61788889999997,-22.748028399999953,0 -47.618066,-22.747892099999945,0 -47.61844449999995,-22.747635199999934,0 -47.61965739999994,-22.746784699999978,0 -47.61985349999998,-22.746627199999978,0 -47.620297799999946,-22.746238199999937,0 -47.62078369999995,-22.745880599999964,0 -47.620847699999956,-22.74583439999998,0 -47.621024699999964,-22.745702299999948,0 -47.62137779999995,-22.745459299999936,0 -47.62057269999997,-22.744537799999932,0 -47.619577799999945,-22.74359869999995,0 -47.618905799999936,-22.74285969999994,0 -47.61790649999995,-22.741696599999955,0 -47.61789219999997,-22.741679499999975,0 -47.616944899999964,-22.742060599999945,0 -47.61646269999994,-22.742277299999955,0 -47.615943899999934,-22.742512399999953,0 -47.615827699999954,-22.742533099999946,0 -47.61575039999997,-22.742535,0 -47.61567649999995,-22.74253109999995,0 -47.615583399999934,-22.742517499999963,0 -47.615174199999956,-22.742429699999946,0 -47.61506659999998,-22.742402099999936,0 -47.614741899999956,-22.742318799999964,0 -47.61366049999998,-22.742103199999974,0 -47.61357289999995,-22.742086099999938,0 -47.61338319999993,-22.742049099999974,0 -47.61274479999997,-22.741925599999945,0 -47.612566,-22.741886699999952,0 -47.612359899999944,-22.741837,0 -47.612174599999946,-22.741785,0 -47.612103099999956,-22.74175859999997,0 -47.611382,-22.741434199999958,0 -47.61136419999997,-22.74140159999996,0 -47.611182,-22.741074099999935,0 -47.61044579999998,-22.739751099999978,0 -47.61019529999993,-22.739306,0 -47.60983249999998,-22.738661499999978,0 -47.608803499999965,-22.73683509999995,0 -47.60818429999995,-22.735735899999952,0 -47.60757579999995,-22.734642099999974,0 -47.60752259999998,-22.73457529999996,0 -47.607461099999966,-22.73449889999995,0 -47.60743529999996,-22.73446679999995,0 -47.60741019999995,-22.73443549999996,0 -47.607304599999964,-22.734303799999964,0 -47.60697249999998,-22.734455399999945,0 -47.606935,-22.734472599999947,0 -47.606897,-22.734489199999928,0 -47.60671709999997,-22.734568099999933,0 -47.60619649999995,-22.73480049999995,0 -47.605749799999955,-22.734955599999978,0 -47.605719599999986,-22.73496609999995,0 -47.605365,-22.73506939999993,0 -47.60504579999997,-22.735149599999943,0 -47.60401919999998,-22.735423199999957,0 -47.60385519999994,-22.735469399999943,0 -47.60232879999995,-22.735837199999935,0 -47.60179189999997,-22.73596969999994,0 -47.601694,-22.735996299999954,0 -47.60117349999996,-22.736120699999958,0 -47.60027329999997,-22.736344799999927,0 -47.59861519999998,-22.736749199999963,0 -47.598222299999975,-22.73681019999998,0 -47.59807749999993,-22.736836099999948,0 -47.597955499999955,-22.73685219999993,0 -47.597709899999984,-22.736854,0 -47.597613499999966,-22.736847299999965,0 -47.59754369999996,-22.736853399999973,0 -47.59746329999996,-22.736874499999942,0 -47.597401599999955,-22.736895499999946,0 -47.59733179999995,-22.73692639999996,0 -47.597238,-22.736995699999966,0 -47.59715209999996,-22.737050099999976,0 -47.59691809999998,-22.737174399999958,0 -47.59613419999994,-22.737409299999968,0 -47.59437369999995,-22.73786,0 -47.59272359999994,-22.73828249999997,0 -47.59232609999998,-22.73838429999995,0 -47.59112479999993,-22.73869179999997,0 -47.59051069999998,-22.73883909999995,0 -47.59009489999994,-22.73896419999994,0 -47.58942179999997,-22.739118099999928,0 -47.58894809999998,-22.73924,0 -47.58872249999996,-22.739298099999928,0 -47.588568,-22.73934689999993,0 -47.58845219999995,-22.739386199999956,0 -47.58827329999997,-22.739459299999965,0 -47.58809239999994,-22.739543699999956,0 -47.587909399999944,-22.739650599999948,0 -47.58767769999997,-22.739805899999965,0 -47.586244599999986,-22.74079409999996,0 -47.58598159999997,-22.740989799999966,0 -47.585895,-22.74105469999995,0 -47.58583149999998,-22.74110159999998,0 -47.585360399999956,-22.74142779999994,0 -47.585285899999974,-22.741472,0 -47.58506969999996,-22.74160029999996,0 -47.58488269999998,-22.741697699999975,0 -47.58491289999995,-22.741727099999935,0 -47.58519719999998,-22.74200369999994,0 -47.58487089999994,-22.74243789999997,0 -47.584730899999954,-22.742603199999962,0 -47.584582599999976,-22.742762399999947,0 -47.584465799999975,-22.74305419999996,0 -47.58440559999997,-22.74337049999997,0 -47.58434609999995,-22.74357219999996,0 -47.58423359999995,-22.743718599999966,0 -47.584169299999985,-22.743870199999947,0 -47.58416549999998,-22.744009699999935,0 -47.584187199999974,-22.744136199999957,0 -47.584128799999974,-22.744294,0 -47.584019499999954,-22.744413899999927,0 -47.58389179999995,-22.74449169999997,0 -47.583744499999966,-22.744572199999936,0 -47.58351049999993,-22.74473519999998,0 -47.58318259999993,-22.74504289999993,0 -47.58296089999993,-22.74525079999995,0 -47.58277339999995,-22.745377299999973,0 -47.58258639999997,-22.745471599999973,0 -47.582384899999965,-22.74548859999993,0 -47.58215359999997,-22.745574199999965,0 -47.58199629999996,-22.74575649999997,0 -47.581679,-22.746191,0 -47.581628799999976,-22.746316899999954,0 -47.58152,-22.74659,0 -47.581497,-22.746773,0 -47.581531,-22.746955,0 -47.581514,-22.747691,0 -47.581476,-22.748298,0 -47.58143389999998,-22.74889879999995,0 -47.58286229999993,-22.74911039999995,0 -47.58396189999996,-22.74920359999993,0 -47.584069099999965,-22.74921489999997,0 -47.586368499999935,-22.749363099999982,0 -47.58649349999996,-22.74936839999998,0 -47.58658959999997,-22.749372499999936,0 -47.587577299999964,-22.749431699999946,0 -47.58850559999996,-22.749491399999954,0 -47.589512,-22.74955669999997,0 -47.58961929999998,-22.749563699999953,0 -47.590616299999965,-22.74964179999995,0 -47.59146889999994,-22.749708599999963,0 -47.59162829999997,-22.749712199999976,0 -47.59189889999993,-22.74971839999995,0 -47.592466599999966,-22.749779199999978,0 -47.592505399999936,-22.74984939999996,0 -47.592628299999944,-22.74994879999997,0 -47.592675199999974,-22.75011589999997,0 -47.592900199999974,-22.75053719999994,0 -47.594831,-22.750452799999948,0 -47.59494719999998,-22.750493699999936,0 -47.59552129999997,-22.750972099999956,0 -47.59556259999994,-22.751001599999938,0 -47.59617039999995,-22.751436299999966,0 -47.59604509999997,-22.752323199999978,0 -47.59603939999994,-22.752363299999956,0 -47.59622529999996,-22.752360799999963,0 -47.59762129999996,-22.75324349999994,0 -47.59772529999998,-22.75334879999997,0 -47.59778109999996,-22.753457899999944,0 -47.59783289999996,-22.75359609999998,0 -47.59785809999994,-22.75366779999996,0 -47.59787719999997,-22.753722,0 -47.59818039999993,-22.752343399999972,0 -47.59821249999993,-22.75220889999997,0 -47.59824489999994,-22.752060399999948,0 -47.59838259999998,-22.751436599999977,0 -47.59867459999998,-22.750097899999957,0</coordinates></LinearRing></outerBoundaryIs></Polygon></MultiGeometry>
</Placemark>
<Placemark>
<name>Santa Cecília</name>
<ExtendedData>
<Data name="CD_BAIRRO"><value>3538709015</value></Data>
<Data name="NM_BAIRRO"><value>Santa Cecília</value></Data>
<Data name="2000"><value>1574.7388825541618</value></Data><Data name="2010"><value>4901.859375</value></Data><Data name="2022"><value>5737.33</value></Data><Data name="delta 00 - 10"><value>2.1128077354954145</value></Data><Data name="delta 10 - 22"><value>0.1704395334678486</value></Data>
</ExtendedData>
<Style>
<LineStyle><color>ff666666</color><width>1</width></LineStyle>
<PolyStyle><color>4dcccccc</color></PolyStyle>
</Style>
<MultiGeometry><Polygon><outerBoundaryIs><LinearRing><coordinates>-47.620082199999956,-22.727822599999968,0 -47.620145899999955,-22.727799,0 -47.62427679999996,-22.72626729999996,0 -47.62523209999995,-22.72592929999996,0 -47.62533389999993,-22.725876899999946,0 -47.625589,-22.725745599999982,0 -47.62591109999994,-22.72557889999996,0 -47.626129499999934,-22.72538609999998,0 -47.626221199999975,-22.72521679999994,0 -47.62632009999993,-22.72509219999995,0 -47.62640719999996,-22.725020299999983,0 -47.626445,-22.725002599999982,0 -47.62640659999994,-22.724976399999946,0 -47.626374699999985,-22.724954599999933,0 -47.626258,-22.724882,0 -47.62602439999995,-22.724762599999963,0 -47.62588219999998,-22.724666,0 -47.62574719999998,-22.724549899999943,0 -47.62563719999997,-22.72441939999993,0 -47.62555789999993,-22.72430929999996,0 -47.62544219999995,-22.72410739999998,0 -47.62530609999993,-22.723901499999954,0 -47.625164799999936,-22.723669599999937,0 -47.62506089999994,-22.723443199999963,0 -47.62497,-22.723202799999967,0 -47.62491739999996,-22.723021,0 -47.62487549999997,-22.722792599999934,0 -47.62482769999997,-22.722499699999958,0 -47.62477709999996,-22.722032399999932,0 -47.624735199999975,-22.721669799999972,0 -47.624690499999986,-22.72135469999995,0 -47.62468379999996,-22.72121459999994,0 -47.624674899999945,-22.721027,0 -47.62466559999996,-22.720797699999935,0 -47.624679,-22.720609499999966,0 -47.624737599999946,-22.720445,0 -47.62477779999995,-22.720246499999973,0 -47.62476189999995,-22.720042,0 -47.624729499999944,-22.719902,0 -47.624689099999955,-22.719816399999957,0 -47.624672199999964,-22.719780499999956,0 -47.62465189999995,-22.719745399999965,0 -47.62457989999996,-22.719621099999927,0 -47.62439129999996,-22.71945939999995,0 -47.62420369999995,-22.719316,0 -47.62408829999998,-22.719175899999982,0 -47.62396159999997,-22.718961299999933,0 -47.623861199999965,-22.71874239999994,0 -47.623789,-22.718592399999977,0 -47.62377109999994,-22.718523799999957,0 -47.62375869999994,-22.71847619999994,0 -47.623748199999966,-22.718429399999934,0 -47.62373039999994,-22.718349899999964,0 -47.62368829999997,-22.71812979999993,0 -47.62369039999993,-22.71798769999998,0 -47.62373759999997,-22.717884399999946,0 -47.62376679999994,-22.71776749999998,0 -47.62378369999993,-22.717679799999928,0 -47.623770899999954,-22.717615,0 -47.62376229999995,-22.71757169999995,0 -47.62374749999998,-22.71753469999993,0 -47.62372439999996,-22.71747689999995,0 -47.62345339999996,-22.717661,0 -47.62341619999995,-22.71768629999997,0 -47.62334959999998,-22.717732,0 -47.62331169999993,-22.717758199999935,0 -47.62326939999997,-22.717787399999963,0 -47.62176679999993,-22.71875,0 -47.621407499999975,-22.718966499999965,0 -47.620077299999934,-22.719600699999944,0 -47.618973299999936,-22.720004099999983,0 -47.617936,-22.720307399999967,0 -47.61734349999995,-22.720439599999963,0 -47.61690089999996,-22.72052979999995,0 -47.61617159999997,-22.720652299999983,0 -47.61574159999998,-22.720711299999948,0 -47.61425889999998,-22.72086009999998,0 -47.61423789999998,-22.720908399999928,0 -47.61420149999998,-22.720992499999966,0 -47.61398289999994,-22.721496299999956,0 -47.61394359999997,-22.721586699999932,0 -47.613829099999975,-22.721847799999978,0 -47.61335509999998,-22.723031799999944,0 -47.61248989999996,-22.725392099999965,0 -47.61220279999998,-22.726172599999927,0 -47.61204479999998,-22.726601199999948,0 -47.61184739999993,-22.727136499999972,0 -47.61172959999993,-22.72745519999995,0 -47.61167689999996,-22.727597799999955,0 -47.611343799999986,-22.72859649999998,0 -47.611037599999975,-22.729364,0 -47.61077609999995,-22.730082599999946,0 -47.61060039999995,-22.731006699999966,0 -47.610581699999955,-22.731136,0 -47.61058639999993,-22.73124789999997,0 -47.610614399999974,-22.731359899999973,0 -47.610665799999936,-22.731463299999973,0 -47.61070779999994,-22.731523599999946,0 -47.61074979999995,-22.731592499999977,0 -47.610803299999986,-22.731654299999946,0 -47.61093219999998,-22.731733599999927,0 -47.611014799999964,-22.731789299999946,0 -47.611174699999935,-22.731829199999936,0 -47.611316099999954,-22.73181089999997,0 -47.61140579999994,-22.73180039999994,0 -47.611445199999935,-22.73179579999993,0 -47.61234289999993,-22.73122479999995,0 -47.61315969999998,-22.73072469999994,0 -47.61398479999997,-22.730239599999948,0 -47.61443389999994,-22.72998259999997,0 -47.61495689999998,-22.729701199999965,0 -47.61663549999997,-22.729091,0 -47.620082199999956,-22.727822599999968,0</coordinates></LinearRing></outerBoundaryIs></Polygon></MultiGeometry>
</Placemark>
<Placemark>
<name>Vila Independência</name>
<ExtendedData>
<Data name="CD_BAIRRO"><value>3538709011</value></Data>
<Data name="NM_BAIRRO"><value>Vila Independência</value></Data>
<Data name="2000"><value>1216.0276953511375</value></Data><Data name="2010"><value>3937.5693717277486</value></Data><Data name="2022"><value>5420.52</value></Data><Data name="delta 00 - 10"><value>2.2380589576874272</value></Data><Data name="delta 10 - 22"><value>0.3766157464856434</value></Data>
</ExtendedData>
<Style>
<LineStyle><color>ff666666</color><width>1</width></LineStyle>
<PolyStyle><color>4dcccccc</color></PolyStyle>
</Style>
<MultiGeometry><Polygon><outerBoundaryIs><LinearRing><coordinates>-47.628694,-22.71584779999995,0 -47.626763299999936,-22.716191699999968,0 -47.62651919999996,-22.716238199999964,0 -47.62581129999995,-22.716416599999945,0 -47.625319099999956,-22.716578099999936,0 -47.625162699999976,-22.716635399999973,0 -47.62488089999994,-22.71675019999998,0 -47.62470039999994,-22.71683669999993,0 -47.62454489999993,-22.716930099999956,0 -47.62413539999994,-22.71720019999998,0 -47.62372439999996,-22.71747689999995,0 -47.62374749999998,-22.71753469999993,0 -47.62376229999995,-22.71757169999995,0 -47.623770899999954,-22.717615,0 -47.62378369999993,-22.717679799999928,0 -47.62376679999994,-22.71776749999998,0 -47.62373759999997,-22.717884399999946,0 -47.62369039999993,-22.71798769999998,0 -47.62368829999997,-22.71812979999993,0 -47.62373039999994,-22.718349899999964,0 -47.623748199999966,-22.718429399999934,0 -47.62375869999994,-22.71847619999994,0 -47.62377109999994,-22.718523799999957,0 -47.623789,-22.718592399999977,0 -47.623861199999965,-22.71874239999994,0 -47.62396159999997,-22.718961299999933,0 -47.62408829999998,-22.719175899999982,0 -47.62420369999995,-22.719316,0 -47.62439129999996,-22.71945939999995,0 -47.62457989999996,-22.719621099999927,0 -47.62465189999995,-22.719745399999965,0 -47.624672199999964,-22.719780499999956,0 -47.624689099999955,-22.719816399999957,0 -47.624729499999944,-22.719902,0 -47.62476189999995,-22.720042,0 -47.62477779999995,-22.720246499999973,0 -47.624737599999946,-22.720445,0 -47.624679,-22.720609499999966,0 -47.62466559999996,-22.720797699999935,0 -47.624674899999945,-22.721027,0 -47.62468379999996,-22.72121459999994,0 -47.624690499999986,-22.72135469999995,0 -47.624735199999975,-22.721669799999972,0 -47.62477709999996,-22.722032399999932,0 -47.62482769999997,-22.722499699999958,0 -47.62487549999997,-22.722792599999934,0 -47.62491739999996,-22.723021,0 -47.62497,-22.723202799999967,0 -47.62506089999994,-22.723443199999963,0 -47.625164799999936,-22.723669599999937,0 -47.62530609999993,-22.723901499999954,0 -47.62544219999995,-22.72410739999998,0 -47.62555789999993,-22.72430929999996,0 -47.62563719999997,-22.72441939999993,0 -47.62574719999998,-22.724549899999943,0 -47.62588219999998,-22.724666,0 -47.62602439999995,-22.724762599999963,0 -47.626258,-22.724882,0 -47.626374699999985,-22.724954599999933,0 -47.62640659999994,-22.724976399999946,0 -47.626445,-22.725002599999982,0 -47.62648169999994,-22.72502949999995,0 -47.626586,-22.725106099999948,0 -47.626726,-22.725220499999978,0 -47.62684359999997,-22.725389,0 -47.62690669999995,-22.72553279999994,0 -47.62695229999997,-22.72567829999997,0 -47.62730049999993,-22.72573959999994,0 -47.627349899999956,-22.725748299999964,0 -47.628173799999956,-22.725893,0 -47.62838359999995,-22.72588959999996,0 -47.62867849999998,-22.725901,0 -47.629075099999966,-22.725893799999938,0 -47.63006509999997,-22.72583469999995,0 -47.630843099999936,-22.72578649999997,0 -47.631024199999956,-22.725763899999947,0 -47.63164219999993,-22.725643,0 -47.63224669999994,-22.725526199999933,0 -47.633707399999935,-22.72521649999993,0 -47.63374739999995,-22.72520739999993,0 -47.63376039999997,-22.725205,0 -47.633729,-22.72515429999993,0 -47.63326949999998,-22.724283,0 -47.633252099999936,-22.724242699999934,0 -47.633250799999985,-22.72423779999997,0 -47.63323789999998,-22.724189499999966,0 -47.63323339999994,-22.72412429999997,0 -47.633234,-22.724103299999967,0 -47.633235499999955,-22.72405679999997,0 -47.633199899999966,-22.72330169999998,0 -47.63319539999998,-22.723220199999957,0 -47.63319219999994,-22.723159599999974,0 -47.633192099999974,-22.723157899999933,0 -47.63312689999998,-22.722231199999953,0 -47.633054899999934,-22.72117,0 -47.633000899999956,-22.720150899999965,0 -47.63299879999994,-22.720111,0 -47.63294069999995,-22.719082799999967,0 -47.632830499999955,-22.717079599999977,0 -47.63281049999995,-22.716638099999955,0 -47.63277849999997,-22.71611859999996,0 -47.63280919999994,-22.716033599999946,0 -47.63278059999993,-22.71473249999997,0 -47.63275779999998,-22.714451199999928,0 -47.63273429999998,-22.714091,0 -47.63272859999995,-22.714001499999938,0 -47.63272449999994,-22.71393839999996,0 -47.632719,-22.713852199999963,0 -47.63261959999994,-22.713967799999978,0 -47.63241539999996,-22.71419839999993,0 -47.63232429999994,-22.714305699999954,0 -47.63184479999995,-22.714840399999957,0 -47.63170059999993,-22.714975799999934,0 -47.631606,-22.715039399999966,0 -47.63121549999994,-22.715218,0 -47.63111319999996,-22.715264799999943,0 -47.63065679999994,-22.71539569999993,0 -47.629025499999955,-22.715776,0 -47.628694,-22.71584779999995,0</coordinates></LinearRing></outerBoundaryIs></Polygon></MultiGeometry>
</Placemark>
<Placemark>
<name>São Jorge</name>
<ExtendedData>
<Data name="CD_BAIRRO"><value>3538709041</value></Data>
<Data name="NM_BAIRRO"><value>São Jorge</value></Data>
<Data name="2000"><value>440.52323008849555</value></Data><Data name="2010"><value>1794.0149739583333</value></Data><Data name="2022"><value>2747.59</value></Data><Data name="delta 00 - 10"><value>3.07246395064782</value></Data><Data name="delta 10 - 22"><value>0.5315312524608917</value></Data>
</ExtendedData>
<Style>
<LineStyle><color>ff666666</color><width>1</width></LineStyle>
<PolyStyle><color>4dcccccc</color></PolyStyle>
</Style>
<MultiGeometry><Polygon><outerBoundaryIs><LinearRing><coordinates>-47.69377849999995,-22.744977,0 -47.693679,-22.744975499999953,0 -47.693499,-22.744970499999965,0 -47.69332449999996,-22.744933,0 -47.693127499999946,-22.744796,0 -47.69303549999995,-22.744686899999977,0 -47.69295159999996,-22.74459879999995,0 -47.69291149999998,-22.744515299999932,0 -47.69292309999997,-22.744442299999946,0 -47.69296119999996,-22.74437869999997,0 -47.693029199999955,-22.744183199999952,0 -47.69305339999994,-22.74399349999993,0 -47.693037,-22.743724499999928,0 -47.69304039999997,-22.743593499999974,0 -47.69305509999998,-22.743435199999965,0 -47.69305929999996,-22.74339559999993,0 -47.69106019999998,-22.743273599999952,0 -47.690855,-22.743286099999978,0 -47.690584,-22.74333759999996,0 -47.69028969999994,-22.743416399999944,0 -47.689782099999945,-22.743580899999927,0 -47.687254199999984,-22.744402099999945,0 -47.687031899999965,-22.74444879999993,0 -47.686824,-22.744438799999955,0 -47.68654389999995,-22.744362099999933,0 -47.68635419999998,-22.74425039999994,0 -47.68618969999994,-22.744102099999964,0 -47.68586079999994,-22.743613799999935,0 -47.685718,-22.743467099999975,0 -47.685560899999984,-22.743355299999962,0 -47.68533629999996,-22.743265099999974,0 -47.685115,-22.743238599999927,0 -47.68486,-22.74324859999996,0 -47.684033,-22.743584599999963,0 -47.68361239999996,-22.743786299999954,0 -47.68005279999994,-22.74533789999998,0 -47.67961,-22.745521199999928,0 -47.679469,-22.74554939999996,0 -47.679301,-22.74558289999993,0 -47.679038,-22.745596499999976,0 -47.678845799999976,-22.745563299999958,0 -47.678717699999936,-22.745524699999976,0 -47.678544399999964,-22.745446,0 -47.678512799999964,-22.745429099999967,0 -47.678426799999954,-22.745407,0 -47.678338,-22.745414099999948,0 -47.67825749999997,-22.74544949999995,0 -47.67819549999996,-22.74550869999996,0 -47.678169699999955,-22.745555099999933,0 -47.67815439999998,-22.74561719999997,0 -47.678158199999984,-22.745680899999968,0 -47.678180699999984,-22.74574119999994,0 -47.67822019999994,-22.745793499999934,0 -47.678261599999985,-22.74582659999993,0 -47.678376,-22.74599519999998,0 -47.67850709999993,-22.746398,0 -47.67855279999998,-22.74653319999993,0 -47.67896539999998,-22.747081299999934,0 -47.67917019999993,-22.747279899999967,0 -47.67971879999993,-22.74759759999995,0 -47.68006849999995,-22.747840699999983,0 -47.68066169999997,-22.748111299999948,0 -47.681095,-22.748314,0 -47.68151539999997,-22.748567299999934,0 -47.68214539999997,-22.74901159999996,0 -47.68339569999995,-22.749905099999978,0 -47.68424769999996,-22.750526799999932,0 -47.684429199999954,-22.75066069999997,0 -47.68468889999997,-22.750808099999972,0 -47.686267,-22.75160859999994,0 -47.68675,-22.75178939999995,0 -47.68722939999998,-22.751918399999965,0 -47.68844789999997,-22.752238199999965,0 -47.68874569999997,-22.75236209999997,0 -47.68946119999998,-22.752807599999983,0 -47.690368,-22.75337529999996,0 -47.69116909999997,-22.75387879999994,0 -47.69162989999995,-22.754167499999937,0 -47.692114499999946,-22.754471199999955,0 -47.69277159999996,-22.754887399999973,0 -47.69310789999997,-22.755169399999943,0 -47.69335429999995,-22.755448,0 -47.69358509999995,-22.755810099999962,0 -47.69420249999996,-22.757085699999948,0 -47.69436209999998,-22.757340899999974,0 -47.694487599999945,-22.757518199999936,0 -47.69475459999995,-22.75781619999998,0 -47.695784199999935,-22.75891139999993,0 -47.69613279999993,-22.759289799999976,0 -47.696339799999976,-22.759565099999975,0 -47.696443699999975,-22.75976609999998,0 -47.696536,-22.760056799999973,0 -47.69661039999994,-22.760264399999983,0 -47.69681019999996,-22.760626099999968,0 -47.69708229999998,-22.760941099999968,0 -47.697753199999966,-22.76164179999995,0 -47.697776,-22.761607199999958,0 -47.698596899999984,-22.76036689999995,0 -47.69992559999997,-22.75903969999996,0 -47.701458199999934,-22.75762,0 -47.70267839999997,-22.75702689999997,0 -47.70272909999994,-22.757003899999972,0 -47.702831199999935,-22.756880499999966,0 -47.703517,-22.756290399999955,0 -47.703497099999936,-22.756255499999952,0 -47.70343829999996,-22.75616,0 -47.70332829999995,-22.75605509999997,0 -47.703192299999955,-22.756011199999932,0 -47.70306619999997,-22.755947899999967,0 -47.70295249999998,-22.755841699999962,0 -47.702898,-22.755762199999936,0 -47.70290369999998,-22.75569809999996,0 -47.70296109999998,-22.75565009999997,0 -47.70313349999998,-22.75556,0 -47.70328329999995,-22.755504,0 -47.70349909999993,-22.75542719999993,0 -47.70367429999993,-22.75536569999997,0 -47.70376159999995,-22.755286199999944,0 -47.703792599999986,-22.755209699999966,0 -47.703811,-22.755115599999954,0 -47.70381329999998,-22.754990799999973,0 -47.70377579999996,-22.754866,0 -47.703662399999985,-22.754745,0 -47.703455,-22.754600799999935,0 -47.70326239999997,-22.754466299999933,0 -47.703081699999984,-22.75435049999993,0 -47.70294769999998,-22.75421369999998,0 -47.702847,-22.754099199999928,0 -47.70266909999998,-22.753967299999942,0 -47.70246929999996,-22.753795499999967,0 -47.702462699999955,-22.753698399999962,0 -47.70254,-22.753584299999943,0 -47.702571,-22.753466199999934,0 -47.702524,-22.753306599999974,0 -47.70252389999996,-22.753157699999974,0 -47.702570399999956,-22.75301,0 -47.70255989999998,-22.75291629999998,0 -47.70249959999995,-22.752881199999933,0 -47.702419099999986,-22.75290289999998,0 -47.70233379999996,-22.752938399999948,0 -47.70214329999993,-22.75298179999993,0 -47.701905899999986,-22.752965399999937,0 -47.70164659999995,-22.752985099999933,0 -47.70142989999994,-22.75297949999998,0 -47.70124519999996,-22.752978499999983,0 -47.70111819999994,-22.75292029999997,0 -47.701064299999985,-22.75282119999997,0 -47.70106279999993,-22.75273,0 -47.70108829999998,-22.75261,0 -47.70116269999994,-22.752459099999953,0 -47.701291,-22.752339699999936,0 -47.70143919999998,-22.752278099999955,0 -47.701620599999956,-22.752232299999946,0 -47.70170719999993,-22.752146599999946,0 -47.70172949999994,-22.75200469999993,0 -47.70166709999995,-22.751824599999964,0 -47.70159279999996,-22.751636899999937,0 -47.701498699999945,-22.751508499999943,0 -47.70134749999994,-22.75141119999995,0 -47.70119509999995,-22.751349799999957,0 -47.701012299999945,-22.751266399999963,0 -47.700823699999944,-22.751161699999955,0 -47.700639,-22.751055399999927,0 -47.700587,-22.75099169999993,0 -47.70059829999997,-22.750918699999943,0 -47.70069139999998,-22.750831199999936,0 -47.70073759999997,-22.75074369999993,0 -47.70075669999994,-22.750629299999957,0 -47.700766199999975,-22.75051,0 -47.70080729999995,-22.750401799999963,0 -47.700832299999945,-22.750289299999963,0 -47.700818899999945,-22.750187,0 -47.70073649999995,-22.750030799999934,0 -47.70063419999997,-22.749939599999948,0 -47.700362,-22.749755299999947,0 -47.700147399999935,-22.749586799999975,0 -47.700050199999964,-22.749428699999953,0 -47.699897299999975,-22.749219599999947,0 -47.69981469999993,-22.749058499999933,0 -47.699796,-22.748942099999965,0 -47.69979489999997,-22.748811399999965,0 -47.69979209999997,-22.748719299999948,0 -47.69969579999997,-22.74863769999996,0 -47.699603199999956,-22.74856939999995,0 -47.69943639999997,-22.74849809999995,0 -47.69929909999996,-22.748428799999942,0 -47.69912789999995,-22.748338299999944,0 -47.69894139999997,-22.74822389999997,0 -47.69878609999995,-22.748145199999954,0 -47.69866379999996,-22.748142299999927,0 -47.69855129999996,-22.74805669999995,0 -47.698540399999956,-22.747973299999956,0 -47.698567,-22.74789519999996,0 -47.69862469999998,-22.747789199999943,0 -47.698632799999984,-22.747709699999973,0 -47.69858149999993,-22.747633599999972,0 -47.698465699999986,-22.74757509999995,0 -47.698330399999975,-22.74755239999996,0 -47.698163299999976,-22.747471899999937,0 -47.697944,-22.747334399999943,0 -47.697861899999964,-22.747243699999956,0 -47.69785559999997,-22.747182799999962,0 -47.697887599999945,-22.747109199999954,0 -47.69794839999997,-22.747043099999928,0 -47.69795519999997,-22.746968799999934,0 -47.697918899999934,-22.746918799999946,0 -47.697826299999974,-22.74687609999995,0 -47.69770429999994,-22.746833699999968,0 -47.69761149999994,-22.74676869999996,0 -47.69751859999997,-22.74676839999995,0 -47.697455899999966,-22.746799499999952,0 -47.697434499999986,-22.74686289999994,0 -47.69749409999997,-22.74704639999993,0 -47.697555199999954,-22.747244299999977,0 -47.69757059999995,-22.747351099999946,0 -47.69753049999997,-22.74746369999997,0 -47.697434199999975,-22.747604899999942,0 -47.69734719999997,-22.747694399999943,0 -47.69726609999998,-22.747697199999948,0 -47.697182699999985,-22.74761069999994,0 -47.69707189999997,-22.747394,0 -47.696938099999954,-22.747110199999952,0 -47.69676759999993,-22.74690419999996,0 -47.696582099999944,-22.746739799999943,0 -47.696424899999954,-22.746571399999937,0 -47.69637239999997,-22.746464299999957,0 -47.696390399999984,-22.74634,0 -47.69639259999997,-22.74617489999997,0 -47.69637549999993,-22.746038,0 -47.696308,-22.745862199999976,0 -47.69624029999994,-22.74574789999997,0 -47.69616109999998,-22.745632399999977,0 -47.696073,-22.745554,0 -47.69595319999996,-22.745498,0 -47.69584809999998,-22.74544609999998,0 -47.69574319999998,-22.74541389999996,0 -47.69563739999995,-22.745456299999944,0 -47.69547159999996,-22.745625099999927,0 -47.69523429999998,-22.745876299999964,0 -47.69515739999997,-22.745914899999946,0 -47.69510109999993,-22.745897,0 -47.69503879999996,-22.745817899999963,0 -47.69494259999993,-22.74565039999993,0 -47.69476149999997,-22.74541389999996,0 -47.69460879999997,-22.74529169999994,0 -47.69441829999994,-22.74513639999998,0 -47.69429569999994,-22.744974299999967,0 -47.694166,-22.744829899999957,0 -47.69407259999997,-22.744812799999977,0 -47.693962099999965,-22.74483369999996,0 -47.693847,-22.74490449999996,0 -47.69377849999995,-22.744977,0</coordinates></LinearRing></outerBoundaryIs></Polygon></MultiGeometry>
</Placemark>
<Placemark>
<name>Cidade Judiciária</name>
<ExtendedData>
<Data name="CD_BAIRRO"><value>3538709069</value></Data>
<Data name="NM_BAIRRO"><value>Cidade Judiciária</value></Data>
<Data name="2000"><value></value></Data><Data name="2010"><value></value></Data><Data name="2022"><value>1670.5</value></Data><Data name="delta 00 - 10"><value></value></Data><Data name="delta 10 - 22"><value></value></Data>
</ExtendedData>
<Style>
<LineStyle><color>ff666666</color><width>1</width></LineStyle>
<PolyStyle><color>4dcccccc</color></PolyStyle>
</Style>
<MultiGeometry><Polygon><outerBoundaryIs><LinearRing><coordinates>-47.59083689999994,-22.776233299999944,0 -47.59085659999994,-22.77619809999993,0 -47.59080149999994,-22.77616839999996,0 -47.59048579999995,-22.77599349999997,0 -47.58759459999993,-22.77439149999998,0 -47.58723939999993,-22.774175299999968,0 -47.586847,-22.77389409999995,0 -47.586510499999974,-22.773613299999965,0 -47.586198699999954,-22.773293499999966,0 -47.58592119999997,-22.77295179999993,0 -47.585641599999974,-22.772569399999952,0 -47.58527789999994,-22.772023799999943,0 -47.585253799999975,-22.77198759999993,0 -47.58523089999994,-22.77195349999994,0 -47.58439619999996,-22.77070649999996,0 -47.584047199999986,-22.77021129999997,0 -47.583716799999934,-22.769745599999965,0 -47.582186899999954,-22.767556299999967,0 -47.58209029999995,-22.767612399999962,0 -47.58188069999994,-22.76727059999996,0 -47.581676,-22.767024,0 -47.58150239999998,-22.766827599999942,0 -47.58105329999995,-22.765492499999937,0 -47.58103369999998,-22.76520819999996,0 -47.58088819999995,-22.764902099999972,0 -47.58066149999996,-22.764688899999953,0 -47.580432299999984,-22.76453719999995,0 -47.58018189999996,-22.76443969999997,0 -47.57972739999997,-22.764352799999983,0 -47.57908619999995,-22.764229799999953,0 -47.578560799999934,-22.764127799999983,0 -47.578096899999935,-22.76398839999996,0 -47.57766869999995,-22.763766199999964,0 -47.577097,-22.763448599999947,0 -47.576689699999974,-22.76327459999993,0 -47.57639759999995,-22.763101,0 -47.576007499999946,-22.762819399999955,0 -47.575549499999966,-22.762495,0 -47.57519729999996,-22.762164199999972,0 -47.574851799999976,-22.76172379999997,0 -47.574522,-22.761388199999942,0 -47.57421379999994,-22.761187199999938,0 -47.57371989999996,-22.760867599999983,0 -47.57332489999993,-22.760565199999974,0 -47.57298429999997,-22.760263,0 -47.572621,-22.75990989999997,0 -47.57238669999998,-22.75972889999997,0 -47.572223099999974,-22.759604099999933,0 -47.57194849999996,-22.75946769999996,0 -47.57166289999998,-22.759375,0 -47.57127819999994,-22.759299599999963,0 -47.57106679999998,-22.759258099999954,0 -47.56878519999998,-22.760030899999947,0 -47.568354,-22.760181099999954,0 -47.56648139999993,-22.76093419999995,0 -47.566004,-22.761106499999983,0 -47.56566419999996,-22.76118839999998,0 -47.56562,-22.76143369999994,0 -47.56573169999996,-22.76170159999998,0 -47.56583569999998,-22.761909499999945,0 -47.565922599999965,-22.762032099999942,0 -47.56616729999996,-22.762274099999956,0 -47.56643139999994,-22.762543,0 -47.56655329999995,-22.762758799999972,0 -47.56652309999998,-22.762934599999937,0 -47.56645229999998,-22.763189099999977,0 -47.56643829999996,-22.76339059999998,0 -47.566427,-22.763683899999933,0 -47.566467399999965,-22.76399639999994,0 -47.566526,-22.764404799999966,0 -47.56657579999995,-22.76467789999998,0 -47.56652269999995,-22.764928,0 -47.566379,-22.76520449999998,0 -47.56626619999997,-22.76550979999996,0 -47.56625959999997,-22.765708,0 -47.56635619999997,-22.76593379999997,0 -47.56654609999998,-22.76627869999993,0 -47.566767099999936,-22.76659,0 -47.567069499999945,-22.767081399999938,0 -47.56719209999994,-22.767499,0 -47.56730529999993,-22.767910599999936,0 -47.56749639999998,-22.76841479999996,0 -47.567706,-22.768782599999952,0 -47.567988699999944,-22.76905309999995,0 -47.56832239999994,-22.769277099999954,0 -47.56850449999996,-22.76952769999997,0 -47.56861849999996,-22.76980629999997,0 -47.568706299999974,-22.77012609999997,0 -47.56885959999994,-22.770405799999935,0 -47.569127599999945,-22.77068239999994,0 -47.5693,-22.770934299999965,0 -47.56946579999993,-22.77127729999995,0 -47.569678099999976,-22.771691499999974,0 -47.56986759999995,-22.77206019999994,0 -47.57004459999996,-22.77237569999994,0 -47.570293,-22.772651499999938,0 -47.57034129999994,-22.772778099999982,0 -47.57035419999994,-22.77303909999995,0 -47.57033709999996,-22.773350599999958,0 -47.570354899999984,-22.77353729999993,0 -47.570432,-22.773817,0 -47.57063679999993,-22.77433689999998,0 -47.57082679999996,-22.774856599999964,0 -47.57094019999994,-22.775185499999964,0 -47.57109479999997,-22.775674899999956,0 -47.57109179999998,-22.775899299999935,0 -47.571071,-22.77635989999993,0 -47.571127,-22.776825499999973,0 -47.571177399999954,-22.77715539999997,0 -47.571268,-22.77740749999998,0 -47.57135349999993,-22.777704899999947,0 -47.57145469999995,-22.778014,0 -47.571476,-22.778248,0 -47.571539,-22.778489,0 -47.57178929999998,-22.779024499999935,0 -47.57201479999998,-22.779367299999933,0 -47.572140599999955,-22.779737799999964,0 -47.572262499999965,-22.780156499999975,0 -47.572379799999965,-22.780362799999978,0 -47.572586299999955,-22.78046429999995,0 -47.57291859999998,-22.780571099999975,0 -47.57307289999994,-22.780711699999927,0 -47.57316919999994,-22.780894399999966,0 -47.573203,-22.781059699999958,0 -47.57321189999993,-22.78110289999995,0 -47.57322069999998,-22.781146199999966,0 -47.57324309999996,-22.78125549999993,0 -47.57322009999996,-22.78140149999996,0 -47.573291,-22.781511,0 -47.57364449999994,-22.78172459999996,0 -47.573843,-22.78183409999997,0 -47.574087599999984,-22.782106399999975,0 -47.57453179999993,-22.78272439999995,0 -47.575936799999965,-22.78349469999995,0 -47.576089499999966,-22.783578399999953,0 -47.57764709999998,-22.784432399999957,0 -47.57854069999996,-22.785164899999927,0 -47.579332299999976,-22.785682099999974,0 -47.58177909999995,-22.787277,0 -47.583065499999975,-22.787243,0 -47.583978499999944,-22.787021599999946,0 -47.58479,-22.787010099999975,0 -47.586447299999975,-22.78405719999995,0 -47.587244699999985,-22.782628099999954,0 -47.587264199999936,-22.78259309999993,0 -47.58728409999998,-22.782558499999936,0 -47.58759829999997,-22.782011799999964,0 -47.58833819999995,-22.780692399999964,0 -47.58951719999993,-22.77859369999993,0 -47.59083689999994,-22.776233299999944,0</coordinates></LinearRing></outerBoundaryIs></Polygon></MultiGeometry>
</Placemark>
<Placemark>
<name>Cidade Alta</name>
<ExtendedData>
<Data name="CD_BAIRRO"><value>3538709002</value></Data>
<Data name="NM_BAIRRO"><value>Cidade Alta</value></Data>
<Data name="2000"><value>1403.7847300655071</value></Data><Data name="2010"><value>4183.664295485636</value></Data><Data name="2022"><value>5896.4</value></Data><Data name="delta 00 - 10"><value>1.9802748283851235</value></Data><Data name="delta 10 - 22"><value>0.40938650511765085</value></Data>
</ExtendedData>
<Style>
<LineStyle><color>ff666666</color><width>1</width></LineStyle>
<PolyStyle><color>4dcccccc</color></PolyStyle>
</Style>
<MultiGeometry><Polygon><outerBoundaryIs><LinearRing><coordinates>-47.63555269999995,-22.728378799999973,0 -47.63703669999995,-22.731021899999973,0 -47.63750319999997,-22.731847,0 -47.63794889999997,-22.73265639999994,0 -47.638384,-22.73343589999996,0 -47.63840339999996,-22.733470599999976,0 -47.638423699999976,-22.733505799999932,0 -47.638855,-22.734254299999975,0 -47.63887489999996,-22.734288899999967,0 -47.63889429999995,-22.734323899999936,0 -47.639396499999975,-22.735231599999963,0 -47.639818599999955,-22.73598119999997,0 -47.63983849999994,-22.736016699999936,0 -47.639883399999974,-22.735999799999945,0 -47.64035519999993,-22.73682109999993,0 -47.640504,-22.737143,0 -47.64069219999993,-22.73753759999994,0 -47.64077189999995,-22.73765,0 -47.64080739999997,-22.73775409999996,0 -47.640826199999935,-22.73785639999994,0 -47.64082639999998,-22.737931,0 -47.640867499999956,-22.737949399999934,0 -47.64094049999994,-22.737982199999976,0 -47.641003499999954,-22.737998699999935,0 -47.642399,-22.73812689999994,0 -47.64240549999994,-22.73812719999995,0 -47.642539899999974,-22.738129399999934,0 -47.64257689999994,-22.738127,0 -47.64275159999994,-22.73806109999998,0 -47.644416699999965,-22.73721649999993,0 -47.64445329999995,-22.737198,0 -47.644489799999974,-22.737179599999934,0 -47.645384699999966,-22.736730299999977,0 -47.64630049999994,-22.736272799999938,0 -47.64716969999995,-22.735873,0 -47.64779579999998,-22.735596699999974,0 -47.64783939999995,-22.735577399999954,0 -47.647851799999955,-22.735506399999963,0 -47.64791989999998,-22.735142099999962,0 -47.64801959999994,-22.734784599999955,0 -47.64803519999998,-22.73440329999994,0 -47.64784619999995,-22.733396599999935,0 -47.647657799999934,-22.732459199999937,0 -47.64759879999997,-22.732156,0 -47.64739289999994,-22.731273099999953,0 -47.64718489999996,-22.730367799999954,0 -47.64699009999998,-22.729882,0 -47.64690049999996,-22.729340499999978,0 -47.646736799999985,-22.72861039999998,0 -47.64674859999997,-22.728058499999975,0 -47.646820899999966,-22.72747309999994,0 -47.64693749999998,-22.72741149999996,0 -47.646927699999935,-22.727371199999936,0 -47.64684949999997,-22.727049199999954,0 -47.646842799999945,-22.727031,0 -47.64654369999994,-22.726453099999958,0 -47.64610869999996,-22.72562419999997,0 -47.64608889999994,-22.725589299999967,0 -47.645666699999936,-22.724844,0 -47.64564709999996,-22.724809599999958,0 -47.645632399999954,-22.724771699999962,0 -47.645289299999945,-22.723889799999938,0 -47.64488179999995,-22.723052,0 -47.64493449999998,-22.72302389999993,0 -47.645433399999945,-22.72279579999997,0 -47.64505129999998,-22.721911399999954,0 -47.644848499999966,-22.72147179999996,0 -47.645001699999966,-22.720892599999956,0 -47.64554949999996,-22.720671899999957,0 -47.64532359999998,-22.720232499999952,0 -47.64527149999998,-22.720113499999968,0 -47.64520219999997,-22.719923499999936,0 -47.64491119999997,-22.72025169999995,0 -47.64459849999997,-22.721072799999945,0 -47.64447149999995,-22.72215769999997,0 -47.64415429999997,-22.722301899999934,0 -47.64323419999994,-22.722721399999955,0 -47.64276469999993,-22.721910199999968,0 -47.64230619999995,-22.721069899999975,0 -47.64171369999997,-22.720076399999982,0 -47.641471499999966,-22.719694699999934,0 -47.64087829999994,-22.719681799999933,0 -47.64051959999995,-22.719689699999947,0 -47.64042869999997,-22.719691499999954,0 -47.64040069999993,-22.719692099999975,0 -47.64039169999995,-22.719692299999963,0 -47.640346299999976,-22.71969359999997,0 -47.640369799999974,-22.719734899999935,0 -47.64083249999993,-22.72049979999997,0 -47.639935299999934,-22.720925699999952,0 -47.639049099999966,-22.72133919999993,0 -47.63816469999995,-22.721767099999965,0 -47.63729219999993,-22.72220969999995,0 -47.63641759999996,-22.722618099999977,0 -47.63638089999995,-22.72263479999998,0 -47.63557429999997,-22.72300169999994,0 -47.63553779999995,-22.72301829999998,0 -47.63550189999995,-22.723035899999957,0 -47.63542079999996,-22.72307559999996,0 -47.63466359999995,-22.723447299999975,0 -47.63343149999997,-22.724031,0 -47.633274,-22.724105,0 -47.63323339999994,-22.72412429999997,0 -47.63323789999998,-22.724189499999966,0 -47.633250799999985,-22.72423779999997,0 -47.633252099999936,-22.724242699999934,0 -47.63326949999998,-22.724283,0 -47.633729,-22.72515429999993,0 -47.63376039999997,-22.725205,0 -47.633776799999964,-22.725231399999927,0 -47.634162799999956,-22.725916499999983,0 -47.634181799999965,-22.725950199999943,0 -47.63420179999997,-22.725985699999967,0 -47.634506399999964,-22.72652679999993,0 -47.63461969999997,-22.726715399999932,0 -47.63464049999993,-22.72675,0 -47.634659599999964,-22.726785199999938,0 -47.635078,-22.72755419999993,0 -47.635097,-22.727589099999932,0 -47.635117099999945,-22.727624,0 -47.63555269999995,-22.728378799999973,0</coordinates></LinearRing></outerBoundaryIs></Polygon></MultiGeometry>
</Placemark>
<Placemark>
<name>Dona Antônia</name>
<ExtendedData>
<Data name="CD_BAIRRO"><value>3538709067</value></Data>
<Data name="NM_BAIRRO"><value>Dona Antônia</value></Data>
<Data name="2000"><value></value></Data><Data name="2010"><value></value></Data><Data name="2022"><value>3341.69</value></Data><Data name="delta 00 - 10"><value></value></Data><Data name="delta 10 - 22"><value></value></Data>
</ExtendedData>
<Style>
<LineStyle><color>ff666666</color><width>1</width></LineStyle>
<PolyStyle><color>4dcccccc</color></PolyStyle>
</Style>
<MultiGeometry><Polygon><outerBoundaryIs><LinearRing><coordinates>-47.69088689999995,-22.792072,0 -47.688994,-22.790943,0 -47.68813759999995,-22.79042789999994,0 -47.68695479999997,-22.789746399999956,0 -47.68664249999995,-22.789613199999962,0 -47.68553949999995,-22.78947409999995,0 -47.68483539999994,-22.789403299999947,0 -47.68375309999993,-22.78929439999996,0 -47.68265629999996,-22.78916369999996,0 -47.68198629999995,-22.78903029999998,0 -47.681898899999965,-22.789012899999932,0 -47.68137639999998,-22.788802799999928,0 -47.67987569999997,-22.78781379999998,0 -47.67854509999995,-22.78689049999997,0 -47.677246699999955,-22.78598949999997,0 -47.676214899999934,-22.78550409999997,0 -47.67609609999994,-22.786412799999937,0 -47.67491039999993,-22.786499,0 -47.67513319999995,-22.787053799999967,0 -47.674522699999955,-22.787409599999933,0 -47.67443129999998,-22.787490699999978,0 -47.67436249999997,-22.787586199999964,0 -47.67418479999998,-22.788292799999965,0 -47.67374109999997,-22.78924589999997,0 -47.673270799999955,-22.790255399999978,0 -47.67016,-22.787968,0 -47.668452599999966,-22.786381499999948,0 -47.66790949999995,-22.785792199999946,0 -47.66785809999993,-22.78572379999997,0 -47.66783639999994,-22.785697399999947,0 -47.66835119999996,-22.785464599999955,0 -47.66832439999996,-22.785441399999968,0 -47.667756,-22.785093699999948,0 -47.66758429999993,-22.785197799999935,0 -47.667304599999966,-22.784932899999944,0 -47.667119499999956,-22.785124199999927,0 -47.66416119999997,-22.782798799999966,0 -47.66381409999997,-22.78254039999996,0 -47.66344,-22.782251199999962,0 -47.663383899999985,-22.782203599999946,0 -47.662601,-22.78153919999994,0 -47.6623,-22.781325,0 -47.661702899999966,-22.78089549999993,0 -47.66081809999997,-22.780341199999953,0 -47.660749,-22.780344299999967,0 -47.66066639999997,-22.780387,0 -47.66054879999996,-22.780388099999982,0 -47.660329099999956,-22.780246499999976,0 -47.660002599999984,-22.78000179999998,0 -47.65943949999996,-22.779512799999964,0 -47.658158,-22.778471099999933,0 -47.657732399999986,-22.778157799999974,0 -47.65759439999994,-22.77794789999996,0 -47.657318799999985,-22.77812149999994,0 -47.65724609999995,-22.778237699999977,0 -47.65695549999998,-22.778550199999927,0 -47.65662119999996,-22.779015199999947,0 -47.656192499999975,-22.779494799999952,0 -47.65576379999993,-22.779516599999965,0 -47.653344199999935,-22.779364,0 -47.652901,-22.779284,0 -47.65184019999998,-22.77921139999995,0 -47.651753,-22.77926219999995,0 -47.651745699999935,-22.779356699999937,0 -47.651784,-22.779571199999964,0 -47.651714099999936,-22.77959839999994,0 -47.65261449999997,-22.78166529999993,0 -47.65272169999997,-22.781908899999962,0 -47.65273789999998,-22.781945699999937,0 -47.65275429999997,-22.78198219999996,0 -47.65292139999997,-22.78235589999997,0 -47.65613849999994,-22.789825899999983,0 -47.65993789999993,-22.798528499999975,0 -47.65994349999994,-22.798522899999966,0 -47.66035569999997,-22.798107,0 -47.66178129999997,-22.79753039999997,0 -47.662090699999965,-22.79750309999997,0 -47.662266,-22.79756939999993,0 -47.66241359999998,-22.797743599999933,0 -47.66254419999996,-22.79789779999993,0 -47.66258069999998,-22.798138,0 -47.66260169999998,-22.798275899999965,0 -47.662704099999985,-22.798401299999966,0 -47.663871,-22.79861109999996,0 -47.66489109999998,-22.799064099999953,0 -47.665026799999964,-22.79901739999997,0 -47.665572699999984,-22.798387099999957,0 -47.66580349999998,-22.798465,0 -47.66587119999997,-22.79848789999994,0 -47.66580469999997,-22.798912299999927,0 -47.66589269999997,-22.79899219999993,0 -47.66606919999998,-22.799033399999928,0 -47.66677109999995,-22.798885799999937,0 -47.667267,-22.79895579999993,0 -47.667678,-22.79938379999993,0 -47.66840369999994,-22.79939539999998,0 -47.668930699999976,-22.79971919999997,0 -47.66939179999997,-22.799825599999963,0 -47.669794399999944,-22.799826199999927,0 -47.670221,-22.799665,0 -47.670759799999985,-22.79967279999994,0 -47.67142149999995,-22.799826,0 -47.67153719999993,-22.79985279999994,0 -47.67201869999997,-22.800084,0 -47.673123,-22.800983,0 -47.67315529999996,-22.801009299999976,0 -47.673171399999944,-22.801022399999965,0 -47.67449789999995,-22.802204399999937,0 -47.67519549999997,-22.802826,0 -47.675332899999944,-22.80310439999994,0 -47.67536259999997,-22.803164599999945,0 -47.67558049999997,-22.80360639999998,0 -47.676372199999946,-22.804335799999933,0 -47.676471499999934,-22.804427399999952,0 -47.676649399999974,-22.806501599999933,0 -47.67678549999994,-22.806970499999977,0 -47.676799899999935,-22.80702,0 -47.67704169999996,-22.80741889999996,0 -47.67791259999996,-22.808107899999982,0 -47.67848739999994,-22.808368799999982,0 -47.679206299999976,-22.80932869999998,0 -47.680954,-22.81049289999993,0 -47.681597599999975,-22.811137799999983,0 -47.682057199999974,-22.811598299999957,0 -47.68290549999995,-22.81282029999994,0 -47.68324489999998,-22.81330909999997,0 -47.68329649999998,-22.813383399999964,0 -47.684479099999976,-22.815810599999963,0 -47.684628,-22.81611609999993,0 -47.68476029999994,-22.81638769999995,0 -47.685893799999974,-22.81925629999995,0 -47.685823899999946,-22.819060899999954,0 -47.68707679999994,-22.818559599999958,0 -47.687202,-22.81850079999998,0 -47.68730539999996,-22.818408099999942,0 -47.68738689999998,-22.818280499999958,0 -47.687538,-22.818079799999964,0 -47.68803859999997,-22.81771569999995,0 -47.68807519999996,-22.817670299999975,0 -47.68809349999998,-22.81761,0 -47.68808269999994,-22.817507399999954,0 -47.688014,-22.81719659999993,0 -47.68802249999993,-22.81713439999993,0 -47.68806,-22.817029499999933,0 -47.688133799999946,-22.816947599999935,0 -47.688504,-22.816675699999962,0 -47.68893449999996,-22.816428,0 -47.68931249999997,-22.816156399999954,0 -47.68937869999996,-22.81602719999995,0 -47.68943829999995,-22.815870699999948,0 -47.689463099999955,-22.81574,0 -47.68948919999997,-22.815603599999974,0 -47.689478099999974,-22.815498899999966,0 -47.689431,-22.815375899999935,0 -47.689434,-22.815297399999963,0 -47.689457199999936,-22.81523089999996,0 -47.68952389999998,-22.81508759999997,0 -47.689697199999955,-22.815188199999966,0 -47.68984419999998,-22.81524109999998,0 -47.690269099999966,-22.815308399999935,0 -47.69058259999997,-22.81533419999994,0 -47.691004599999985,-22.81532489999995,0 -47.69140329999993,-22.815278,0 -47.69174119999997,-22.81519229999998,0 -47.69202229999996,-22.81510529999997,0 -47.69228209999994,-22.81497769999993,0 -47.69100049999997,-22.813411799999983,0 -47.69018239999997,-22.812056499999983,0 -47.69286529999994,-22.81115589999996,0 -47.69614459999997,-22.810064599999976,0 -47.69637249999994,-22.809972399999936,0 -47.69715619999994,-22.809424199999967,0 -47.69862909999995,-22.808911799999976,0 -47.70040779999994,-22.80828669999994,0 -47.701274799999965,-22.807974199999933,0 -47.70146379999994,-22.80776929999996,0 -47.70213639999997,-22.80657549999995,0 -47.70235439999993,-22.806294099999946,0 -47.70250269999997,-22.806023,0 -47.702619899999945,-22.805765899999983,0 -47.702890699999955,-22.80531869999993,0 -47.703269499999976,-22.80485529999993,0 -47.70335289999997,-22.804708699999935,0 -47.703413,-22.804517,0 -47.70321469999993,-22.804395299999953,0 -47.70297789999995,-22.80431559999994,0 -47.70284779999997,-22.804228499999965,0 -47.70282,-22.804057099999966,0 -47.70291139999995,-22.80347219999993,0 -47.702931199999966,-22.80326359999998,0 -47.702873299999965,-22.80300459999995,0 -47.70274869999997,-22.80275839999996,0 -47.70262479999997,-22.802616,0 -47.702192,-22.80237649999998,0 -47.701999899999976,-22.802294,0 -47.701807,-22.802257899999972,0 -47.70164429999994,-22.80225859999996,0 -47.70094769999997,-22.80236489999993,0 -47.70075609999998,-22.802362399999936,0 -47.700630099999955,-22.802299799999957,0 -47.70042969999997,-22.802152499999977,0 -47.70011309999995,-22.80179069999997,0 -47.69984269999998,-22.801454899999953,0 -47.698946099999944,-22.79980319999993,0 -47.69871249999994,-22.799404699999968,0 -47.69695059999998,-22.796591599999942,0 -47.69605339999998,-22.795195,0 -47.69466269999998,-22.794354399999975,0 -47.691377399999965,-22.792368499999952,0 -47.69088689999995,-22.792072,0</coordinates></LinearRing></outerBoundaryIs></Polygon></MultiGeometry>
</Placemark>
<Placemark>
<name>CECAP</name>
<ExtendedData>
<Data name="CD_BAIRRO"><value>3538709025</value></Data>
<Data name="NM_BAIRRO"><value>CECAP</value></Data>
<Data name="2000"><value>726.2210542352225</value></Data><Data name="2010"><value>2294.6759116589624</value></Data><Data name="2022"><value>2587.83</value></Data><Data name="delta 00 - 10"><value>2.159748534246872</value></Data><Data name="delta 10 - 22"><value>0.12775402698549201</value></Data>
</ExtendedData>
<Style>
<LineStyle><color>ff666666</color><width>1</width></LineStyle>
<PolyStyle><color>4dcccccc</color></PolyStyle>
</Style>
<MultiGeometry><Polygon><outerBoundaryIs><LinearRing><coordinates>-47.597500699999955,-22.776109799999972,0 -47.59897379999995,-22.775508699999932,0 -47.599581099999966,-22.77520409999994,0 -47.59980869999998,-22.775068199999964,0 -47.60019939999995,-22.774765299999956,0 -47.600280199999986,-22.774685099999942,0 -47.60038179999998,-22.774566899999968,0 -47.600510499999984,-22.774405599999966,0 -47.600536499999976,-22.774373,0 -47.60056049999997,-22.774337899999978,0 -47.60073309999996,-22.774084899999934,0 -47.60084589999997,-22.77393059999997,0 -47.601026599999955,-22.77367279999993,0 -47.60114779999998,-22.773485,0 -47.601184,-22.77341819999998,0 -47.601285,-22.773193,0 -47.60136339999997,-22.772961099999975,0 -47.60138519999998,-22.772873499999946,0 -47.60141109999995,-22.772739199999933,0 -47.60141729999998,-22.772675299999946,0 -47.60141949999996,-22.772515,0 -47.601410199999975,-22.77227369999997,0 -47.60137609999998,-22.772041499999943,0 -47.60136879999993,-22.772014199999944,0 -47.60135839999998,-22.77197529999995,0 -47.601347199999964,-22.771937099999946,0 -47.601311099999975,-22.77181369999994,0 -47.601296299999944,-22.77176989999998,0 -47.60124879999995,-22.771667299999933,0 -47.60118109999996,-22.77153919999995,0 -47.60114889999994,-22.771474599999976,0 -47.60110769999994,-22.771384299999966,0 -47.60105579999998,-22.771222199999954,0 -47.601043699999934,-22.77118409999997,0 -47.60103159999994,-22.771145399999966,0 -47.601025,-22.77112429999994,0 -47.60099029999998,-22.771066599999983,0 -47.600950299999965,-22.77102629999996,0 -47.60107039999997,-22.770888699999944,0 -47.60109629999994,-22.770859,0 -47.60112529999998,-22.770829099999958,0 -47.601207199999976,-22.770745,0 -47.60130049999998,-22.770669,0 -47.601408,-22.77059859999997,0 -47.60192029999996,-22.770313399999964,0 -47.60211839999994,-22.77021919999993,0 -47.60219979999994,-22.77019139999993,0 -47.602171699999985,-22.770164,0 -47.601864399999954,-22.769861499999934,0 -47.60182969999994,-22.76982759999993,0 -47.60172979999993,-22.76980029999993,0 -47.60125389999996,-22.76951779999996,0 -47.600755799999945,-22.769256499999983,0 -47.60072909999997,-22.769213,0 -47.600242099999946,-22.768928099999982,0 -47.599762099999964,-22.768626299999937,0 -47.59920239999997,-22.768321799999967,0 -47.59876589999993,-22.768077,0 -47.59863909999996,-22.768001199999958,0 -47.59835479999998,-22.767831299999955,0 -47.59807569999998,-22.767664499999967,0 -47.59760419999998,-22.767382699999928,0 -47.597528599999976,-22.76733409999997,0 -47.597439,-22.76727649999998,0 -47.596578499999964,-22.766739799999982,0 -47.59547889999993,-22.766175,0 -47.595443,-22.766156199999955,0 -47.59532379999996,-22.766094,0 -47.59528859999995,-22.766075599999965,0 -47.59526389999996,-22.76606279999993,0 -47.59522769999995,-22.766044299999976,0 -47.595131099999946,-22.765994599999942,0 -47.595094899999935,-22.765976,0 -47.59474919999997,-22.76742429999996,0 -47.594354399999986,-22.768837599999927,0 -47.59328829999998,-22.771474799999964,0 -47.592560799999944,-22.77299549999998,0 -47.591836099999966,-22.77431169999994,0 -47.59215359999996,-22.774237099999937,0 -47.592277499999966,-22.774155,0 -47.59242259999996,-22.774116799999945,0 -47.59246369999994,-22.77411929999994,0 -47.59277439999994,-22.774104299999976,0 -47.59278589999997,-22.77410079999993,0 -47.59282509999997,-22.77408879999996,0 -47.59285019999993,-22.774080199999958,0 -47.59286229999998,-22.77407409999995,0 -47.592961799999955,-22.77402449999994,0 -47.593253,-22.77390479999997,0 -47.593377499999974,-22.774115199999983,0 -47.59238849999997,-22.774622,0 -47.59232069999996,-22.774656899999968,0 -47.59228669999993,-22.77467439999998,0 -47.591953699999976,-22.775224,0 -47.591892,-22.775342799999976,0 -47.591844599999945,-22.77546669999998,0 -47.59179659999995,-22.775639299999966,0 -47.59178959999997,-22.775867699999935,0 -47.59180859999998,-22.776011899999958,0 -47.591850499999964,-22.77615519999995,0 -47.59191969999995,-22.77628459999994,0 -47.59200389999995,-22.776412,0 -47.59204439999996,-22.776459199999977,0 -47.59212439999993,-22.776552299999935,0 -47.59226549999994,-22.77667239999994,0 -47.592375699999934,-22.776751499999932,0 -47.59240879999993,-22.77677529999994,0 -47.59244549999994,-22.77679109999997,0 -47.59249909999994,-22.776814399999978,0 -47.592580099999964,-22.77684009999996,0 -47.59261879999997,-22.77685239999994,0 -47.592656699999964,-22.776863599999956,0 -47.59314049999995,-22.77700679999998,0 -47.593262799999934,-22.777035199999943,0 -47.59347319999995,-22.777075,0 -47.59374879999996,-22.77709679999998,0 -47.59399949999994,-22.77709109999995,0 -47.59436089999997,-22.77704259999996,0 -47.59513179999993,-22.77688059999997,0 -47.595568199999946,-22.776784299999974,0 -47.596094799999946,-22.776671499999964,0 -47.59614149999993,-22.776661399999966,0 -47.596167399999956,-22.776653,0 -47.596220399999936,-22.776635,0 -47.59645649999993,-22.776555,0 -47.597500699999955,-22.776109799999972,0</coordinates></LinearRing></outerBoundaryIs></Polygon></MultiGeometry>
</Placemark>
<Placemark>
<name>Itaperu</name>
<ExtendedData>
<Data name="CD_BAIRRO"><value>3538709500</value></Data>
<Data name="NM_BAIRRO"><value>Itaperu</value></Data>
<Data name="2000"><value></value></Data><Data name="2010"><value></value></Data><Data name="2022"><value>2482.63</value></Data><Data name="delta 00 - 10"><value></value></Data><Data name="delta 10 - 22"><value></value></Data>
</ExtendedData>
<Style>
<LineStyle><color>ff666666</color><width>1</width></LineStyle>
<PolyStyle><color>4dcccccc</color></PolyStyle>
</Style>
<MultiGeometry><Polygon><outerBoundaryIs><LinearRing><coordinates>-47.74318819999996,-22.67473179999996,0 -47.74296089999996,-22.675135,0 -47.74210889999995,-22.675607799999966,0 -47.74146189999993,-22.67609249999998,0 -47.74083409999997,-22.676441299999965,0 -47.740188699999976,-22.676931399999944,0 -47.73909809999998,-22.677819899999974,0 -47.738582099999974,-22.67822529999995,0 -47.73804269999994,-22.678588799999943,0 -47.73772879999996,-22.678802899999937,0 -47.73738529999997,-22.67909119999996,0 -47.73705979999994,-22.67943379999997,0 -47.736474,-22.679938599999957,0 -47.736307899999986,-22.680079099999944,0 -47.73596859999998,-22.680422499999963,0 -47.735940899999946,-22.680452699999933,0 -47.73560229999998,-22.680741299999966,0 -47.735572299999944,-22.680769599999962,0 -47.735639499999934,-22.680812899999978,0 -47.73573349999998,-22.680837699999927,0 -47.73584429999994,-22.680837699999927,0 -47.73593839999995,-22.68080669999995,0 -47.73636959999993,-22.68119869999998,0 -47.736702099999945,-22.681500899999946,0 -47.73729789999993,-22.682163,0 -47.737256799999955,-22.682177099999933,0 -47.736945,-22.68228419999997,0 -47.73627669999996,-22.682641299999943,0 -47.73583129999997,-22.68302719999997,0 -47.7358,-22.68305429999998,0 -47.73578659999998,-22.68309339999996,0 -47.735544199999936,-22.68379479999993,0 -47.735480199999984,-22.68384059999994,0 -47.73504989999998,-22.684234299999957,0 -47.73469279999995,-22.684811099999934,0 -47.73450969999993,-22.68565339999998,0 -47.73450969999993,-22.68670629999997,0 -47.734537099999955,-22.68771339999995,0 -47.734482199999945,-22.68791479999993,0 -47.734280799999965,-22.68826269999994,0 -47.733740599999976,-22.688656399999957,0 -47.733365299999946,-22.68892189999997,0 -47.732317799999976,-22.689372599999956,0 -47.733366399999966,-22.69044139999994,0 -47.733898599999975,-22.691389399999935,0 -47.73415,-22.692432,0 -47.734302,-22.693601,0 -47.73433269999998,-22.694933899999967,0 -47.73466069999995,-22.695909899999947,0 -47.73496179999995,-22.696834799999976,0 -47.73514149999994,-22.697804599999927,0 -47.73537,-22.69939,0 -47.735548,-22.700606,0 -47.73613679999994,-22.701447599999938,0 -47.73705079999996,-22.70212989999993,0 -47.73777689999997,-22.70262619999994,0 -47.73863709999995,-22.70323419999994,0 -47.73958019999998,-22.703902699999958,0 -47.740571,-22.704137199999934,0 -47.74199649999997,-22.70440149999996,0 -47.743353,-22.704487,0 -47.744354,-22.704279,0 -47.745176,-22.704169,0 -47.746333,-22.704054,0 -47.747181,-22.703979,0 -47.748466,-22.703814,0 -47.749468,-22.703677,0 -47.75049289999998,-22.70369519999997,0 -47.75124469999997,-22.70311879999997,0 -47.752723199999934,-22.702191699999958,0 -47.75397609999993,-22.701364699999942,0 -47.75472789999998,-22.700562799999943,0 -47.755304199999955,-22.699710799999934,0 -47.75563,-22.698934,0 -47.755880599999955,-22.697831399999927,0 -47.75613119999997,-22.697154799999964,0 -47.75635669999997,-22.69645319999995,0 -47.756482,-22.695801699999947,0 -47.756482,-22.695300499999973,0 -47.75643189999994,-22.69487449999997,0 -47.75630659999996,-22.69447359999998,0 -47.756030899999985,-22.693947299999934,0 -47.75555479999997,-22.69309529999998,0 -47.755204,-22.692443799999978,0 -47.754627599999935,-22.691742199999965,0 -47.754352,-22.69101539999997,0 -47.75422669999995,-22.69028869999994,0 -47.75420159999993,-22.689587099999983,0 -47.754126499999984,-22.688960599999973,0 -47.75407629999995,-22.68830909999997,0 -47.75397609999993,-22.687707699999976,0 -47.75365029999995,-22.687106299999982,0 -47.75337469999994,-22.68660509999995,0 -47.752923599999974,-22.686053799999968,0 -47.751971399999945,-22.685477499999934,0 -47.75066829999997,-22.68439989999996,0 -47.749816299999964,-22.683648199999936,0 -47.74921489999997,-22.68267089999995,0 -47.748864099999935,-22.68176879999993,0 -47.748788899999965,-22.680616099999952,0 -47.74916479999996,-22.679764099999943,0 -47.750292499999944,-22.678373299999976,0 -47.75068509999994,-22.67790549999995,0 -47.75087929999995,-22.677602899999954,0 -47.75090289999997,-22.677571299999954,0 -47.75092339999998,-22.677536,0 -47.75113609999994,-22.67721229999995,0 -47.751436799999965,-22.676752799999974,0 -47.75204659999997,-22.675892499999975,0 -47.752222,-22.675675299999966,0 -47.752389,-22.67549159999993,0 -47.75258119999995,-22.67528269999997,0 -47.75285679999996,-22.675115699999935,0 -47.75326609999996,-22.674923599999943,0 -47.75424019999997,-22.673398599999928,0 -47.754265499999974,-22.67335879999996,0 -47.75377849999995,-22.673356,0 -47.753049,-22.67341159999995,0 -47.752345299999945,-22.67349729999995,0 -47.750404499999945,-22.673757499999965,0 -47.74807279999993,-22.67407019999996,0 -47.744631,-22.674536299999943,0 -47.74347609999995,-22.674692799999946,0 -47.74318819999996,-22.67473179999996,0</coordinates></LinearRing></outerBoundaryIs></Polygon></MultiGeometry>
</Placemark>
<Placemark>
<name>Parque Residencial Piracicaba</name>
<ExtendedData>
<Data name="CD_BAIRRO"><value>3538709060</value></Data>
<Data name="NM_BAIRRO"><value>Parque Residencial Piracicaba</value></Data>
<Data name="2000"><value>681.2827889447236</value></Data><Data name="2010"><value>2026.499796001632</value></Data><Data name="2022"><value>2543.88</value></Data><Data name="delta 00 - 10"><value>1.9745354335761054</value></Data><Data name="delta 10 - 22"><value>0.25530730623273723</value></Data>
</ExtendedData>
<Style>
<LineStyle><color>ff666666</color><width>1</width></LineStyle>
<PolyStyle><color>4dcccccc</color></PolyStyle>
</Style>
<MultiGeometry><Polygon><outerBoundaryIs><LinearRing><coordinates>-47.69662439999996,-22.681202499999927,0 -47.696878,-22.681151399999976,0 -47.699685,-22.680588599999965,0 -47.70033549999994,-22.68048479999993,0 -47.70257239999995,-22.68015779999996,0 -47.70270029999995,-22.680080699999962,0 -47.70281989999995,-22.680006799999944,0 -47.70324369999997,-22.67986259999998,0 -47.70348549999994,-22.679802699999982,0 -47.70366689999997,-22.679786,0 -47.70386109999998,-22.679787399999952,0 -47.704270399999984,-22.679794699999945,0 -47.704323199999976,-22.679829199999972,0 -47.704412299999944,-22.67991049999995,0 -47.70499419999993,-22.679853799999933,0 -47.707173,-22.679545099999928,0 -47.708487,-22.679366899999934,0 -47.71195159999996,-22.678897199999938,0 -47.714283499999965,-22.678581,0 -47.71436279999995,-22.678570299999933,0 -47.72290049999998,-22.67741259999997,0 -47.72288819999994,-22.677389799999958,0 -47.72286679999996,-22.677353599999947,0 -47.72284459999997,-22.67731559999993,0 -47.72278149999994,-22.67651509999996,0 -47.722709099999975,-22.676153099999965,0 -47.722555899999975,-22.675961,0 -47.72264579999995,-22.675752699999975,0 -47.72255309999997,-22.675584399999934,0 -47.72236879999997,-22.675455399999976,0 -47.72222549999998,-22.67538069999995,0 -47.72192389999998,-22.675560099999927,0 -47.72176239999993,-22.675509899999952,0 -47.72158479999996,-22.675512,0 -47.72152569999997,-22.675512699999956,0 -47.72137259999994,-22.67557119999998,0 -47.72121579999998,-22.675559799999974,0 -47.721144,-22.675320399999976,0 -47.721064799999965,-22.675216699999964,0 -47.72102179999996,-22.675003199999935,0 -47.720982799999945,-22.674825,0 -47.72077679999995,-22.674616199999946,0 -47.720774,-22.67430429999996,0 -47.72071549999998,-22.67404259999995,0 -47.72072659999998,-22.673714099999927,0 -47.72064309999996,-22.673538699999938,0 -47.72053939999995,-22.673484599999938,0 -47.72051229999994,-22.67347039999993,0 -47.72032009999998,-22.673354899999936,0 -47.72025129999997,-22.673219099999983,0 -47.72021429999995,-22.67314609999994,0 -47.71998879999995,-22.673104299999977,0 -47.719885799999986,-22.673004099999957,0 -47.71961849999997,-22.672965099999942,0 -47.71940689999997,-22.67297069999995,0 -47.71909229999994,-22.673037499999964,0 -47.71881659999997,-22.673179499999947,0 -47.71851309999994,-22.67310989999993,0 -47.71831259999993,-22.673059799999976,0 -47.71813449999996,-22.672962299999938,0 -47.71799249999998,-22.672839799999963,0 -47.71770849999996,-22.672586399999943,0 -47.71746069999995,-22.67236369999995,0 -47.71727409999994,-22.672113099999933,0 -47.717159899999956,-22.671932099999935,0 -47.717004,-22.67177339999995,0 -47.71664479999998,-22.671409599999947,0 -47.71256969999996,-22.669304199999942,0 -47.71121249999993,-22.669278899999938,0 -47.711041,-22.669010799999967,0 -47.71094509999995,-22.66897849999998,0 -47.71102609999997,-22.668923099999972,0 -47.71126829999997,-22.668632599999967,0 -47.710547599999984,-22.668257799999935,0 -47.710429799999986,-22.668233099999952,0 -47.70955759999998,-22.66820819999998,0 -47.70937369999996,-22.668241299999977,0 -47.70891429999995,-22.668433599999958,0 -47.707069599999954,-22.669222899999966,0 -47.70715319999994,-22.66948689999998,0 -47.70682229999994,-22.66964189999993,0 -47.706926099999976,-22.670196199999964,0 -47.70687779999997,-22.67090129999997,0 -47.70698139999996,-22.671280399999944,0 -47.70716629999998,-22.672064599999942,0 -47.706812,-22.672514599999943,0 -47.706488,-22.673004099999957,0 -47.706323199999986,-22.673298,0 -47.70609879999995,-22.673383499999943,0 -47.705624099999966,-22.673544899999968,0 -47.705125099999975,-22.673669099999927,0 -47.704654199999936,-22.67377339999996,0 -47.70416,-22.67388559999995,0 -47.70404589999998,-22.67391189999995,0 -47.70300149999997,-22.674159499999973,0 -47.70239,-22.67432279999997,0 -47.701934,-22.674458899999934,0 -47.701880399999936,-22.674439099999972,0 -47.701808,-22.67442669999997,0 -47.701711399999965,-22.67444649999993,0 -47.701644399999964,-22.674481199999946,0 -47.70157,-22.674531299999956,0 -47.70150049999995,-22.67455719999998,0 -47.701449699999955,-22.67459089999994,0 -47.70142729999998,-22.674652799999933,0 -47.70143419999994,-22.674690099999964,0 -47.70134279999996,-22.674661,0 -47.701256899999976,-22.67463269999996,0 -47.70077459999993,-22.674464399999977,0 -47.70053519999993,-22.67447029999994,0 -47.69969359999993,-22.674640199999942,0 -47.69988959999995,-22.67505479999994,0 -47.699850899999944,-22.675065099999983,0 -47.699307199999964,-22.675210899999968,0 -47.699229499999944,-22.67523179999995,0 -47.69918439999998,-22.675224,0 -47.69886109999993,-22.675307699999962,0 -47.69874939999994,-22.675360499999954,0 -47.69865809999993,-22.67538509999997,0 -47.690938,-22.677709,0 -47.691049,-22.67781969999993,0 -47.69117539999996,-22.677965399999948,0 -47.691259,-22.678066299999955,0 -47.69130889999997,-22.678194599999983,0 -47.69131179999994,-22.67838089999998,0 -47.69129929999997,-22.678539299999954,0 -47.691301099999976,-22.67865,0 -47.69125459999998,-22.678771,0 -47.69117659999995,-22.678935799999977,0 -47.69104969999995,-22.679066099999943,0 -47.690962799999966,-22.679123499999946,0 -47.690833,-22.67912739999997,0 -47.690693,-22.679146599999967,0 -47.690619399999946,-22.679192599999965,0 -47.690567699999974,-22.679254699999944,0 -47.69046439999994,-22.67949049999993,0 -47.69044829999996,-22.67952729999996,0 -47.690197,-22.679444299999943,0 -47.68839429999997,-22.67889669999994,0 -47.68824669999998,-22.67889279999997,0 -47.68800219999997,-22.679001,0 -47.687961,-22.679019299999936,0 -47.68781679999995,-22.679178199999967,0 -47.687642299999936,-22.680267,0 -47.68752,-22.681049,0 -47.68722079999998,-22.68285629999997,0 -47.687194199999965,-22.682989199999952,0 -47.687188,-22.683037499999955,0 -47.687229499999944,-22.683028499999978,0 -47.68828169999995,-22.682802599999945,0 -47.68975909999995,-22.682557199999962,0 -47.69025789999995,-22.682472899999937,0 -47.69147979999997,-22.68223809999995,0 -47.69560859999996,-22.681407,0 -47.696468599999946,-22.681233799999973,0 -47.69662439999996,-22.681202499999927,0</coordinates></LinearRing></outerBoundaryIs></Polygon></MultiGeometry>
</Placemark>
<Placemark>
<name>Vale do Sol</name>
<ExtendedData>
<Data name="CD_BAIRRO"><value>3538709059</value></Data>
<Data name="NM_BAIRRO"><value>Vale do Sol</value></Data>
<Data name="2000"><value>693.4234972677596</value></Data><Data name="2010"><value>1869.2186379928316</value></Data><Data name="2022"><value>3064.16</value></Data><Data name="delta 00 - 10"><value>1.6956378682839022</value></Data><Data name="delta 10 - 22"><value>0.6392731902621607</value></Data>
</ExtendedData>
<Style>
<LineStyle><color>ff666666</color><width>1</width></LineStyle>
<PolyStyle><color>4dcccccc</color></PolyStyle>
</Style>
<MultiGeometry><Polygon><outerBoundaryIs><LinearRing><coordinates>-47.70033549999994,-22.68048479999993,0 -47.699685,-22.680588599999965,0 -47.696878,-22.681151399999976,0 -47.69662439999996,-22.681202499999927,0 -47.696468599999946,-22.681233799999973,0 -47.69560859999996,-22.681407,0 -47.69147979999997,-22.68223809999995,0 -47.69025789999995,-22.682472899999937,0 -47.68975909999995,-22.682557199999962,0 -47.68975859999995,-22.68257579999994,0 -47.68975729999994,-22.682616499999938,0 -47.689756099999954,-22.682657199999937,0 -47.68975469999998,-22.682703699999934,0 -47.68973369999998,-22.682839,0 -47.68969,-22.682938899999954,0 -47.689567899999986,-22.68304109999997,0 -47.68933119999997,-22.683198799999957,0 -47.68919089999997,-22.683303499999965,0 -47.68910479999994,-22.683474699999977,0 -47.68903009999997,-22.68367969999997,0 -47.688982099999976,-22.68382319999995,0 -47.68900339999993,-22.684131399999956,0 -47.68903039999998,-22.68429,0 -47.68908339999996,-22.684446299999934,0 -47.68919919999996,-22.68463319999995,0 -47.68944709999994,-22.684922099999937,0 -47.689590599999974,-22.685118299999942,0 -47.689675199999954,-22.68534379999994,0 -47.689724499999954,-22.685592399999962,0 -47.689696899999944,-22.685945499999946,0 -47.689657,-22.686335799999938,0 -47.68965389999994,-22.686673,0 -47.68974309999993,-22.687104099999942,0 -47.6898,-22.687403599999982,0 -47.68979369999994,-22.68758459999998,0 -47.689678399999934,-22.687787299999968,0 -47.68951219999997,-22.688044599999955,0 -47.68936359999998,-22.68824029999996,0 -47.68924039999996,-22.68840309999996,0 -47.68902819999994,-22.688654499999927,0 -47.68866749999995,-22.688984199999936,0 -47.68913269999996,-22.688895099999968,0 -47.690369299999986,-22.68880379999996,0 -47.69117249999994,-22.688892599999974,0 -47.691904,-22.688941099999965,0 -47.69299349999994,-22.688954699999954,0 -47.694371599999954,-22.68894169999993,0 -47.69512019999996,-22.688990199999978,0 -47.695804599999974,-22.68908609999994,0 -47.69653909999994,-22.689239699999973,0 -47.69746159999994,-22.689459,0 -47.69817909999995,-22.689577,0 -47.69885879999998,-22.68966919999997,0 -47.69956029999997,-22.689728599999967,0 -47.70076889999996,-22.689734899999962,0 -47.701571799999954,-22.689791699999944,0 -47.70227609999995,-22.689911799999948,0 -47.70277379999993,-22.69011439999997,0 -47.703085499999986,-22.690291099999968,0 -47.70334079999998,-22.690577899999937,0 -47.70361379999997,-22.690975799999933,0 -47.703885699999944,-22.691289799999936,0 -47.70431839999998,-22.691734699999927,0 -47.70675049999994,-22.69416519999993,0 -47.706909199999984,-22.694365699999935,0 -47.70715979999994,-22.694557799999927,0 -47.70734349999998,-22.694858499999953,0 -47.70751059999998,-22.69530119999996,0 -47.70764429999997,-22.695769,0 -47.707686,-22.696270199999958,0 -47.707719399999974,-22.696930099999975,0 -47.707686,-22.69773189999995,0 -47.70770269999997,-22.699018299999977,0 -47.70756069999993,-22.70054689999995,0 -47.707276699999966,-22.701574299999947,0 -47.70695929999994,-22.702309299999968,0 -47.706831199999954,-22.702671299999963,0 -47.70662239999996,-22.703406299999983,0 -47.70651379999998,-22.704032799999936,0 -47.70652219999994,-22.70485139999994,0 -47.70674769999994,-22.705728499999964,0 -47.70704839999996,-22.70634659999996,0 -47.70739089999995,-22.706780899999956,0 -47.707741699999985,-22.707098299999927,0 -47.70794989999996,-22.707274299999938,0 -47.708269,-22.70752509999994,0 -47.708635,-22.707674899999972,0 -47.70882249999994,-22.707700399999965,0 -47.708998099999974,-22.707724199999973,0 -47.709196099999986,-22.707751,0 -47.70947019999994,-22.707768099999953,0 -47.70993619999996,-22.707786599999963,0 -47.710316,-22.70775889999993,0 -47.71068169999995,-22.70752049999993,0 -47.711057,-22.707245599999965,0 -47.71127259999997,-22.70705389999995,0 -47.71144959999998,-22.706850799999927,0 -47.71185079999998,-22.70652689999997,0 -47.71203049999997,-22.706265599999938,0 -47.71231089999998,-22.705952199999956,0 -47.71237839999998,-22.705628799999943,0 -47.712417399999936,-22.70532609999998,0 -47.71239809999997,-22.70509519999996,0 -47.712378599999965,-22.70489379999998,0 -47.71231259999996,-22.704655099999968,0 -47.71222489999997,-22.704396299999928,0 -47.71208709999996,-22.704079699999966,0 -47.711629,-22.70336029999993,0 -47.711287,-22.70262329999997,0 -47.711132599999985,-22.70197059999998,0 -47.71134459999996,-22.70095649999996,0 -47.71168749999998,-22.70027179999994,0 -47.71211069999998,-22.69970159999997,0 -47.71260849999993,-22.699382799999967,0 -47.71346119999998,-22.69871509999996,0 -47.715261,-22.69750319999997,0 -47.716805499999964,-22.696775599999967,0 -47.717480199999954,-22.69625209999998,0 -47.71798639999997,-22.695798599999932,0 -47.718654199999946,-22.69508019999995,0 -47.719134699999984,-22.694227099999978,0 -47.719922199999985,-22.69319219999994,0 -47.72058759999993,-22.692166699999973,0 -47.72156839999997,-22.69087879999995,0 -47.72234579999997,-22.690281599999935,0 -47.72338579999996,-22.68974879999996,0 -47.724168599999985,-22.689457799999957,0 -47.72532979999994,-22.688878099999954,0 -47.72620539999997,-22.688382099999956,0 -47.72705419999994,-22.687968199999943,0 -47.72818119999994,-22.687781799999982,0 -47.72943449999997,-22.68782729999998,0 -47.73034859999996,-22.68822609999995,0 -47.73099789999998,-22.688398199999938,0 -47.730962799999986,-22.68797849999993,0 -47.73076229999998,-22.68766949999997,0 -47.73051179999993,-22.68734369999993,0 -47.730236099999956,-22.687059699999963,0 -47.73013589999994,-22.686909299999968,0 -47.73002729999996,-22.68676729999993,0 -47.730002199999944,-22.68658359999995,0 -47.72983489999996,-22.686318099999937,0 -47.72967049999994,-22.68613179999994,0 -47.72969409999996,-22.686099499999955,0 -47.72971579999995,-22.686065699999972,0 -47.72971979999994,-22.685901,0 -47.72971819999998,-22.68569259999998,0 -47.729762799999946,-22.68531669999993,0 -47.72980729999995,-22.685185899999965,0 -47.72978509999996,-22.68497979999995,0 -47.72962869999998,-22.684844,0 -47.72947879999998,-22.684701399999938,0 -47.72941469999995,-22.684526,0 -47.729412,-22.68438679999997,0 -47.72921979999995,-22.684289299999932,0 -47.72904159999996,-22.684172399999966,0 -47.72901619999993,-22.684100499999943,0 -47.72906029999996,-22.683970599999952,0 -47.72916969999994,-22.68386049999998,0 -47.72921709999997,-22.68360709999996,0 -47.72926719999998,-22.683328699999947,0 -47.72926439999998,-22.683156099999962,0 -47.72931449999993,-22.68297089999993,0 -47.72945089999996,-22.682709199999977,0 -47.72946209999998,-22.68250319999993,0 -47.729495499999985,-22.682305499999927,0 -47.729503799999975,-22.682038199999965,0 -47.72951779999994,-22.681584399999963,0 -47.729503799999975,-22.681333799999948,0 -47.72940639999996,-22.68116109999994,0 -47.729398,-22.681044199999974,0 -47.72932009999994,-22.680907799999943,0 -47.72908619999998,-22.68063209999997,0 -47.72897759999995,-22.680498499999942,0 -47.72890239999998,-22.68037869999995,0 -47.72880219999996,-22.680259,0 -47.728688,-22.680156,0 -47.728615599999955,-22.680083599999932,0 -47.728543299999956,-22.679988899999955,0 -47.72849039999994,-22.67992769999995,0 -47.72844859999998,-22.679874799999936,0 -47.728379,-22.679824699999983,0 -47.728317699999934,-22.679791299999977,0 -47.72815349999996,-22.679521199999954,0 -47.728044899999986,-22.679384699999957,0 -47.727966899999956,-22.67924549999998,0 -47.72786389999993,-22.67891979999996,0 -47.72776639999995,-22.678710899999942,0 -47.72767729999998,-22.678493799999956,0 -47.727471299999934,-22.67834339999996,0 -47.727259699999934,-22.678129,0 -47.72715939999995,-22.67797669999993,0 -47.72714829999995,-22.677903499999957,0 -47.726984,-22.677650099999937,0 -47.72652339999996,-22.677743299999975,0 -47.726388199999974,-22.677973899999927,0 -47.72616,-22.678011899999944,0 -47.725973899999985,-22.677939799999933,0 -47.725730899999974,-22.677818799999955,0 -47.72549289999995,-22.677769099999978,0 -47.72533189999996,-22.677857099999983,0 -47.725245,-22.67799729999996,0 -47.725198399999954,-22.67820279999995,0 -47.72512949999998,-22.67839179999993,0 -47.72495809999998,-22.678467799999964,0 -47.724703499999976,-22.67836649999998,0 -47.724328699999944,-22.678183499999932,0 -47.72402349999993,-22.678208199999972,0 -47.72373749999997,-22.678218799999968,0 -47.723488499999974,-22.678078,0 -47.723134,-22.677785099999937,0 -47.72296319999998,-22.677512,0 -47.72294,-22.677475499999957,0 -47.72291709999996,-22.67743809999996,0 -47.72290049999998,-22.67741259999997,0 -47.71436279999995,-22.678570299999933,0 -47.714283499999965,-22.678581,0 -47.71195159999996,-22.678897199999938,0 -47.708487,-22.679366899999934,0 -47.707173,-22.679545099999928,0 -47.70499419999993,-22.679853799999933,0 -47.704412299999944,-22.67991049999995,0 -47.704323199999976,-22.679829199999972,0 -47.704270399999984,-22.679794699999945,0 -47.70386109999998,-22.679787399999952,0 -47.70366689999997,-22.679786,0 -47.70348549999994,-22.679802699999982,0 -47.70324369999997,-22.67986259999998,0 -47.70281989999995,-22.680006799999944,0 -47.70270029999995,-22.680080699999962,0 -47.70257239999995,-22.68015779999996,0 -47.70033549999994,-22.68048479999993,0</coordinates></LinearRing></outerBoundaryIs></Polygon></MultiGeometry>
</Placemark>
<Placemark>
<name>Vila Industrial</name>
<ExtendedData>
<Data name="CD_BAIRRO"><value>3538709053</value></Data>
<Data name="NM_BAIRRO"><value>Vila Industrial</value></Data>
<Data name="2000"><value>845.5546092184369</value></Data><Data name="2010"><value>2432.941094941095</value></Data><Data name="2022"><value>2785.82</value></Data><Data name="delta 00 - 10"><value>1.8773317162683452</value></Data><Data name="delta 10 - 22"><value>0.14504210800362555</value></Data>
</ExtendedData>
<Style>
<LineStyle><color>ff666666</color><width>1</width></LineStyle>
<PolyStyle><color>4dcccccc</color></PolyStyle>
</Style>
<MultiGeometry><Polygon><outerBoundaryIs><LinearRing><coordinates>-47.66158569999993,-22.681472799999938,0 -47.661556099999984,-22.681502,0 -47.66145469999998,-22.681602099999964,0 -47.66142559999997,-22.681630799999937,0 -47.66113969999998,-22.68144559999996,0 -47.66111559999996,-22.681477599999937,0 -47.65921849999995,-22.68399439999996,0 -47.66073179999995,-22.68493559999996,0 -47.66076719999995,-22.68495759999996,0 -47.66019629999994,-22.685471399999983,0 -47.66003349999994,-22.685986299999968,0 -47.66000269999995,-22.686086299999943,0 -47.659694499999944,-22.687086499999964,0 -47.659757,-22.687083299999983,0 -47.659842,-22.68700649999994,0 -47.659924599999954,-22.686898199999973,0 -47.66002169999996,-22.686820299999965,0 -47.660247099999935,-22.686734299999955,0 -47.660368,-22.68668249999996,0 -47.660501099999976,-22.68668889999998,0 -47.66059179999996,-22.686759699999982,0 -47.66068249999995,-22.686848699999928,0 -47.660798099999965,-22.68697039999995,0 -47.66098379999994,-22.687045499999954,0 -47.66111189999998,-22.687068099999976,0 -47.66134569999997,-22.687101499999983,0 -47.66151619999994,-22.687111699999946,0 -47.661693499999956,-22.68714179999995,0 -47.66190249999994,-22.687231899999972,0 -47.66208839999996,-22.68730489999996,0 -47.66227279999998,-22.687328599999944,0 -47.66245969999994,-22.687287399999946,0 -47.66264249999995,-22.68722219999995,0 -47.66280659999995,-22.68712039999997,0 -47.66296449999993,-22.68700359999997,0 -47.66303179999994,-22.686890799999958,0 -47.66306849999995,-22.686765799999932,0 -47.66316009999997,-22.68667709999994,0 -47.663250699999935,-22.686631199999965,0 -47.66330629999993,-22.686639,0 -47.663530599999945,-22.686697799999934,0 -47.663661,-22.686736099999962,0 -47.663747599999965,-22.68682649999994,0 -47.66380959999998,-22.686905199999956,0 -47.66386629999994,-22.687063699999953,0 -47.66393519999997,-22.68727169999994,0 -47.663967,-22.687418,0 -47.66402969999996,-22.68756819999993,0 -47.66405839999993,-22.687721099999976,0 -47.664093299999934,-22.687890599999946,0 -47.66415569999998,-22.687996299999952,0 -47.66427619999996,-22.688100799999972,0 -47.664458199999956,-22.688234199999954,0 -47.66457939999998,-22.68835329999996,0 -47.66472339999996,-22.688422599999967,0 -47.664860199999964,-22.68845,0 -47.66499539999995,-22.688443399999983,0 -47.66506019999997,-22.688440199999945,0 -47.66513209999994,-22.688418799999965,0 -47.66694019999994,-22.687881299999958,0 -47.66809519999998,-22.68850109999994,0 -47.668170499999974,-22.68854149999993,0 -47.66818239999998,-22.688547899999946,0 -47.668195899999944,-22.688552899999934,0 -47.668237799999986,-22.68856809999994,0 -47.66827979999994,-22.68858339999997,0 -47.668487,-22.68865889999995,0 -47.668740799999966,-22.688746899999956,0 -47.668960899999945,-22.688778299999967,0 -47.66914189999994,-22.688819699999954,0 -47.66927649999997,-22.688913599999978,0 -47.669343899999944,-22.689001,0 -47.669395,-22.689143199999933,0 -47.66944119999994,-22.689335299999982,0 -47.66945179999993,-22.689554099999953,0 -47.66945169999997,-22.689758,0 -47.66942309999996,-22.689936699999976,0 -47.66939549999995,-22.690097599999945,0 -47.66931109999996,-22.690332099999978,0 -47.669284,-22.690484899999944,0 -47.669257699999946,-22.690706699999964,0 -47.669282899999985,-22.69091069999996,0 -47.669331099999965,-22.691135199999962,0 -47.66937089999993,-22.691338499999972,0 -47.669397699999934,-22.691443899999967,0 -47.66943839999993,-22.691515399999957,0 -47.669537599999956,-22.691587199999958,0 -47.66962459999996,-22.691662399999927,0 -47.669709799999964,-22.691714,0 -47.66982749999994,-22.69177259999998,0 -47.66992229999994,-22.69177819999993,0 -47.67000429999996,-22.691773099999978,0 -47.670127,-22.691747,0 -47.670286199999964,-22.691733299999953,0 -47.67047059999993,-22.69172889999993,0 -47.670717199999956,-22.69174449999997,0 -47.670921799999974,-22.691773299999966,0 -47.67110839999998,-22.691805,0 -47.67127209999995,-22.691814499999964,0 -47.67140749999993,-22.691820099999973,0 -47.67150379999998,-22.691834,0 -47.67163329999994,-22.691827299999943,0 -47.67172039999997,-22.69177689999998,0 -47.671789599999954,-22.691665499999942,0 -47.67187009999998,-22.691476399999942,0 -47.67192389999997,-22.691273899999942,0 -47.671953299999984,-22.691130699999974,0 -47.67194479999995,-22.69102829999997,0 -47.671915499999955,-22.690933799999982,0 -47.67186129999993,-22.690854399999978,0 -47.671731499999964,-22.69074089999998,0 -47.67169889999997,-22.69066879999997,0 -47.67173459999998,-22.69058659999996,0 -47.67182489999993,-22.690517899999975,0 -47.67198849999994,-22.69042429999996,0 -47.67220889999993,-22.690322599999945,0 -47.67235029999995,-22.690283799999975,0 -47.67252079999997,-22.69028839999993,0 -47.672644799999944,-22.690331499999957,0 -47.672720099999935,-22.69036049999994,0 -47.67281589999993,-22.69037929999996,0 -47.67294229999993,-22.69039369999996,0 -47.67303819999995,-22.690397599999983,0 -47.673126199999956,-22.690431399999966,0 -47.67316549999998,-22.69044649999995,0 -47.67320529999995,-22.690466499999957,0 -47.67323159999995,-22.69047969999997,0 -47.67327149999994,-22.690499699999975,0 -47.67331389999998,-22.69052249999993,0 -47.67338069999994,-22.69055819999994,0 -47.67348939999994,-22.690616499999976,0 -47.67364109999994,-22.690715099999977,0 -47.67376479999996,-22.690746399999966,0 -47.67388429999994,-22.69075259999994,0 -47.67399229999995,-22.690681299999937,0 -47.67409079999993,-22.69061709999994,0 -47.67417979999993,-22.690597699999955,0 -47.674269899999956,-22.690653599999962,0 -47.67439209999998,-22.69080159999993,0 -47.674441,-22.690845499999966,0 -47.67451479999994,-22.690882699999975,0 -47.67459069999995,-22.690862599999946,0 -47.67467,-22.69078929999995,0 -47.67474779999998,-22.690733199999954,0 -47.674868499999945,-22.690679099999954,0 -47.67501569999996,-22.69065379999995,0 -47.67517779999997,-22.690651899999978,0 -47.675286599999936,-22.690633599999956,0 -47.67542389999994,-22.69054239999997,0 -47.67555829999998,-22.690510099999983,0 -47.675672599999984,-22.690541199999927,0 -47.675892499999975,-22.69060539999998,0 -47.67629119999998,-22.690774,0 -47.676562,-22.689770799999962,0 -47.676657,-22.689319199999943,0 -47.676746099999946,-22.688954299999978,0 -47.67690719999996,-22.68860369999993,0 -47.677125399999966,-22.68825069999997,0 -47.67746069999998,-22.687818299999947,0 -47.677782399999955,-22.687503499999934,0 -47.678161099999954,-22.687261399999954,0 -47.67867009999998,-22.687114099999974,0 -47.67930329999996,-22.686976,0 -47.679443499999934,-22.686962,0 -47.67991329999995,-22.686915,0 -47.68039319999997,-22.686886,0 -47.681016399999976,-22.68695349999996,0 -47.68154979999997,-22.687098599999956,0 -47.68204859999997,-22.687301399999967,0 -47.68259509999996,-22.68766519999997,0 -47.68325649999997,-22.688120499999968,0 -47.683856799999944,-22.68847439999996,0 -47.684558299999935,-22.688850499999944,0 -47.685034299999984,-22.689046599999983,0 -47.68521109999995,-22.68911939999998,0 -47.68578059999993,-22.689279399999975,0 -47.686393899999985,-22.68935229999994,0 -47.68695629999996,-22.689338299999974,0 -47.68758509999998,-22.68922189999995,0 -47.68826709999996,-22.689069599999982,0 -47.68866749999995,-22.688984199999936,0 -47.68902819999994,-22.688654499999927,0 -47.68924039999996,-22.68840309999996,0 -47.68936359999998,-22.68824029999996,0 -47.68951219999997,-22.688044599999955,0 -47.689678399999934,-22.687787299999968,0 -47.68979369999994,-22.68758459999998,0 -47.6898,-22.687403599999982,0 -47.68974309999993,-22.687104099999942,0 -47.68965389999994,-22.686673,0 -47.689657,-22.686335799999938,0 -47.689696899999944,-22.685945499999946,0 -47.689724499999954,-22.685592399999962,0 -47.689675199999954,-22.68534379999994,0 -47.689590599999974,-22.685118299999942,0 -47.68944709999994,-22.684922099999937,0 -47.68919919999996,-22.68463319999995,0 -47.68908339999996,-22.684446299999934,0 -47.68903039999998,-22.68429,0 -47.68900339999993,-22.684131399999956,0 -47.688982099999976,-22.68382319999995,0 -47.68903009999997,-22.68367969999997,0 -47.68910479999994,-22.683474699999977,0 -47.68919089999997,-22.683303499999965,0 -47.68933119999997,-22.683198799999957,0 -47.689567899999986,-22.68304109999997,0 -47.68969,-22.682938899999954,0 -47.68973369999998,-22.682839,0 -47.68975469999998,-22.682703699999934,0 -47.689756099999954,-22.682657199999937,0 -47.68975729999994,-22.682616499999938,0 -47.68975859999995,-22.68257579999994,0 -47.68975909999995,-22.682557199999962,0 -47.68828169999995,-22.682802599999945,0 -47.687229499999944,-22.683028499999978,0 -47.687188,-22.683037499999955,0 -47.68714649999998,-22.683046499999932,0 -47.685464399999944,-22.683413899999948,0 -47.68480029999995,-22.683563899999967,0 -47.68473789999996,-22.68356339999997,0 -47.68447709999998,-22.683561,0 -47.68361129999994,-22.68358459999996,0 -47.68339439999994,-22.683606699999928,0 -47.68328619999994,-22.68362439999993,0 -47.68240679999997,-22.683799299999976,0 -47.682299099999966,-22.68382779999996,0 -47.68188319999996,-22.683968,0 -47.68092409999997,-22.68429119999996,0 -47.68055019999997,-22.68436779999996,0 -47.68018219999993,-22.684443199999976,0 -47.67836689999996,-22.68481459999998,0 -47.67682049999996,-22.685131,0 -47.67681389999996,-22.685091799999952,0 -47.67677239999995,-22.684847299999944,0 -47.67667579999994,-22.684558899999956,0 -47.67649239999997,-22.684153299999934,0 -47.67632589999994,-22.683845099999928,0 -47.67610479999996,-22.68344959999996,0 -47.675918199999956,-22.68315869999998,0 -47.675628899999936,-22.682799899999964,0 -47.675535099999934,-22.682628499999964,0 -47.67546209999995,-22.682329899999957,0 -47.675428099999976,-22.681884099999934,0 -47.67542219999996,-22.68153479999995,0 -47.67544209999994,-22.68130759999997,0 -47.675445699999955,-22.681266799999946,0 -47.67545169999994,-22.681225799999936,0 -47.675487799999985,-22.68098,0 -47.67557379999994,-22.680677699999933,0 -47.67560809999998,-22.68041519999997,0 -47.67558,-22.68005949999997,0 -47.675477099999966,-22.67952719999994,0 -47.675445699999955,-22.67942039999997,0 -47.675409799999954,-22.679286,0 -47.67539919999996,-22.679246399999954,0 -47.675389199999984,-22.679207899999938,0 -47.67531059999993,-22.678906599999948,0 -47.675238399999955,-22.678561899999977,0 -47.67516649999993,-22.67817729999996,0 -47.67513589999993,-22.67789449999998,0 -47.67514639999996,-22.677656,0 -47.67518639999997,-22.67745259999998,0 -47.67523969999996,-22.677297799999963,0 -47.675320399999976,-22.67718179999997,0 -47.675437,-22.67711449999996,0 -47.67564119999997,-22.67702989999998,0 -47.67600629999998,-22.676919599999962,0 -47.67638269999998,-22.67680489999998,0 -47.676825399999984,-22.676705699999957,0 -47.67724929999997,-22.676638499999967,0 -47.67784489999997,-22.676547,0 -47.67825129999994,-22.67647329999994,0 -47.67873049999997,-22.67633849999993,0 -47.67928479999995,-22.676167199999952,0 -47.679624599999954,-22.676049399999954,0 -47.68016079999995,-22.675797899999964,0 -47.680515,-22.675621099999944,0 -47.68070229999995,-22.67547049999996,0 -47.68081829999994,-22.67528459999994,0 -47.68088739999996,-22.67501989999994,0 -47.68092989999997,-22.674712299999953,0 -47.680957399999954,-22.674442299999953,0 -47.68089759999998,-22.67420839999994,0 -47.680703499999936,-22.673875,0 -47.68049139999994,-22.673511099999928,0 -47.68028579999998,-22.673131599999977,0 -47.680125199999964,-22.672798,0 -47.679988099999946,-22.672500499999956,0 -47.67986169999995,-22.672251,0 -47.67968369999994,-22.67202979999996,0 -47.679482,-22.67188859999993,0 -47.679205199999956,-22.67174669999997,0 -47.67889109999993,-22.671621699999946,0 -47.67854049999994,-22.67149829999994,0 -47.67814379999993,-22.67144879999995,0 -47.677603,-22.671454799999935,0 -47.67722809999998,-22.671487699999943,0 -47.676918599999965,-22.671556099999975,0 -47.67661789999994,-22.671677699999975,0 -47.67619549999995,-22.671889,0 -47.67587629999997,-22.67206669999996,0 -47.67561089999998,-22.672312099999942,0 -47.67539339999996,-22.672563,0 -47.675207599999965,-22.672861099999977,0 -47.67505429999994,-22.67316939999995,0 -47.67488139999995,-22.673592,0 -47.67459839999998,-22.674267199999974,0 -47.67443339999994,-22.674607,0 -47.674210899999935,-22.674995399999943,0 -47.673951399999964,-22.675359799999967,0 -47.673694299999966,-22.67575549999998,0 -47.673488099999986,-22.676085899999975,0 -47.67334269999998,-22.67627349999998,0 -47.67309759999995,-22.676543299999935,0 -47.672870899999964,-22.67683889999995,0 -47.67260179999994,-22.677297,0 -47.67238349999997,-22.677673699999957,0 -47.67219529999994,-22.67797509999997,0 -47.671925499999986,-22.67828529999997,0 -47.67156279999995,-22.678585599999963,0 -47.67132619999995,-22.67872559999995,0 -47.67116919999995,-22.67877219999997,0 -47.67104809999995,-22.67873979999996,0 -47.67088519999993,-22.678618399999948,0 -47.67057339999997,-22.678331699999944,0 -47.67029679999996,-22.678029,0 -47.66999229999993,-22.677662899999973,0 -47.66957629999996,-22.67719379999994,0 -47.669128599999965,-22.676712,0 -47.668821399999956,-22.67638409999995,0 -47.66864409999994,-22.676158699999974,0 -47.668433,-22.67590409999997,0 -47.66829339999998,-22.675739,0 -47.668167799999935,-22.675439799999936,0 -47.66806539999993,-22.675181099999975,0 -47.665450799999974,-22.67763789999998,0 -47.665419,-22.677669,0 -47.664937899999984,-22.678140499999927,0 -47.66490909999993,-22.67816879999998,0 -47.66488089999996,-22.678196699999944,0 -47.66301649999997,-22.680045199999938,0 -47.66298859999995,-22.68007369999998,0 -47.662967299999934,-22.680109899999934,0 -47.662945,-22.680148,0 -47.662890699999934,-22.68020139999993,0 -47.662860799999976,-22.68023089999997,0 -47.662833,-22.680258,0 -47.661615,-22.681444299999953,0 -47.66158569999993,-22.681472799999938,0</coordinates></LinearRing></outerBoundaryIs></Polygon></MultiGeometry>
</Placemark>
<Placemark>
<name>Santa Terezinha</name>
<ExtendedData>
<Data name="CD_BAIRRO"><value>3538709057</value></Data>
<Data name="NM_BAIRRO"><value>Santa Terezinha</value></Data>
<Data name="2000"><value>746.4324769433465</value></Data><Data name="2010"><value>2165.279795534033</value></Data><Data name="2022"><value>2647.64</value></Data><Data name="delta 00 - 10"><value>1.9008381366267582</value></Data><Data name="delta 10 - 22"><value>0.22277038074287311</value></Data>
</ExtendedData>
<Style>
<LineStyle><color>ff666666</color><width>1</width></LineStyle>
<PolyStyle><color>4dcccccc</color></PolyStyle>
</Style>
<MultiGeometry><Polygon><outerBoundaryIs><LinearRing><coordinates>-47.68328619999994,-22.68362439999993,0 -47.68339439999994,-22.683606699999928,0 -47.68361129999994,-22.68358459999996,0 -47.68447709999998,-22.683561,0 -47.68473789999996,-22.68356339999997,0 -47.68480029999995,-22.683563899999967,0 -47.685464399999944,-22.683413899999948,0 -47.68714649999998,-22.683046499999932,0 -47.687188,-22.683037499999955,0 -47.687194199999965,-22.682989199999952,0 -47.68722079999998,-22.68285629999997,0 -47.68752,-22.681049,0 -47.687642299999936,-22.680267,0 -47.68781679999995,-22.679178199999967,0 -47.68788639999997,-22.67871729999996,0 -47.68790279999996,-22.678534199999945,0 -47.687902099999974,-22.67836959999994,0 -47.68788669999998,-22.67796119999997,0 -47.68785059999993,-22.677347899999972,0 -47.68777319999998,-22.675891099999944,0 -47.687710599999946,-22.674775499999953,0 -47.687679799999955,-22.674232099999983,0 -47.687659,-22.673864099999946,0 -47.68763029999997,-22.673280499999976,0 -47.68757819999996,-22.672648299999935,0 -47.687531699999965,-22.672084299999938,0 -47.68753039999996,-22.671153199999935,0 -47.68752649999993,-22.67109879999998,0 -47.68741719999997,-22.669727299999977,0 -47.68739169999998,-22.669407099999944,0 -47.687303,-22.668029599999954,0 -47.68725969999997,-22.66731729999998,0 -47.687253699999985,-22.666097799999932,0 -47.68727439999998,-22.665790699999945,0 -47.68743479999995,-22.664661799999976,0 -47.68761069999994,-22.66403589999993,0 -47.687828399999944,-22.663255799999945,0 -47.68821319999995,-22.661899799999958,0 -47.68837579999996,-22.66140319999994,0 -47.68870139999996,-22.66028529999994,0 -47.68913439999994,-22.658802399999956,0 -47.689414699999986,-22.657842199999948,0 -47.68619439999998,-22.656914599999936,0 -47.68458,-22.656449599999974,0 -47.683966,-22.658999199999982,0 -47.67862459999998,-22.659202599999958,0 -47.678579199999945,-22.659204399999965,0 -47.678534,-22.65920639999996,0 -47.67793259999996,-22.659233599999936,0 -47.67783069999996,-22.659568399999955,0 -47.677761,-22.65991459999998,0 -47.67771389999996,-22.660272599999928,0 -47.67764079999995,-22.660676,0 -47.677534399999956,-22.66112389999995,0 -47.677453199999945,-22.66152589999996,0 -47.67739469999998,-22.661769899999967,0 -47.67728609999995,-22.662090599999942,0 -47.677134,-22.66240019999998,0 -47.67687629999995,-22.662762099999952,0 -47.67655119999995,-22.663234699999975,0 -47.67633029999996,-22.66361109999997,0 -47.67614669999995,-22.663996099999963,0 -47.67596329999998,-22.664382699999976,0 -47.67574689999998,-22.66473629999996,0 -47.67545389999998,-22.665058399999964,0 -47.67497979999996,-22.665571099999966,0 -47.67404009999996,-22.666524099999947,0 -47.67367129999997,-22.666880299999946,0 -47.67320559999996,-22.667357699999968,0 -47.67277309999997,-22.667825299999947,0 -47.672308,-22.668338799999958,0 -47.671923,-22.66882819999995,0 -47.671554399999934,-22.66921689999998,0 -47.67121869999994,-22.669510099999968,0 -47.670943499999964,-22.669774,0 -47.67030529999994,-22.67044549999997,0 -47.669961299999954,-22.670757899999955,0 -47.66966659999997,-22.67096049999998,0 -47.66934159999994,-22.671161299999937,0 -47.66890009999997,-22.67134159999995,0 -47.66868089999997,-22.67143649999997,0 -47.66848939999994,-22.671592699999962,0 -47.66827129999996,-22.671850499999948,0 -47.66808039999995,-22.67214389999998,0 -47.667999,-22.672391199999936,0 -47.66794439999995,-22.67274809999998,0 -47.66790339999994,-22.673137099999963,0 -47.66787069999998,-22.67374579999995,0 -47.667861,-22.674059799999952,0 -47.66788789999998,-22.674461099999974,0 -47.667927099999986,-22.67478929999993,0 -47.66797989999998,-22.674983899999972,0 -47.66806539999993,-22.675181099999975,0 -47.668167799999935,-22.675439799999936,0 -47.66829339999998,-22.675739,0 -47.668433,-22.67590409999997,0 -47.66864409999994,-22.676158699999974,0 -47.668821399999956,-22.67638409999995,0 -47.669128599999965,-22.676712,0 -47.66957629999996,-22.67719379999994,0 -47.66999229999993,-22.677662899999973,0 -47.67029679999996,-22.678029,0 -47.67057339999997,-22.678331699999944,0 -47.67088519999993,-22.678618399999948,0 -47.67104809999995,-22.67873979999996,0 -47.67116919999995,-22.67877219999997,0 -47.67132619999995,-22.67872559999995,0 -47.67156279999995,-22.678585599999963,0 -47.671925499999986,-22.67828529999997,0 -47.67219529999994,-22.67797509999997,0 -47.67238349999997,-22.677673699999957,0 -47.67260179999994,-22.677297,0 -47.672870899999964,-22.67683889999995,0 -47.67309759999995,-22.676543299999935,0 -47.67334269999998,-22.67627349999998,0 -47.673488099999986,-22.676085899999975,0 -47.673694299999966,-22.67575549999998,0 -47.673951399999964,-22.675359799999967,0 -47.674210899999935,-22.674995399999943,0 -47.67443339999994,-22.674607,0 -47.67459839999998,-22.674267199999974,0 -47.67488139999995,-22.673592,0 -47.67505429999994,-22.67316939999995,0 -47.675207599999965,-22.672861099999977,0 -47.67539339999996,-22.672563,0 -47.67561089999998,-22.672312099999942,0 -47.67587629999997,-22.67206669999996,0 -47.67619549999995,-22.671889,0 -47.67661789999994,-22.671677699999975,0 -47.676918599999965,-22.671556099999975,0 -47.67722809999998,-22.671487699999943,0 -47.677603,-22.671454799999935,0 -47.67814379999993,-22.67144879999995,0 -47.67854049999994,-22.67149829999994,0 -47.67889109999993,-22.671621699999946,0 -47.679205199999956,-22.67174669999997,0 -47.679482,-22.67188859999993,0 -47.67968369999994,-22.67202979999996,0 -47.67986169999995,-22.672251,0 -47.679988099999946,-22.672500499999956,0 -47.680125199999964,-22.672798,0 -47.68028579999998,-22.673131599999977,0 -47.68049139999994,-22.673511099999928,0 -47.680703499999936,-22.673875,0 -47.68089759999998,-22.67420839999994,0 -47.680957399999954,-22.674442299999953,0 -47.68092989999997,-22.674712299999953,0 -47.68088739999996,-22.67501989999994,0 -47.68081829999994,-22.67528459999994,0 -47.68070229999995,-22.67547049999996,0 -47.680515,-22.675621099999944,0 -47.68016079999995,-22.675797899999964,0 -47.679624599999954,-22.676049399999954,0 -47.67928479999995,-22.676167199999952,0 -47.67873049999997,-22.67633849999993,0 -47.67825129999994,-22.67647329999994,0 -47.67784489999997,-22.676547,0 -47.67724929999997,-22.676638499999967,0 -47.676825399999984,-22.676705699999957,0 -47.67638269999998,-22.67680489999998,0 -47.67600629999998,-22.676919599999962,0 -47.67564119999997,-22.67702989999998,0 -47.675437,-22.67711449999996,0 -47.675320399999976,-22.67718179999997,0 -47.67523969999996,-22.677297799999963,0 -47.67518639999997,-22.67745259999998,0 -47.67514639999996,-22.677656,0 -47.67513589999993,-22.67789449999998,0 -47.67516649999993,-22.67817729999996,0 -47.675238399999955,-22.678561899999977,0 -47.67531059999993,-22.678906599999948,0 -47.675389199999984,-22.679207899999938,0 -47.67539919999996,-22.679246399999954,0 -47.675409799999954,-22.679286,0 -47.675445699999955,-22.67942039999997,0 -47.675477099999966,-22.67952719999994,0 -47.67558,-22.68005949999997,0 -47.67560809999998,-22.68041519999997,0 -47.67557379999994,-22.680677699999933,0 -47.675487799999985,-22.68098,0 -47.67545169999994,-22.681225799999936,0 -47.675445699999955,-22.681266799999946,0 -47.67544209999994,-22.68130759999997,0 -47.67542219999996,-22.68153479999995,0 -47.675428099999976,-22.681884099999934,0 -47.67546209999995,-22.682329899999957,0 -47.675535099999934,-22.682628499999964,0 -47.675628899999936,-22.682799899999964,0 -47.675918199999956,-22.68315869999998,0 -47.67610479999996,-22.68344959999996,0 -47.67632589999994,-22.683845099999928,0 -47.67649239999997,-22.684153299999934,0 -47.67667579999994,-22.684558899999956,0 -47.67677239999995,-22.684847299999944,0 -47.67681389999996,-22.685091799999952,0 -47.67682049999996,-22.685131,0 -47.67836689999996,-22.68481459999998,0 -47.68018219999993,-22.684443199999976,0 -47.68055019999997,-22.68436779999996,0 -47.68092409999997,-22.68429119999996,0 -47.68188319999996,-22.683968,0 -47.682299099999966,-22.68382779999996,0 -47.68240679999997,-22.683799299999976,0 -47.68328619999994,-22.68362439999993,0</coordinates></LinearRing></outerBoundaryIs></Polygon></MultiGeometry>
</Placemark>
<Placemark>
<name>Vila Sônia</name>
<ExtendedData>
<Data name="CD_BAIRRO"><value>3538709058</value></Data>
<Data name="NM_BAIRRO"><value>Vila Sônia</value></Data>
<Data name="2000"><value>595.1832891748675</value></Data><Data name="2010"><value>1824.0303742542035</value></Data><Data name="2022"><value>2276.61</value></Data><Data name="delta 00 - 10"><value>2.064653204196893</value></Data><Data name="delta 10 - 22"><value>0.24812066297461968</value></Data>
</ExtendedData>
<Style>
<LineStyle><color>ff666666</color><width>1</width></LineStyle>
<PolyStyle><color>4dcccccc</color></PolyStyle>
</Style>
<MultiGeometry><Polygon><outerBoundaryIs><LinearRing><coordinates>-47.69969359999993,-22.674640199999942,0 -47.70053519999993,-22.67447029999994,0 -47.70077459999993,-22.674464399999977,0 -47.701256899999976,-22.67463269999996,0 -47.70134279999996,-22.674661,0 -47.70143419999994,-22.674690099999964,0 -47.70142729999998,-22.674652799999933,0 -47.701449699999955,-22.67459089999994,0 -47.70150049999995,-22.67455719999998,0 -47.70157,-22.674531299999956,0 -47.701644399999964,-22.674481199999946,0 -47.701711399999965,-22.67444649999993,0 -47.701808,-22.67442669999997,0 -47.701880399999936,-22.674439099999972,0 -47.701934,-22.674458899999934,0 -47.70239,-22.67432279999997,0 -47.70300149999997,-22.674159499999973,0 -47.70404589999998,-22.67391189999995,0 -47.70416,-22.67388559999995,0 -47.704654199999936,-22.67377339999996,0 -47.705125099999975,-22.673669099999927,0 -47.705624099999966,-22.673544899999968,0 -47.70609879999995,-22.673383499999943,0 -47.706323199999986,-22.673298,0 -47.706488,-22.673004099999957,0 -47.706812,-22.672514599999943,0 -47.70716629999998,-22.672064599999942,0 -47.70698139999996,-22.671280399999944,0 -47.70687779999997,-22.67090129999997,0 -47.706926099999976,-22.670196199999964,0 -47.70682229999994,-22.66964189999993,0 -47.70715319999994,-22.66948689999998,0 -47.707069599999954,-22.669222899999966,0 -47.70891429999995,-22.668433599999958,0 -47.70937369999996,-22.668241299999977,0 -47.70955759999998,-22.66820819999998,0 -47.710429799999986,-22.668233099999952,0 -47.710547599999984,-22.668257799999935,0 -47.71126829999997,-22.668632599999967,0 -47.71102609999997,-22.668923099999972,0 -47.71094509999995,-22.66897849999998,0 -47.711041,-22.669010799999967,0 -47.71121249999993,-22.669278899999938,0 -47.71256969999996,-22.669304199999942,0 -47.71664479999998,-22.671409599999947,0 -47.716746,-22.671314699999982,0 -47.716855399999986,-22.671140399999956,0 -47.71694689999998,-22.670855099999983,0 -47.716917499999965,-22.670636,0 -47.716875399999935,-22.670332799999983,0 -47.716961899999944,-22.670055899999966,0 -47.71712789999998,-22.669770599999936,0 -47.71698559999993,-22.669649899999968,0 -47.71675229999994,-22.669402499999933,0 -47.71657019999998,-22.669254699999954,0 -47.71632979999998,-22.66902479999993,0 -47.71619569999996,-22.668847,0 -47.71612449999998,-22.66865779999995,0 -47.716060599999935,-22.668230799999947,0 -47.716053399999964,-22.667885599999977,0 -47.716102199999966,-22.66747309999994,0 -47.71618549999994,-22.66721309999997,0 -47.716289,-22.667077399999982,0 -47.71660369999995,-22.666958699999952,0 -47.71688329999995,-22.66682179999998,0 -47.71703259999998,-22.66664069999996,0 -47.71708149999995,-22.666442399999937,0 -47.717075,-22.666198599999973,0 -47.717014,-22.66599519999994,0 -47.71713139999997,-22.66576569999995,0 -47.717278,-22.665629799999977,0 -47.717454799999985,-22.665400699999964,0 -47.71747949999997,-22.66517,0 -47.71742619999998,-22.66494789999996,0 -47.71731169999998,-22.664738299999954,0 -47.71728839999997,-22.664473,0 -47.717287699999986,-22.664164599999935,0 -47.717209099999934,-22.663834099999974,0 -47.71715439999997,-22.66362289999995,0 -47.71707509999993,-22.663496599999974,0 -47.71677779999993,-22.66326879999997,0 -47.716510899999946,-22.663019899999938,0 -47.71625749999998,-22.66283329999993,0 -47.716032,-22.662624499999936,0 -47.71595569999994,-22.66242829999993,0 -47.71589929999993,-22.66216869999994,0 -47.715839899999935,-22.66188109999996,0 -47.715864899999985,-22.661647199999948,0 -47.71588159999993,-22.661482899999953,0 -47.71587049999994,-22.661265699999944,0 -47.71583709999993,-22.661040199999945,0 -47.715820399999984,-22.66088149999996,0 -47.71577579999996,-22.660686599999963,0 -47.71569509999995,-22.660374799999943,0 -47.715628299999935,-22.66012139999998,0 -47.71553359999996,-22.65992369999998,0 -47.715503,-22.659728799999982,0 -47.715455599999984,-22.65955619999994,0 -47.715427799999986,-22.65938909999994,0 -47.715416699999935,-22.659202599999958,0 -47.715405499999974,-22.658954799999947,0 -47.714908,-22.659098099999937,0 -47.71463879999993,-22.659311699999932,0 -47.71472529999994,-22.659444,0 -47.71469259999998,-22.65946789999998,0 -47.71450579999998,-22.65960469999993,0 -47.71439419999996,-22.65971069999995,0 -47.714360099999965,-22.659720799999945,0 -47.71426749999995,-22.659797399999945,0 -47.714149299999974,-22.659884699999964,0 -47.713999299999955,-22.659995399999957,0 -47.713833199999954,-22.660117799999966,0 -47.71368309999997,-22.66022849999996,0 -47.713514299999986,-22.660380699999962,0 -47.71323929999994,-22.660586099999932,0 -47.71298009999998,-22.660825399999965,0 -47.71293769999994,-22.660813399999938,0 -47.71253759999996,-22.66070689999998,0 -47.712298299999986,-22.66061039999994,0 -47.711176,-22.66004229999993,0 -47.71098939999996,-22.659750499999973,0 -47.71027429999998,-22.66047489999994,0 -47.71026219999993,-22.66064549999993,0 -47.70610469999997,-22.65996219999994,0 -47.698236099999974,-22.652544,0 -47.69822809999994,-22.652504799999974,0 -47.69795379999994,-22.65256119999998,0 -47.697393199999965,-22.652650199999982,0 -47.695745099999954,-22.652908499999967,0 -47.694112099999984,-22.653754899999967,0 -47.69370169999996,-22.653975599999967,0 -47.693577,-22.65409159999996,0 -47.69342069999993,-22.654307399999936,0 -47.69324249999994,-22.65480739999998,0 -47.69311479999993,-22.655048799999975,0 -47.692985,-22.65521259999997,0 -47.69281959999995,-22.65536949999995,0 -47.69258009999993,-22.655503,0 -47.692160299999955,-22.655629199999964,0 -47.691548599999976,-22.65582489999997,0 -47.690708,-22.656222899999932,0 -47.69055519999995,-22.65629649999994,0 -47.69041039999996,-22.65642589999993,0 -47.69035629999996,-22.656484899999953,0 -47.690017599999976,-22.656821,0 -47.689705799999956,-22.657156399999963,0 -47.68955239999997,-22.65737059999998,0 -47.68954219999995,-22.657405599999947,0 -47.68950589999997,-22.65752969999994,0 -47.689414699999986,-22.657842199999948,0 -47.68913439999994,-22.658802399999956,0 -47.68870139999996,-22.66028529999994,0 -47.68837579999996,-22.66140319999994,0 -47.68821319999995,-22.661899799999958,0 -47.687828399999944,-22.663255799999945,0 -47.68761069999994,-22.66403589999993,0 -47.68743479999995,-22.664661799999976,0 -47.68727439999998,-22.665790699999945,0 -47.687253699999985,-22.666097799999932,0 -47.68725969999997,-22.66731729999998,0 -47.687303,-22.668029599999954,0 -47.68739169999998,-22.669407099999944,0 -47.68741719999997,-22.669727299999977,0 -47.68752649999993,-22.67109879999998,0 -47.68753039999996,-22.671153199999935,0 -47.687531699999965,-22.672084299999938,0 -47.68757819999996,-22.672648299999935,0 -47.68763029999997,-22.673280499999976,0 -47.687659,-22.673864099999946,0 -47.687679799999955,-22.674232099999983,0 -47.687710599999946,-22.674775499999953,0 -47.68777319999998,-22.675891099999944,0 -47.68785059999993,-22.677347899999972,0 -47.68788669999998,-22.67796119999997,0 -47.687902099999974,-22.67836959999994,0 -47.68790279999996,-22.678534199999945,0 -47.68788639999997,-22.67871729999996,0 -47.68781679999995,-22.679178199999967,0 -47.687961,-22.679019299999936,0 -47.68800219999997,-22.679001,0 -47.68824669999998,-22.67889279999997,0 -47.68839429999997,-22.67889669999994,0 -47.690197,-22.679444299999943,0 -47.69044829999996,-22.67952729999996,0 -47.69046439999994,-22.67949049999993,0 -47.690567699999974,-22.679254699999944,0 -47.690619399999946,-22.679192599999965,0 -47.690693,-22.679146599999967,0 -47.690833,-22.67912739999997,0 -47.690962799999966,-22.679123499999946,0 -47.69104969999995,-22.679066099999943,0 -47.69117659999995,-22.678935799999977,0 -47.69125459999998,-22.678771,0 -47.691301099999976,-22.67865,0 -47.69129929999997,-22.678539299999954,0 -47.69131179999994,-22.67838089999998,0 -47.69130889999997,-22.678194599999983,0 -47.691259,-22.678066299999955,0 -47.69117539999996,-22.677965399999948,0 -47.691049,-22.67781969999993,0 -47.690938,-22.677709,0 -47.69865809999993,-22.67538509999997,0 -47.69874939999994,-22.675360499999954,0 -47.69886109999993,-22.675307699999962,0 -47.69918439999998,-22.675224,0 -47.699229499999944,-22.67523179999995,0 -47.699307199999964,-22.675210899999968,0 -47.699850899999944,-22.675065099999983,0 -47.69988959999995,-22.67505479999994,0 -47.69969359999993,-22.674640199999942,0</coordinates></LinearRing></outerBoundaryIs></Polygon></MultiGeometry>
</Placemark>
</Document>
</kml>